course_id,tee_date,tee_time,snapshot_date,days_until_tee,price_18_holes,day_of_week,is_weekend,hour,weather_conditions,high_temp_f,precip_chance_pct
cherokee_run,2026-02-11,07:00,2026-02-11,0,47,Wednesday,False,7,Partly Cloudy,60.5,21
cherokee_run,2026-02-11,08:00,2026-02-11,0,50,Wednesday,False,8,Partly Cloudy,60.5,21
cherokee_run,2026-02-11,09:00,2026-02-11,0,48,Wednesday,False,9,Partly Cloudy,60.5,21
cherokee_run,2026-02-11,10:00,2026-02-11,0,45,Wednesday,False,10,Partly Cloudy,60.5,21
cherokee_run,2026-02-11,12:00,2026-02-11,0,41,Wednesday,False,12,Partly Cloudy,60.5,21
cherokee_run,2026-02-11,14:00,2026-02-11,0,41,Wednesday,False,14,Partly Cloudy,60.5,21
cherokee_run,2026-02-11,16:00,2026-02-11,0,33,Wednesday,False,16,Partly Cloudy,60.5,21
cherokee_run,2026-02-12,07:00,2026-02-11,1,48,Thursday,False,7,Partly Cloudy,65.9,16
cherokee_run,2026-02-12,07:00,2026-02-12,0,49,Thursday,False,7,Partly Cloudy,65.9,16
cherokee_run,2026-02-12,08:00,2026-02-11,1,48,Thursday,False,8,Partly Cloudy,65.9,16
cherokee_run,2026-02-12,08:00,2026-02-12,0,49,Thursday,False,8,Partly Cloudy,65.9,16
cherokee_run,2026-02-12,09:00,2026-02-11,1,49,Thursday,False,9,Partly Cloudy,65.9,16
cherokee_run,2026-02-12,09:00,2026-02-12,0,48,Thursday,False,9,Partly Cloudy,65.9,16
cherokee_run,2026-02-12,10:00,2026-02-11,1,46,Thursday,False,10,Partly Cloudy,65.9,16
cherokee_run,2026-02-12,10:00,2026-02-12,0,47,Thursday,False,10,Partly Cloudy,65.9,16
cherokee_run,2026-02-12,12:00,2026-02-11,1,40,Thursday,False,12,Partly Cloudy,65.9,16
cherokee_run,2026-02-12,12:00,2026-02-12,0,41,Thursday,False,12,Partly Cloudy,65.9,16
cherokee_run,2026-02-12,14:00,2026-02-11,1,38,Thursday,False,14,Partly Cloudy,65.9,16
cherokee_run,2026-02-12,14:00,2026-02-12,0,41,Thursday,False,14,Partly Cloudy,65.9,16
cherokee_run,2026-02-12,16:00,2026-02-11,1,32,Thursday,False,16,Partly Cloudy,65.9,16
cherokee_run,2026-02-12,16:00,2026-02-12,0,34,Thursday,False,16,Partly Cloudy,65.9,16
cherokee_run,2026-02-13,07:00,2026-02-11,2,46,Friday,False,7,Partly Cloudy,48.4,21
cherokee_run,2026-02-13,07:00,2026-02-12,1,49,Friday,False,7,Partly Cloudy,48.4,21
cherokee_run,2026-02-13,07:00,2026-02-13,0,52,Friday,False,7,Partly Cloudy,48.4,21
cherokee_run,2026-02-13,08:00,2026-02-11,2,49,Friday,False,8,Partly Cloudy,48.4,21
cherokee_run,2026-02-13,08:00,2026-02-12,1,50,Friday,False,8,Partly Cloudy,48.4,21
cherokee_run,2026-02-13,08:00,2026-02-13,0,50,Friday,False,8,Partly Cloudy,48.4,21
cherokee_run,2026-02-13,09:00,2026-02-11,2,47,Friday,False,9,Partly Cloudy,48.4,21
cherokee_run,2026-02-13,09:00,2026-02-12,1,49,Friday,False,9,Partly Cloudy,48.4,21
cherokee_run,2026-02-13,09:00,2026-02-13,0,51,Friday,False,9,Partly Cloudy,48.4,21
cherokee_run,2026-02-13,10:00,2026-02-11,2,45,Friday,False,10,Partly Cloudy,48.4,21
cherokee_run,2026-02-13,10:00,2026-02-12,1,46,Friday,False,10,Partly Cloudy,48.4,21
cherokee_run,2026-02-13,10:00,2026-02-13,0,48,Friday,False,10,Partly Cloudy,48.4,21
cherokee_run,2026-02-13,12:00,2026-02-11,2,44,Friday,False,12,Partly Cloudy,48.4,21
cherokee_run,2026-02-13,12:00,2026-02-12,1,41,Friday,False,12,Partly Cloudy,48.4,21
cherokee_run,2026-02-13,12:00,2026-02-13,0,40,Friday,False,12,Partly Cloudy,48.4,21
cherokee_run,2026-02-13,14:00,2026-02-11,2,39,Friday,False,14,Partly Cloudy,48.4,21
cherokee_run,2026-02-13,14:00,2026-02-12,1,42,Friday,False,14,Partly Cloudy,48.4,21
cherokee_run,2026-02-13,14:00,2026-02-13,0,45,Friday,False,14,Partly Cloudy,48.4,21
cherokee_run,2026-02-13,16:00,2026-02-11,2,33,Friday,False,16,Partly Cloudy,48.4,21
cherokee_run,2026-02-13,16:00,2026-02-12,1,33,Friday,False,16,Partly Cloudy,48.4,21
cherokee_run,2026-02-13,16:00,2026-02-13,0,35,Friday,False,16,Partly Cloudy,48.4,21
cherokee_run,2026-02-14,07:00,2026-02-11,3,59,Saturday,True,7,Overcast,65.3,44
cherokee_run,2026-02-14,07:00,2026-02-12,2,59,Saturday,True,7,Overcast,65.3,44
cherokee_run,2026-02-14,07:00,2026-02-13,1,64,Saturday,True,7,Overcast,65.3,44
cherokee_run,2026-02-14,07:00,2026-02-14,0,64,Saturday,True,7,Overcast,65.3,44
cherokee_run,2026-02-14,08:00,2026-02-11,3,61,Saturday,True,8,Overcast,65.3,44
cherokee_run,2026-02-14,08:00,2026-02-12,2,62,Saturday,True,8,Overcast,65.3,44
cherokee_run,2026-02-14,08:00,2026-02-13,1,63,Saturday,True,8,Overcast,65.3,44
cherokee_run,2026-02-14,08:00,2026-02-14,0,66,Saturday,True,8,Overcast,65.3,44
cherokee_run,2026-02-14,09:00,2026-02-11,3,61,Saturday,True,9,Overcast,65.3,44
cherokee_run,2026-02-14,09:00,2026-02-12,2,63,Saturday,True,9,Overcast,65.3,44
cherokee_run,2026-02-14,09:00,2026-02-13,1,63,Saturday,True,9,Overcast,65.3,44
cherokee_run,2026-02-14,09:00,2026-02-14,0,66,Saturday,True,9,Overcast,65.3,44
cherokee_run,2026-02-14,10:00,2026-02-11,3,55,Saturday,True,10,Overcast,65.3,44
cherokee_run,2026-02-14,10:00,2026-02-12,2,55,Saturday,True,10,Overcast,65.3,44
cherokee_run,2026-02-14,10:00,2026-02-13,1,55,Saturday,True,10,Overcast,65.3,44
cherokee_run,2026-02-14,10:00,2026-02-14,0,56,Saturday,True,10,Overcast,65.3,44
cherokee_run,2026-02-14,12:00,2026-02-11,3,48,Saturday,True,12,Overcast,65.3,44
cherokee_run,2026-02-14,12:00,2026-02-12,2,49,Saturday,True,12,Overcast,65.3,44
cherokee_run,2026-02-14,12:00,2026-02-13,1,50,Saturday,True,12,Overcast,65.3,44
cherokee_run,2026-02-14,12:00,2026-02-14,0,51,Saturday,True,12,Overcast,65.3,44
cherokee_run,2026-02-14,14:00,2026-02-11,3,46,Saturday,True,14,Overcast,65.3,44
cherokee_run,2026-02-14,14:00,2026-02-12,2,49,Saturday,True,14,Overcast,65.3,44
cherokee_run,2026-02-14,14:00,2026-02-13,1,49,Saturday,True,14,Overcast,65.3,44
cherokee_run,2026-02-14,14:00,2026-02-14,0,50,Saturday,True,14,Overcast,65.3,44
cherokee_run,2026-02-14,16:00,2026-02-11,3,40,Saturday,True,16,Overcast,65.3,44
cherokee_run,2026-02-14,16:00,2026-02-12,2,43,Saturday,True,16,Overcast,65.3,44
cherokee_run,2026-02-14,16:00,2026-02-13,1,42,Saturday,True,16,Overcast,65.3,44
cherokee_run,2026-02-14,16:00,2026-02-14,0,42,Saturday,True,16,Overcast,65.3,44
cherokee_run,2026-02-15,07:00,2026-02-12,3,67,Sunday,True,7,Sunny,59.9,14
cherokee_run,2026-02-15,07:00,2026-02-13,2,71,Sunday,True,7,Sunny,59.9,14
cherokee_run,2026-02-15,07:00,2026-02-14,1,65,Sunday,True,7,Sunny,59.9,14
cherokee_run,2026-02-15,07:00,2026-02-15,0,72,Sunday,True,7,Sunny,59.9,14
cherokee_run,2026-02-15,08:00,2026-02-12,3,66,Sunday,True,8,Sunny,59.9,14
cherokee_run,2026-02-15,08:00,2026-02-13,2,70,Sunday,True,8,Sunny,59.9,14
cherokee_run,2026-02-15,08:00,2026-02-14,1,69,Sunday,True,8,Sunny,59.9,14
cherokee_run,2026-02-15,08:00,2026-02-15,0,69,Sunday,True,8,Sunny,59.9,14
cherokee_run,2026-02-15,09:00,2026-02-12,3,68,Sunday,True,9,Sunny,59.9,14
cherokee_run,2026-02-15,09:00,2026-02-13,2,68,Sunday,True,9,Sunny,59.9,14
cherokee_run,2026-02-15,09:00,2026-02-14,1,67,Sunday,True,9,Sunny,59.9,14
cherokee_run,2026-02-15,09:00,2026-02-15,0,71,Sunday,True,9,Sunny,59.9,14
cherokee_run,2026-02-15,10:00,2026-02-12,3,60,Sunday,True,10,Sunny,59.9,14
cherokee_run,2026-02-15,10:00,2026-02-13,2,62,Sunday,True,10,Sunny,59.9,14
cherokee_run,2026-02-15,10:00,2026-02-14,1,62,Sunday,True,10,Sunny,59.9,14
cherokee_run,2026-02-15,10:00,2026-02-15,0,64,Sunday,True,10,Sunny,59.9,14
cherokee_run,2026-02-15,12:00,2026-02-12,3,50,Sunday,True,12,Sunny,59.9,14
cherokee_run,2026-02-15,12:00,2026-02-13,2,52,Sunday,True,12,Sunny,59.9,14
cherokee_run,2026-02-15,12:00,2026-02-14,1,51,Sunday,True,12,Sunny,59.9,14
cherokee_run,2026-02-15,12:00,2026-02-15,0,57,Sunday,True,12,Sunny,59.9,14
cherokee_run,2026-02-15,14:00,2026-02-12,3,50,Sunday,True,14,Sunny,59.9,14
cherokee_run,2026-02-15,14:00,2026-02-13,2,48,Sunday,True,14,Sunny,59.9,14
cherokee_run,2026-02-15,14:00,2026-02-14,1,54,Sunday,True,14,Sunny,59.9,14
cherokee_run,2026-02-15,14:00,2026-02-15,0,55,Sunday,True,14,Sunny,59.9,14
cherokee_run,2026-02-15,16:00,2026-02-12,3,40,Sunday,True,16,Sunny,59.9,14
cherokee_run,2026-02-15,16:00,2026-02-13,2,43,Sunday,True,16,Sunny,59.9,14
cherokee_run,2026-02-15,16:00,2026-02-14,1,43,Sunday,True,16,Sunny,59.9,14
cherokee_run,2026-02-15,16:00,2026-02-15,0,45,Sunday,True,16,Sunny,59.9,14
cherokee_run,2026-02-16,07:00,2026-02-11,5,39,Monday,False,7,Sunny,52.7,7
cherokee_run,2026-02-16,07:00,2026-02-13,3,39,Monday,False,7,Sunny,52.7,7
cherokee_run,2026-02-16,07:00,2026-02-14,2,41,Monday,False,7,Sunny,52.7,7
cherokee_run,2026-02-16,07:00,2026-02-15,1,42,Monday,False,7,Sunny,52.7,7
cherokee_run,2026-02-16,07:00,2026-02-16,0,43,Monday,False,7,Sunny,52.7,7
cherokee_run,2026-02-16,08:00,2026-02-11,5,37,Monday,False,8,Sunny,52.7,7
cherokee_run,2026-02-16,08:00,2026-02-13,3,38,Monday,False,8,Sunny,52.7,7
cherokee_run,2026-02-16,08:00,2026-02-14,2,41,Monday,False,8,Sunny,52.7,7
cherokee_run,2026-02-16,08:00,2026-02-15,1,40,Monday,False,8,Sunny,52.7,7
cherokee_run,2026-02-16,08:00,2026-02-16,0,44,Monday,False,8,Sunny,52.7,7
cherokee_run,2026-02-16,09:00,2026-02-11,5,38,Monday,False,9,Sunny,52.7,7
cherokee_run,2026-02-16,09:00,2026-02-13,3,38,Monday,False,9,Sunny,52.7,7
cherokee_run,2026-02-16,09:00,2026-02-14,2,40,Monday,False,9,Sunny,52.7,7
cherokee_run,2026-02-16,09:00,2026-02-15,1,42,Monday,False,9,Sunny,52.7,7
cherokee_run,2026-02-16,09:00,2026-02-16,0,41,Monday,False,9,Sunny,52.7,7
cherokee_run,2026-02-16,10:00,2026-02-11,5,37,Monday,False,10,Sunny,52.7,7
cherokee_run,2026-02-16,10:00,2026-02-13,3,36,Monday,False,10,Sunny,52.7,7
cherokee_run,2026-02-16,10:00,2026-02-14,2,39,Monday,False,10,Sunny,52.7,7
cherokee_run,2026-02-16,10:00,2026-02-15,1,38,Monday,False,10,Sunny,52.7,7
cherokee_run,2026-02-16,10:00,2026-02-16,0,40,Monday,False,10,Sunny,52.7,7
cherokee_run,2026-02-16,12:00,2026-02-11,5,31,Monday,False,12,Sunny,52.7,7
cherokee_run,2026-02-16,12:00,2026-02-13,3,34,Monday,False,12,Sunny,52.7,7
cherokee_run,2026-02-16,12:00,2026-02-14,2,34,Monday,False,12,Sunny,52.7,7
cherokee_run,2026-02-16,12:00,2026-02-15,1,34,Monday,False,12,Sunny,52.7,7
cherokee_run,2026-02-16,12:00,2026-02-16,0,35,Monday,False,12,Sunny,52.7,7
cherokee_run,2026-02-16,14:00,2026-02-11,5,33,Monday,False,14,Sunny,52.7,7
cherokee_run,2026-02-16,14:00,2026-02-13,3,33,Monday,False,14,Sunny,52.7,7
cherokee_run,2026-02-16,14:00,2026-02-14,2,35,Monday,False,14,Sunny,52.7,7
cherokee_run,2026-02-16,14:00,2026-02-15,1,33,Monday,False,14,Sunny,52.7,7
cherokee_run,2026-02-16,14:00,2026-02-16,0,35,Monday,False,14,Sunny,52.7,7
cherokee_run,2026-02-16,16:00,2026-02-11,5,27,Monday,False,16,Sunny,52.7,7
cherokee_run,2026-02-16,16:00,2026-02-13,3,26,Monday,False,16,Sunny,52.7,7
cherokee_run,2026-02-16,16:00,2026-02-14,2,28,Monday,False,16,Sunny,52.7,7
cherokee_run,2026-02-16,16:00,2026-02-15,1,27,Monday,False,16,Sunny,52.7,7
cherokee_run,2026-02-16,16:00,2026-02-16,0,28,Monday,False,16,Sunny,52.7,7
cherokee_run,2026-02-17,07:00,2026-02-12,5,46,Tuesday,False,7,Sunny,59.0,1
cherokee_run,2026-02-17,07:00,2026-02-14,3,45,Tuesday,False,7,Sunny,59.0,1
cherokee_run,2026-02-17,07:00,2026-02-15,2,48,Tuesday,False,7,Sunny,59.0,1
cherokee_run,2026-02-17,07:00,2026-02-16,1,48,Tuesday,False,7,Sunny,59.0,1
cherokee_run,2026-02-17,07:00,2026-02-17,0,48,Tuesday,False,7,Sunny,59.0,1
cherokee_run,2026-02-17,08:00,2026-02-12,5,43,Tuesday,False,8,Sunny,59.0,1
cherokee_run,2026-02-17,08:00,2026-02-14,3,44,Tuesday,False,8,Sunny,59.0,1
cherokee_run,2026-02-17,08:00,2026-02-15,2,47,Tuesday,False,8,Sunny,59.0,1
cherokee_run,2026-02-17,08:00,2026-02-16,1,49,Tuesday,False,8,Sunny,59.0,1
cherokee_run,2026-02-17,08:00,2026-02-17,0,47,Tuesday,False,8,Sunny,59.0,1
cherokee_run,2026-02-17,09:00,2026-02-12,5,43,Tuesday,False,9,Sunny,59.0,1
cherokee_run,2026-02-17,09:00,2026-02-14,3,44,Tuesday,False,9,Sunny,59.0,1
cherokee_run,2026-02-17,09:00,2026-02-15,2,48,Tuesday,False,9,Sunny,59.0,1
cherokee_run,2026-02-17,09:00,2026-02-16,1,49,Tuesday,False,9,Sunny,59.0,1
cherokee_run,2026-02-17,09:00,2026-02-17,0,49,Tuesday,False,9,Sunny,59.0,1
cherokee_run,2026-02-17,10:00,2026-02-12,5,42,Tuesday,False,10,Sunny,59.0,1
cherokee_run,2026-02-17,10:00,2026-02-14,3,43,Tuesday,False,10,Sunny,59.0,1
cherokee_run,2026-02-17,10:00,2026-02-15,2,45,Tuesday,False,10,Sunny,59.0,1
cherokee_run,2026-02-17,10:00,2026-02-16,1,45,Tuesday,False,10,Sunny,59.0,1
cherokee_run,2026-02-17,10:00,2026-02-17,0,46,Tuesday,False,10,Sunny,59.0,1
cherokee_run,2026-02-17,12:00,2026-02-12,5,37,Tuesday,False,12,Sunny,59.0,1
cherokee_run,2026-02-17,12:00,2026-02-14,3,38,Tuesday,False,12,Sunny,59.0,1
cherokee_run,2026-02-17,12:00,2026-02-15,2,38,Tuesday,False,12,Sunny,59.0,1
cherokee_run,2026-02-17,12:00,2026-02-16,1,39,Tuesday,False,12,Sunny,59.0,1
cherokee_run,2026-02-17,12:00,2026-02-17,0,41,Tuesday,False,12,Sunny,59.0,1
cherokee_run,2026-02-17,14:00,2026-02-12,5,37,Tuesday,False,14,Sunny,59.0,1
cherokee_run,2026-02-17,14:00,2026-02-14,3,37,Tuesday,False,14,Sunny,59.0,1
cherokee_run,2026-02-17,14:00,2026-02-15,2,39,Tuesday,False,14,Sunny,59.0,1
cherokee_run,2026-02-17,14:00,2026-02-16,1,39,Tuesday,False,14,Sunny,59.0,1
cherokee_run,2026-02-17,14:00,2026-02-17,0,39,Tuesday,False,14,Sunny,59.0,1
cherokee_run,2026-02-17,16:00,2026-02-12,5,31,Tuesday,False,16,Sunny,59.0,1
cherokee_run,2026-02-17,16:00,2026-02-14,3,30,Tuesday,False,16,Sunny,59.0,1
cherokee_run,2026-02-17,16:00,2026-02-15,2,32,Tuesday,False,16,Sunny,59.0,1
cherokee_run,2026-02-17,16:00,2026-02-16,1,32,Tuesday,False,16,Sunny,59.0,1
cherokee_run,2026-02-17,16:00,2026-02-17,0,34,Tuesday,False,16,Sunny,59.0,1
cherokee_run,2026-02-18,07:00,2026-02-11,7,42,Wednesday,False,7,Partly Cloudy,56.5,28
cherokee_run,2026-02-18,07:00,2026-02-13,5,43,Wednesday,False,7,Partly Cloudy,56.5,28
cherokee_run,2026-02-18,07:00,2026-02-15,3,45,Wednesday,False,7,Partly Cloudy,56.5,28
cherokee_run,2026-02-18,07:00,2026-02-16,2,49,Wednesday,False,7,Partly Cloudy,56.5,28
cherokee_run,2026-02-18,07:00,2026-02-17,1,47,Wednesday,False,7,Partly Cloudy,56.5,28
cherokee_run,2026-02-18,07:00,2026-02-18,0,47,Wednesday,False,7,Partly Cloudy,56.5,28
cherokee_run,2026-02-18,08:00,2026-02-11,7,43,Wednesday,False,8,Partly Cloudy,56.5,28
cherokee_run,2026-02-18,08:00,2026-02-13,5,42,Wednesday,False,8,Partly Cloudy,56.5,28
cherokee_run,2026-02-18,08:00,2026-02-15,3,44,Wednesday,False,8,Partly Cloudy,56.5,28
cherokee_run,2026-02-18,08:00,2026-02-16,2,49,Wednesday,False,8,Partly Cloudy,56.5,28
cherokee_run,2026-02-18,08:00,2026-02-17,1,47,Wednesday,False,8,Partly Cloudy,56.5,28
cherokee_run,2026-02-18,08:00,2026-02-18,0,48,Wednesday,False,8,Partly Cloudy,56.5,28
cherokee_run,2026-02-18,09:00,2026-02-11,7,42,Wednesday,False,9,Partly Cloudy,56.5,28
cherokee_run,2026-02-18,09:00,2026-02-13,5,43,Wednesday,False,9,Partly Cloudy,56.5,28
cherokee_run,2026-02-18,09:00,2026-02-15,3,45,Wednesday,False,9,Partly Cloudy,56.5,28
cherokee_run,2026-02-18,09:00,2026-02-16,2,47,Wednesday,False,9,Partly Cloudy,56.5,28
cherokee_run,2026-02-18,09:00,2026-02-17,1,46,Wednesday,False,9,Partly Cloudy,56.5,28
cherokee_run,2026-02-18,09:00,2026-02-18,0,45,Wednesday,False,9,Partly Cloudy,56.5,28
cherokee_run,2026-02-18,10:00,2026-02-11,7,40,Wednesday,False,10,Partly Cloudy,56.5,28
cherokee_run,2026-02-18,10:00,2026-02-13,5,43,Wednesday,False,10,Partly Cloudy,56.5,28
cherokee_run,2026-02-18,10:00,2026-02-15,3,42,Wednesday,False,10,Partly Cloudy,56.5,28
cherokee_run,2026-02-18,10:00,2026-02-16,2,43,Wednesday,False,10,Partly Cloudy,56.5,28
cherokee_run,2026-02-18,10:00,2026-02-17,1,45,Wednesday,False,10,Partly Cloudy,56.5,28
cherokee_run,2026-02-18,10:00,2026-02-18,0,47,Wednesday,False,10,Partly Cloudy,56.5,28
cherokee_run,2026-02-18,12:00,2026-02-11,7,36,Wednesday,False,12,Partly Cloudy,56.5,28
cherokee_run,2026-02-18,12:00,2026-02-13,5,38,Wednesday,False,12,Partly Cloudy,56.5,28
cherokee_run,2026-02-18,12:00,2026-02-15,3,38,Wednesday,False,12,Partly Cloudy,56.5,28
cherokee_run,2026-02-18,12:00,2026-02-16,2,40,Wednesday,False,12,Partly Cloudy,56.5,28
cherokee_run,2026-02-18,12:00,2026-02-17,1,38,Wednesday,False,12,Partly Cloudy,56.5,28
cherokee_run,2026-02-18,12:00,2026-02-18,0,40,Wednesday,False,12,Partly Cloudy,56.5,28
cherokee_run,2026-02-18,14:00,2026-02-11,7,35,Wednesday,False,14,Partly Cloudy,56.5,28
cherokee_run,2026-02-18,14:00,2026-02-13,5,36,Wednesday,False,14,Partly Cloudy,56.5,28
cherokee_run,2026-02-18,14:00,2026-02-15,3,37,Wednesday,False,14,Partly Cloudy,56.5,28
cherokee_run,2026-02-18,14:00,2026-02-16,2,39,Wednesday,False,14,Partly Cloudy,56.5,28
cherokee_run,2026-02-18,14:00,2026-02-17,1,38,Wednesday,False,14,Partly Cloudy,56.5,28
cherokee_run,2026-02-18,14:00,2026-02-18,0,41,Wednesday,False,14,Partly Cloudy,56.5,28
cherokee_run,2026-02-18,16:00,2026-02-11,7,28,Wednesday,False,16,Partly Cloudy,56.5,28
cherokee_run,2026-02-18,16:00,2026-02-13,5,29,Wednesday,False,16,Partly Cloudy,56.5,28
cherokee_run,2026-02-18,16:00,2026-02-15,3,31,Wednesday,False,16,Partly Cloudy,56.5,28
cherokee_run,2026-02-18,16:00,2026-02-16,2,31,Wednesday,False,16,Partly Cloudy,56.5,28
cherokee_run,2026-02-18,16:00,2026-02-17,1,30,Wednesday,False,16,Partly Cloudy,56.5,28
cherokee_run,2026-02-18,16:00,2026-02-18,0,32,Wednesday,False,16,Partly Cloudy,56.5,28
cherokee_run,2026-02-19,07:00,2026-02-12,7,44,Thursday,False,7,Sunny,59.6,1
cherokee_run,2026-02-19,07:00,2026-02-14,5,48,Thursday,False,7,Sunny,59.6,1
cherokee_run,2026-02-19,07:00,2026-02-16,3,47,Thursday,False,7,Sunny,59.6,1
cherokee_run,2026-02-19,07:00,2026-02-17,2,53,Thursday,False,7,Sunny,59.6,1
cherokee_run,2026-02-19,07:00,2026-02-18,1,51,Thursday,False,7,Sunny,59.6,1
cherokee_run,2026-02-19,07:00,2026-02-19,0,52,Thursday,False,7,Sunny,59.6,1
cherokee_run,2026-02-19,08:00,2026-02-12,7,44,Thursday,False,8,Sunny,59.6,1
cherokee_run,2026-02-19,08:00,2026-02-14,5,48,Thursday,False,8,Sunny,59.6,1
cherokee_run,2026-02-19,08:00,2026-02-16,3,48,Thursday,False,8,Sunny,59.6,1
cherokee_run,2026-02-19,08:00,2026-02-17,2,49,Thursday,False,8,Sunny,59.6,1
cherokee_run,2026-02-19,08:00,2026-02-18,1,51,Thursday,False,8,Sunny,59.6,1
cherokee_run,2026-02-19,08:00,2026-02-19,0,52,Thursday,False,8,Sunny,59.6,1
cherokee_run,2026-02-19,09:00,2026-02-12,7,46,Thursday,False,9,Sunny,59.6,1
cherokee_run,2026-02-19,09:00,2026-02-14,5,47,Thursday,False,9,Sunny,59.6,1
cherokee_run,2026-02-19,09:00,2026-02-16,3,48,Thursday,False,9,Sunny,59.6,1
cherokee_run,2026-02-19,09:00,2026-02-17,2,51,Thursday,False,9,Sunny,59.6,1
cherokee_run,2026-02-19,09:00,2026-02-18,1,51,Thursday,False,9,Sunny,59.6,1
cherokee_run,2026-02-19,09:00,2026-02-19,0,53,Thursday,False,9,Sunny,59.6,1
cherokee_run,2026-02-19,10:00,2026-02-12,7,43,Thursday,False,10,Sunny,59.6,1
cherokee_run,2026-02-19,10:00,2026-02-14,5,44,Thursday,False,10,Sunny,59.6,1
cherokee_run,2026-02-19,10:00,2026-02-16,3,45,Thursday,False,10,Sunny,59.6,1
cherokee_run,2026-02-19,10:00,2026-02-17,2,50,Thursday,False,10,Sunny,59.6,1
cherokee_run,2026-02-19,10:00,2026-02-18,1,50,Thursday,False,10,Sunny,59.6,1
cherokee_run,2026-02-19,10:00,2026-02-19,0,51,Thursday,False,10,Sunny,59.6,1
cherokee_run,2026-02-19,12:00,2026-02-12,7,40,Thursday,False,12,Sunny,59.6,1
cherokee_run,2026-02-19,12:00,2026-02-14,5,39,Thursday,False,12,Sunny,59.6,1
cherokee_run,2026-02-19,12:00,2026-02-16,3,41,Thursday,False,12,Sunny,59.6,1
cherokee_run,2026-02-19,12:00,2026-02-17,2,43,Thursday,False,12,Sunny,59.6,1
cherokee_run,2026-02-19,12:00,2026-02-18,1,43,Thursday,False,12,Sunny,59.6,1
cherokee_run,2026-02-19,12:00,2026-02-19,0,43,Thursday,False,12,Sunny,59.6,1
cherokee_run,2026-02-19,14:00,2026-02-12,7,39,Thursday,False,14,Sunny,59.6,1
cherokee_run,2026-02-19,14:00,2026-02-14,5,40,Thursday,False,14,Sunny,59.6,1
cherokee_run,2026-02-19,14:00,2026-02-16,3,41,Thursday,False,14,Sunny,59.6,1
cherokee_run,2026-02-19,14:00,2026-02-17,2,43,Thursday,False,14,Sunny,59.6,1
cherokee_run,2026-02-19,14:00,2026-02-18,1,43,Thursday,False,14,Sunny,59.6,1
cherokee_run,2026-02-19,14:00,2026-02-19,0,44,Thursday,False,14,Sunny,59.6,1
cherokee_run,2026-02-19,16:00,2026-02-12,7,32,Thursday,False,16,Sunny,59.6,1
cherokee_run,2026-02-19,16:00,2026-02-14,5,34,Thursday,False,16,Sunny,59.6,1
cherokee_run,2026-02-19,16:00,2026-02-16,3,32,Thursday,False,16,Sunny,59.6,1
cherokee_run,2026-02-19,16:00,2026-02-17,2,34,Thursday,False,16,Sunny,59.6,1
cherokee_run,2026-02-19,16:00,2026-02-18,1,35,Thursday,False,16,Sunny,59.6,1
cherokee_run,2026-02-19,16:00,2026-02-19,0,36,Thursday,False,16,Sunny,59.6,1
cherokee_run,2026-02-20,07:00,2026-02-13,7,45,Friday,False,7,Partly Cloudy,53.8,23
cherokee_run,2026-02-20,07:00,2026-02-15,5,46,Friday,False,7,Partly Cloudy,53.8,23
cherokee_run,2026-02-20,07:00,2026-02-17,3,47,Friday,False,7,Partly Cloudy,53.8,23
cherokee_run,2026-02-20,07:00,2026-02-18,2,48,Friday,False,7,Partly Cloudy,53.8,23
cherokee_run,2026-02-20,07:00,2026-02-19,1,50,Friday,False,7,Partly Cloudy,53.8,23
cherokee_run,2026-02-20,07:00,2026-02-20,0,50,Friday,False,7,Partly Cloudy,53.8,23
cherokee_run,2026-02-20,08:00,2026-02-13,7,44,Friday,False,8,Partly Cloudy,53.8,23
cherokee_run,2026-02-20,08:00,2026-02-15,5,46,Friday,False,8,Partly Cloudy,53.8,23
cherokee_run,2026-02-20,08:00,2026-02-17,3,47,Friday,False,8,Partly Cloudy,53.8,23
cherokee_run,2026-02-20,08:00,2026-02-18,2,49,Friday,False,8,Partly Cloudy,53.8,23
cherokee_run,2026-02-20,08:00,2026-02-19,1,51,Friday,False,8,Partly Cloudy,53.8,23
cherokee_run,2026-02-20,08:00,2026-02-20,0,52,Friday,False,8,Partly Cloudy,53.8,23
cherokee_run,2026-02-20,09:00,2026-02-13,7,45,Friday,False,9,Partly Cloudy,53.8,23
cherokee_run,2026-02-20,09:00,2026-02-15,5,49,Friday,False,9,Partly Cloudy,53.8,23
cherokee_run,2026-02-20,09:00,2026-02-17,3,46,Friday,False,9,Partly Cloudy,53.8,23
cherokee_run,2026-02-20,09:00,2026-02-18,2,48,Friday,False,9,Partly Cloudy,53.8,23
cherokee_run,2026-02-20,09:00,2026-02-19,1,50,Friday,False,9,Partly Cloudy,53.8,23
cherokee_run,2026-02-20,09:00,2026-02-20,0,50,Friday,False,9,Partly Cloudy,53.8,23
cherokee_run,2026-02-20,10:00,2026-02-13,7,42,Friday,False,10,Partly Cloudy,53.8,23
cherokee_run,2026-02-20,10:00,2026-02-15,5,42,Friday,False,10,Partly Cloudy,53.8,23
cherokee_run,2026-02-20,10:00,2026-02-17,3,45,Friday,False,10,Partly Cloudy,53.8,23
cherokee_run,2026-02-20,10:00,2026-02-18,2,45,Friday,False,10,Partly Cloudy,53.8,23
cherokee_run,2026-02-20,10:00,2026-02-19,1,47,Friday,False,10,Partly Cloudy,53.8,23
cherokee_run,2026-02-20,10:00,2026-02-20,0,48,Friday,False,10,Partly Cloudy,53.8,23
cherokee_run,2026-02-20,12:00,2026-02-13,7,37,Friday,False,12,Partly Cloudy,53.8,23
cherokee_run,2026-02-20,12:00,2026-02-15,5,37,Friday,False,12,Partly Cloudy,53.8,23
cherokee_run,2026-02-20,12:00,2026-02-17,3,37,Friday,False,12,Partly Cloudy,53.8,23
cherokee_run,2026-02-20,12:00,2026-02-18,2,40,Friday,False,12,Partly Cloudy,53.8,23
cherokee_run,2026-02-20,12:00,2026-02-19,1,42,Friday,False,12,Partly Cloudy,53.8,23
cherokee_run,2026-02-20,12:00,2026-02-20,0,43,Friday,False,12,Partly Cloudy,53.8,23
cherokee_run,2026-02-20,14:00,2026-02-13,7,37,Friday,False,14,Partly Cloudy,53.8,23
cherokee_run,2026-02-20,14:00,2026-02-15,5,37,Friday,False,14,Partly Cloudy,53.8,23
cherokee_run,2026-02-20,14:00,2026-02-17,3,39,Friday,False,14,Partly Cloudy,53.8,23
cherokee_run,2026-02-20,14:00,2026-02-18,2,39,Friday,False,14,Partly Cloudy,53.8,23
cherokee_run,2026-02-20,14:00,2026-02-19,1,39,Friday,False,14,Partly Cloudy,53.8,23
cherokee_run,2026-02-20,14:00,2026-02-20,0,42,Friday,False,14,Partly Cloudy,53.8,23
cherokee_run,2026-02-20,16:00,2026-02-13,7,30,Friday,False,16,Partly Cloudy,53.8,23
cherokee_run,2026-02-20,16:00,2026-02-15,5,32,Friday,False,16,Partly Cloudy,53.8,23
cherokee_run,2026-02-20,16:00,2026-02-17,3,32,Friday,False,16,Partly Cloudy,53.8,23
cherokee_run,2026-02-20,16:00,2026-02-18,2,35,Friday,False,16,Partly Cloudy,53.8,23
cherokee_run,2026-02-20,16:00,2026-02-19,1,33,Friday,False,16,Partly Cloudy,53.8,23
cherokee_run,2026-02-20,16:00,2026-02-20,0,35,Friday,False,16,Partly Cloudy,53.8,23
cherokee_run,2026-02-21,07:00,2026-02-11,10,49,Saturday,True,7,Overcast,52.0,60
cherokee_run,2026-02-21,07:00,2026-02-14,7,53,Saturday,True,7,Overcast,52.0,60
cherokee_run,2026-02-21,07:00,2026-02-16,5,52,Saturday,True,7,Overcast,52.0,60
cherokee_run,2026-02-21,07:00,2026-02-18,3,55,Saturday,True,7,Overcast,52.0,60
cherokee_run,2026-02-21,07:00,2026-02-19,2,55,Saturday,True,7,Overcast,52.0,60
cherokee_run,2026-02-21,07:00,2026-02-20,1,56,Saturday,True,7,Overcast,52.0,60
cherokee_run,2026-02-21,07:00,2026-02-21,0,58,Saturday,True,7,Overcast,52.0,60
cherokee_run,2026-02-21,08:00,2026-02-11,10,51,Saturday,True,8,Overcast,52.0,60
cherokee_run,2026-02-21,08:00,2026-02-14,7,48,Saturday,True,8,Overcast,52.0,60
cherokee_run,2026-02-21,08:00,2026-02-16,5,52,Saturday,True,8,Overcast,52.0,60
cherokee_run,2026-02-21,08:00,2026-02-18,3,53,Saturday,True,8,Overcast,52.0,60
cherokee_run,2026-02-21,08:00,2026-02-19,2,54,Saturday,True,8,Overcast,52.0,60
cherokee_run,2026-02-21,08:00,2026-02-20,1,56,Saturday,True,8,Overcast,52.0,60
cherokee_run,2026-02-21,08:00,2026-02-21,0,56,Saturday,True,8,Overcast,52.0,60
cherokee_run,2026-02-21,09:00,2026-02-11,10,47,Saturday,True,9,Overcast,52.0,60
cherokee_run,2026-02-21,09:00,2026-02-14,7,51,Saturday,True,9,Overcast,52.0,60
cherokee_run,2026-02-21,09:00,2026-02-16,5,52,Saturday,True,9,Overcast,52.0,60
cherokee_run,2026-02-21,09:00,2026-02-18,3,53,Saturday,True,9,Overcast,52.0,60
cherokee_run,2026-02-21,09:00,2026-02-19,2,57,Saturday,True,9,Overcast,52.0,60
cherokee_run,2026-02-21,09:00,2026-02-20,1,55,Saturday,True,9,Overcast,52.0,60
cherokee_run,2026-02-21,09:00,2026-02-21,0,61,Saturday,True,9,Overcast,52.0,60
cherokee_run,2026-02-21,10:00,2026-02-11,10,45,Saturday,True,10,Overcast,52.0,60
cherokee_run,2026-02-21,10:00,2026-02-14,7,48,Saturday,True,10,Overcast,52.0,60
cherokee_run,2026-02-21,10:00,2026-02-16,5,46,Saturday,True,10,Overcast,52.0,60
cherokee_run,2026-02-21,10:00,2026-02-18,3,48,Saturday,True,10,Overcast,52.0,60
cherokee_run,2026-02-21,10:00,2026-02-19,2,52,Saturday,True,10,Overcast,52.0,60
cherokee_run,2026-02-21,10:00,2026-02-20,1,51,Saturday,True,10,Overcast,52.0,60
cherokee_run,2026-02-21,10:00,2026-02-21,0,52,Saturday,True,10,Overcast,52.0,60
cherokee_run,2026-02-21,12:00,2026-02-11,10,37,Saturday,True,12,Overcast,52.0,60
cherokee_run,2026-02-21,12:00,2026-02-14,7,41,Saturday,True,12,Overcast,52.0,60
cherokee_run,2026-02-21,12:00,2026-02-16,5,42,Saturday,True,12,Overcast,52.0,60
cherokee_run,2026-02-21,12:00,2026-02-18,3,42,Saturday,True,12,Overcast,52.0,60
cherokee_run,2026-02-21,12:00,2026-02-19,2,44,Saturday,True,12,Overcast,52.0,60
cherokee_run,2026-02-21,12:00,2026-02-20,1,43,Saturday,True,12,Overcast,52.0,60
cherokee_run,2026-02-21,12:00,2026-02-21,0,45,Saturday,True,12,Overcast,52.0,60
cherokee_run,2026-02-21,14:00,2026-02-11,10,37,Saturday,True,14,Overcast,52.0,60
cherokee_run,2026-02-21,14:00,2026-02-14,7,39,Saturday,True,14,Overcast,52.0,60
cherokee_run,2026-02-21,14:00,2026-02-16,5,43,Saturday,True,14,Overcast,52.0,60
cherokee_run,2026-02-21,14:00,2026-02-18,3,40,Saturday,True,14,Overcast,52.0,60
cherokee_run,2026-02-21,14:00,2026-02-19,2,45,Saturday,True,14,Overcast,52.0,60
cherokee_run,2026-02-21,14:00,2026-02-20,1,46,Saturday,True,14,Overcast,52.0,60
cherokee_run,2026-02-21,14:00,2026-02-21,0,46,Saturday,True,14,Overcast,52.0,60
cherokee_run,2026-02-21,16:00,2026-02-11,10,33,Saturday,True,16,Overcast,52.0,60
cherokee_run,2026-02-21,16:00,2026-02-14,7,33,Saturday,True,16,Overcast,52.0,60
cherokee_run,2026-02-21,16:00,2026-02-16,5,34,Saturday,True,16,Overcast,52.0,60
cherokee_run,2026-02-21,16:00,2026-02-18,3,33,Saturday,True,16,Overcast,52.0,60
cherokee_run,2026-02-21,16:00,2026-02-19,2,37,Saturday,True,16,Overcast,52.0,60
cherokee_run,2026-02-21,16:00,2026-02-20,1,36,Saturday,True,16,Overcast,52.0,60
cherokee_run,2026-02-21,16:00,2026-02-21,0,37,Saturday,True,16,Overcast,52.0,60
cherokee_run,2026-02-22,07:00,2026-02-12,10,59,Sunday,True,7,Sunny,59.8,6
cherokee_run,2026-02-22,07:00,2026-02-15,7,61,Sunday,True,7,Sunny,59.8,6
cherokee_run,2026-02-22,07:00,2026-02-17,5,62,Sunday,True,7,Sunny,59.8,6
cherokee_run,2026-02-22,07:00,2026-02-19,3,67,Sunday,True,7,Sunny,59.8,6
cherokee_run,2026-02-22,07:00,2026-02-20,2,69,Sunday,True,7,Sunny,59.8,6
cherokee_run,2026-02-22,07:00,2026-02-21,1,69,Sunday,True,7,Sunny,59.8,6
cherokee_run,2026-02-22,07:00,2026-02-22,0,69,Sunday,True,7,Sunny,59.8,6
cherokee_run,2026-02-22,08:00,2026-02-12,10,60,Sunday,True,8,Sunny,59.8,6
cherokee_run,2026-02-22,08:00,2026-02-15,7,60,Sunday,True,8,Sunny,59.8,6
cherokee_run,2026-02-22,08:00,2026-02-17,5,64,Sunday,True,8,Sunny,59.8,6
cherokee_run,2026-02-22,08:00,2026-02-19,3,64,Sunday,True,8,Sunny,59.8,6
cherokee_run,2026-02-22,08:00,2026-02-20,2,66,Sunday,True,8,Sunny,59.8,6
cherokee_run,2026-02-22,08:00,2026-02-21,1,68,Sunday,True,8,Sunny,59.8,6
cherokee_run,2026-02-22,08:00,2026-02-22,0,69,Sunday,True,8,Sunny,59.8,6
cherokee_run,2026-02-22,09:00,2026-02-12,10,63,Sunday,True,9,Sunny,59.8,6
cherokee_run,2026-02-22,09:00,2026-02-15,7,62,Sunday,True,9,Sunny,59.8,6
cherokee_run,2026-02-22,09:00,2026-02-17,5,66,Sunday,True,9,Sunny,59.8,6
cherokee_run,2026-02-22,09:00,2026-02-19,3,66,Sunday,True,9,Sunny,59.8,6
cherokee_run,2026-02-22,09:00,2026-02-20,2,68,Sunday,True,9,Sunny,59.8,6
cherokee_run,2026-02-22,09:00,2026-02-21,1,67,Sunday,True,9,Sunny,59.8,6
cherokee_run,2026-02-22,09:00,2026-02-22,0,67,Sunday,True,9,Sunny,59.8,6
cherokee_run,2026-02-22,10:00,2026-02-12,10,53,Sunday,True,10,Sunny,59.8,6
cherokee_run,2026-02-22,10:00,2026-02-15,7,57,Sunday,True,10,Sunny,59.8,6
cherokee_run,2026-02-22,10:00,2026-02-17,5,57,Sunday,True,10,Sunny,59.8,6
cherokee_run,2026-02-22,10:00,2026-02-19,3,59,Sunday,True,10,Sunny,59.8,6
cherokee_run,2026-02-22,10:00,2026-02-20,2,59,Sunday,True,10,Sunny,59.8,6
cherokee_run,2026-02-22,10:00,2026-02-21,1,63,Sunday,True,10,Sunny,59.8,6
cherokee_run,2026-02-22,10:00,2026-02-22,0,65,Sunday,True,10,Sunny,59.8,6
cherokee_run,2026-02-22,12:00,2026-02-12,10,44,Sunday,True,12,Sunny,59.8,6
cherokee_run,2026-02-22,12:00,2026-02-15,7,48,Sunday,True,12,Sunny,59.8,6
cherokee_run,2026-02-22,12:00,2026-02-17,5,51,Sunday,True,12,Sunny,59.8,6
cherokee_run,2026-02-22,12:00,2026-02-19,3,53,Sunday,True,12,Sunny,59.8,6
cherokee_run,2026-02-22,12:00,2026-02-20,2,52,Sunday,True,12,Sunny,59.8,6
cherokee_run,2026-02-22,12:00,2026-02-21,1,54,Sunday,True,12,Sunny,59.8,6
cherokee_run,2026-02-22,12:00,2026-02-22,0,56,Sunday,True,12,Sunny,59.8,6
cherokee_run,2026-02-22,14:00,2026-02-12,10,47,Sunday,True,14,Sunny,59.8,6
cherokee_run,2026-02-22,14:00,2026-02-15,7,49,Sunday,True,14,Sunny,59.8,6
cherokee_run,2026-02-22,14:00,2026-02-17,5,49,Sunday,True,14,Sunny,59.8,6
cherokee_run,2026-02-22,14:00,2026-02-19,3,51,Sunday,True,14,Sunny,59.8,6
cherokee_run,2026-02-22,14:00,2026-02-20,2,52,Sunday,True,14,Sunny,59.8,6
cherokee_run,2026-02-22,14:00,2026-02-21,1,53,Sunday,True,14,Sunny,59.8,6
cherokee_run,2026-02-22,14:00,2026-02-22,0,55,Sunday,True,14,Sunny,59.8,6
cherokee_run,2026-02-22,16:00,2026-02-12,10,38,Sunday,True,16,Sunny,59.8,6
cherokee_run,2026-02-22,16:00,2026-02-15,7,40,Sunday,True,16,Sunny,59.8,6
cherokee_run,2026-02-22,16:00,2026-02-17,5,42,Sunday,True,16,Sunny,59.8,6
cherokee_run,2026-02-22,16:00,2026-02-19,3,44,Sunday,True,16,Sunny,59.8,6
cherokee_run,2026-02-22,16:00,2026-02-20,2,42,Sunday,True,16,Sunny,59.8,6
cherokee_run,2026-02-22,16:00,2026-02-21,1,46,Sunday,True,16,Sunny,59.8,6
cherokee_run,2026-02-22,16:00,2026-02-22,0,45,Sunday,True,16,Sunny,59.8,6
cherokee_run,2026-02-23,07:00,2026-02-13,10,36,Monday,False,7,Overcast,58.4,53
cherokee_run,2026-02-23,07:00,2026-02-16,7,37,Monday,False,7,Overcast,58.4,53
cherokee_run,2026-02-23,07:00,2026-02-18,5,39,Monday,False,7,Overcast,58.4,53
cherokee_run,2026-02-23,07:00,2026-02-20,3,37,Monday,False,7,Overcast,58.4,53
cherokee_run,2026-02-23,07:00,2026-02-21,2,40,Monday,False,7,Overcast,58.4,53
cherokee_run,2026-02-23,07:00,2026-02-22,1,40,Monday,False,7,Overcast,58.4,53
cherokee_run,2026-02-23,07:00,2026-02-23,0,41,Monday,False,7,Overcast,58.4,53
cherokee_run,2026-02-23,08:00,2026-02-13,10,36,Monday,False,8,Overcast,58.4,53
cherokee_run,2026-02-23,08:00,2026-02-16,7,36,Monday,False,8,Overcast,58.4,53
cherokee_run,2026-02-23,08:00,2026-02-18,5,36,Monday,False,8,Overcast,58.4,53
cherokee_run,2026-02-23,08:00,2026-02-20,3,38,Monday,False,8,Overcast,58.4,53
cherokee_run,2026-02-23,08:00,2026-02-21,2,39,Monday,False,8,Overcast,58.4,53
cherokee_run,2026-02-23,08:00,2026-02-22,1,40,Monday,False,8,Overcast,58.4,53
cherokee_run,2026-02-23,08:00,2026-02-23,0,42,Monday,False,8,Overcast,58.4,53
cherokee_run,2026-02-23,09:00,2026-02-13,10,35,Monday,False,9,Overcast,58.4,53
cherokee_run,2026-02-23,09:00,2026-02-16,7,36,Monday,False,9,Overcast,58.4,53
cherokee_run,2026-02-23,09:00,2026-02-18,5,37,Monday,False,9,Overcast,58.4,53
cherokee_run,2026-02-23,09:00,2026-02-20,3,38,Monday,False,9,Overcast,58.4,53
cherokee_run,2026-02-23,09:00,2026-02-21,2,41,Monday,False,9,Overcast,58.4,53
cherokee_run,2026-02-23,09:00,2026-02-22,1,41,Monday,False,9,Overcast,58.4,53
cherokee_run,2026-02-23,09:00,2026-02-23,0,44,Monday,False,9,Overcast,58.4,53
cherokee_run,2026-02-23,10:00,2026-02-13,10,34,Monday,False,10,Overcast,58.4,53
cherokee_run,2026-02-23,10:00,2026-02-16,7,35,Monday,False,10,Overcast,58.4,53
cherokee_run,2026-02-23,10:00,2026-02-18,5,34,Monday,False,10,Overcast,58.4,53
cherokee_run,2026-02-23,10:00,2026-02-20,3,36,Monday,False,10,Overcast,58.4,53
cherokee_run,2026-02-23,10:00,2026-02-21,2,38,Monday,False,10,Overcast,58.4,53
cherokee_run,2026-02-23,10:00,2026-02-22,1,37,Monday,False,10,Overcast,58.4,53
cherokee_run,2026-02-23,10:00,2026-02-23,0,39,Monday,False,10,Overcast,58.4,53
cherokee_run,2026-02-23,12:00,2026-02-13,10,29,Monday,False,12,Overcast,58.4,53
cherokee_run,2026-02-23,12:00,2026-02-16,7,30,Monday,False,12,Overcast,58.4,53
cherokee_run,2026-02-23,12:00,2026-02-18,5,33,Monday,False,12,Overcast,58.4,53
cherokee_run,2026-02-23,12:00,2026-02-20,3,32,Monday,False,12,Overcast,58.4,53
cherokee_run,2026-02-23,12:00,2026-02-21,2,35,Monday,False,12,Overcast,58.4,53
cherokee_run,2026-02-23,12:00,2026-02-22,1,35,Monday,False,12,Overcast,58.4,53
cherokee_run,2026-02-23,12:00,2026-02-23,0,34,Monday,False,12,Overcast,58.4,53
cherokee_run,2026-02-23,14:00,2026-02-13,10,29,Monday,False,14,Overcast,58.4,53
cherokee_run,2026-02-23,14:00,2026-02-16,7,30,Monday,False,14,Overcast,58.4,53
cherokee_run,2026-02-23,14:00,2026-02-18,5,31,Monday,False,14,Overcast,58.4,53
cherokee_run,2026-02-23,14:00,2026-02-20,3,31,Monday,False,14,Overcast,58.4,53
cherokee_run,2026-02-23,14:00,2026-02-21,2,33,Monday,False,14,Overcast,58.4,53
cherokee_run,2026-02-23,14:00,2026-02-22,1,34,Monday,False,14,Overcast,58.4,53
cherokee_run,2026-02-23,14:00,2026-02-23,0,35,Monday,False,14,Overcast,58.4,53
cherokee_run,2026-02-23,16:00,2026-02-13,10,24,Monday,False,16,Overcast,58.4,53
cherokee_run,2026-02-23,16:00,2026-02-16,7,25,Monday,False,16,Overcast,58.4,53
cherokee_run,2026-02-23,16:00,2026-02-18,5,26,Monday,False,16,Overcast,58.4,53
cherokee_run,2026-02-23,16:00,2026-02-20,3,26,Monday,False,16,Overcast,58.4,53
cherokee_run,2026-02-23,16:00,2026-02-21,2,28,Monday,False,16,Overcast,58.4,53
cherokee_run,2026-02-23,16:00,2026-02-22,1,26,Monday,False,16,Overcast,58.4,53
cherokee_run,2026-02-23,16:00,2026-02-23,0,29,Monday,False,16,Overcast,58.4,53
cherokee_run,2026-02-24,07:00,2026-02-14,10,39,Tuesday,False,7,Partly Cloudy,55.4,16
cherokee_run,2026-02-24,07:00,2026-02-17,7,40,Tuesday,False,7,Partly Cloudy,55.4,16
cherokee_run,2026-02-24,07:00,2026-02-19,5,41,Tuesday,False,7,Partly Cloudy,55.4,16
cherokee_run,2026-02-24,07:00,2026-02-21,3,43,Tuesday,False,7,Partly Cloudy,55.4,16
cherokee_run,2026-02-24,07:00,2026-02-22,2,46,Tuesday,False,7,Partly Cloudy,55.4,16
cherokee_run,2026-02-24,07:00,2026-02-23,1,43,Tuesday,False,7,Partly Cloudy,55.4,16
cherokee_run,2026-02-24,07:00,2026-02-24,0,47,Tuesday,False,7,Partly Cloudy,55.4,16
cherokee_run,2026-02-24,08:00,2026-02-14,10,39,Tuesday,False,8,Partly Cloudy,55.4,16
cherokee_run,2026-02-24,08:00,2026-02-17,7,41,Tuesday,False,8,Partly Cloudy,55.4,16
cherokee_run,2026-02-24,08:00,2026-02-19,5,40,Tuesday,False,8,Partly Cloudy,55.4,16
cherokee_run,2026-02-24,08:00,2026-02-21,3,45,Tuesday,False,8,Partly Cloudy,55.4,16
cherokee_run,2026-02-24,08:00,2026-02-22,2,44,Tuesday,False,8,Partly Cloudy,55.4,16
cherokee_run,2026-02-24,08:00,2026-02-23,1,46,Tuesday,False,8,Partly Cloudy,55.4,16
cherokee_run,2026-02-24,08:00,2026-02-24,0,46,Tuesday,False,8,Partly Cloudy,55.4,16
cherokee_run,2026-02-24,09:00,2026-02-14,10,38,Tuesday,False,9,Partly Cloudy,55.4,16
cherokee_run,2026-02-24,09:00,2026-02-17,7,41,Tuesday,False,9,Partly Cloudy,55.4,16
cherokee_run,2026-02-24,09:00,2026-02-19,5,43,Tuesday,False,9,Partly Cloudy,55.4,16
cherokee_run,2026-02-24,09:00,2026-02-21,3,41,Tuesday,False,9,Partly Cloudy,55.4,16
cherokee_run,2026-02-24,09:00,2026-02-22,2,45,Tuesday,False,9,Partly Cloudy,55.4,16
cherokee_run,2026-02-24,09:00,2026-02-23,1,45,Tuesday,False,9,Partly Cloudy,55.4,16
cherokee_run,2026-02-24,09:00,2026-02-24,0,46,Tuesday,False,9,Partly Cloudy,55.4,16
cherokee_run,2026-02-24,10:00,2026-02-14,10,37,Tuesday,False,10,Partly Cloudy,55.4,16
cherokee_run,2026-02-24,10:00,2026-02-17,7,38,Tuesday,False,10,Partly Cloudy,55.4,16
cherokee_run,2026-02-24,10:00,2026-02-19,5,38,Tuesday,False,10,Partly Cloudy,55.4,16
cherokee_run,2026-02-24,10:00,2026-02-21,3,41,Tuesday,False,10,Partly Cloudy,55.4,16
cherokee_run,2026-02-24,10:00,2026-02-22,2,43,Tuesday,False,10,Partly Cloudy,55.4,16
cherokee_run,2026-02-24,10:00,2026-02-23,1,43,Tuesday,False,10,Partly Cloudy,55.4,16
cherokee_run,2026-02-24,10:00,2026-02-24,0,44,Tuesday,False,10,Partly Cloudy,55.4,16
cherokee_run,2026-02-24,12:00,2026-02-14,10,33,Tuesday,False,12,Partly Cloudy,55.4,16
cherokee_run,2026-02-24,12:00,2026-02-17,7,35,Tuesday,False,12,Partly Cloudy,55.4,16
cherokee_run,2026-02-24,12:00,2026-02-19,5,33,Tuesday,False,12,Partly Cloudy,55.4,16
cherokee_run,2026-02-24,12:00,2026-02-21,3,33,Tuesday,False,12,Partly Cloudy,55.4,16
cherokee_run,2026-02-24,12:00,2026-02-22,2,39,Tuesday,False,12,Partly Cloudy,55.4,16
cherokee_run,2026-02-24,12:00,2026-02-23,1,36,Tuesday,False,12,Partly Cloudy,55.4,16
cherokee_run,2026-02-24,12:00,2026-02-24,0,37,Tuesday,False,12,Partly Cloudy,55.4,16
cherokee_run,2026-02-24,14:00,2026-02-14,10,32,Tuesday,False,14,Partly Cloudy,55.4,16
cherokee_run,2026-02-24,14:00,2026-02-17,7,32,Tuesday,False,14,Partly Cloudy,55.4,16
cherokee_run,2026-02-24,14:00,2026-02-19,5,34,Tuesday,False,14,Partly Cloudy,55.4,16
cherokee_run,2026-02-24,14:00,2026-02-21,3,35,Tuesday,False,14,Partly Cloudy,55.4,16
cherokee_run,2026-02-24,14:00,2026-02-22,2,37,Tuesday,False,14,Partly Cloudy,55.4,16
cherokee_run,2026-02-24,14:00,2026-02-23,1,38,Tuesday,False,14,Partly Cloudy,55.4,16
cherokee_run,2026-02-24,14:00,2026-02-24,0,38,Tuesday,False,14,Partly Cloudy,55.4,16
cherokee_run,2026-02-24,16:00,2026-02-14,10,26,Tuesday,False,16,Partly Cloudy,55.4,16
cherokee_run,2026-02-24,16:00,2026-02-17,7,28,Tuesday,False,16,Partly Cloudy,55.4,16
cherokee_run,2026-02-24,16:00,2026-02-19,5,29,Tuesday,False,16,Partly Cloudy,55.4,16
cherokee_run,2026-02-24,16:00,2026-02-21,3,30,Tuesday,False,16,Partly Cloudy,55.4,16
cherokee_run,2026-02-24,16:00,2026-02-22,2,30,Tuesday,False,16,Partly Cloudy,55.4,16
cherokee_run,2026-02-24,16:00,2026-02-23,1,32,Tuesday,False,16,Partly Cloudy,55.4,16
cherokee_run,2026-02-24,16:00,2026-02-24,0,32,Tuesday,False,16,Partly Cloudy,55.4,16
cherokee_run,2026-02-25,07:00,2026-02-11,14,38,Wednesday,False,7,Partly Cloudy,55.4,16
cherokee_run,2026-02-25,07:00,2026-02-15,10,39,Wednesday,False,7,Partly Cloudy,55.4,16
cherokee_run,2026-02-25,07:00,2026-02-18,7,41,Wednesday,False,7,Partly Cloudy,55.4,16
cherokee_run,2026-02-25,07:00,2026-02-20,5,45,Wednesday,False,7,Partly Cloudy,55.4,16
cherokee_run,2026-02-25,07:00,2026-02-22,3,44,Wednesday,False,7,Partly Cloudy,55.4,16
cherokee_run,2026-02-25,07:00,2026-02-23,2,44,Wednesday,False,7,Partly Cloudy,55.4,16
cherokee_run,2026-02-25,07:00,2026-02-24,1,46,Wednesday,False,7,Partly Cloudy,55.4,16
cherokee_run,2026-02-25,07:00,2026-02-25,0,45,Wednesday,False,7,Partly Cloudy,55.4,16
cherokee_run,2026-02-25,08:00,2026-02-11,14,38,Wednesday,False,8,Partly Cloudy,55.4,16
cherokee_run,2026-02-25,08:00,2026-02-15,10,40,Wednesday,False,8,Partly Cloudy,55.4,16
cherokee_run,2026-02-25,08:00,2026-02-18,7,42,Wednesday,False,8,Partly Cloudy,55.4,16
cherokee_run,2026-02-25,08:00,2026-02-20,5,44,Wednesday,False,8,Partly Cloudy,55.4,16
cherokee_run,2026-02-25,08:00,2026-02-22,3,45,Wednesday,False,8,Partly Cloudy,55.4,16
cherokee_run,2026-02-25,08:00,2026-02-23,2,45,Wednesday,False,8,Partly Cloudy,55.4,16
cherokee_run,2026-02-25,08:00,2026-02-24,1,46,Wednesday,False,8,Partly Cloudy,55.4,16
cherokee_run,2026-02-25,08:00,2026-02-25,0,48,Wednesday,False,8,Partly Cloudy,55.4,16
cherokee_run,2026-02-25,09:00,2026-02-11,14,39,Wednesday,False,9,Partly Cloudy,55.4,16
cherokee_run,2026-02-25,09:00,2026-02-15,10,40,Wednesday,False,9,Partly Cloudy,55.4,16
cherokee_run,2026-02-25,09:00,2026-02-18,7,40,Wednesday,False,9,Partly Cloudy,55.4,16
cherokee_run,2026-02-25,09:00,2026-02-20,5,42,Wednesday,False,9,Partly Cloudy,55.4,16
cherokee_run,2026-02-25,09:00,2026-02-22,3,44,Wednesday,False,9,Partly Cloudy,55.4,16
cherokee_run,2026-02-25,09:00,2026-02-23,2,43,Wednesday,False,9,Partly Cloudy,55.4,16
cherokee_run,2026-02-25,09:00,2026-02-24,1,47,Wednesday,False,9,Partly Cloudy,55.4,16
cherokee_run,2026-02-25,09:00,2026-02-25,0,46,Wednesday,False,9,Partly Cloudy,55.4,16
cherokee_run,2026-02-25,10:00,2026-02-11,14,38,Wednesday,False,10,Partly Cloudy,55.4,16
cherokee_run,2026-02-25,10:00,2026-02-15,10,39,Wednesday,False,10,Partly Cloudy,55.4,16
cherokee_run,2026-02-25,10:00,2026-02-18,7,39,Wednesday,False,10,Partly Cloudy,55.4,16
cherokee_run,2026-02-25,10:00,2026-02-20,5,42,Wednesday,False,10,Partly Cloudy,55.4,16
cherokee_run,2026-02-25,10:00,2026-02-22,3,43,Wednesday,False,10,Partly Cloudy,55.4,16
cherokee_run,2026-02-25,10:00,2026-02-23,2,44,Wednesday,False,10,Partly Cloudy,55.4,16
cherokee_run,2026-02-25,10:00,2026-02-24,1,44,Wednesday,False,10,Partly Cloudy,55.4,16
cherokee_run,2026-02-25,10:00,2026-02-25,0,47,Wednesday,False,10,Partly Cloudy,55.4,16
cherokee_run,2026-02-25,12:00,2026-02-11,14,33,Wednesday,False,12,Partly Cloudy,55.4,16
cherokee_run,2026-02-25,12:00,2026-02-15,10,35,Wednesday,False,12,Partly Cloudy,55.4,16
cherokee_run,2026-02-25,12:00,2026-02-18,7,33,Wednesday,False,12,Partly Cloudy,55.4,16
cherokee_run,2026-02-25,12:00,2026-02-20,5,36,Wednesday,False,12,Partly Cloudy,55.4,16
cherokee_run,2026-02-25,12:00,2026-02-22,3,36,Wednesday,False,12,Partly Cloudy,55.4,16
cherokee_run,2026-02-25,12:00,2026-02-23,2,39,Wednesday,False,12,Partly Cloudy,55.4,16
cherokee_run,2026-02-25,12:00,2026-02-24,1,40,Wednesday,False,12,Partly Cloudy,55.4,16
cherokee_run,2026-02-25,12:00,2026-02-25,0,42,Wednesday,False,12,Partly Cloudy,55.4,16
cherokee_run,2026-02-25,14:00,2026-02-11,14,32,Wednesday,False,14,Partly Cloudy,55.4,16
cherokee_run,2026-02-25,14:00,2026-02-15,10,34,Wednesday,False,14,Partly Cloudy,55.4,16
cherokee_run,2026-02-25,14:00,2026-02-18,7,35,Wednesday,False,14,Partly Cloudy,55.4,16
cherokee_run,2026-02-25,14:00,2026-02-20,5,35,Wednesday,False,14,Partly Cloudy,55.4,16
cherokee_run,2026-02-25,14:00,2026-02-22,3,38,Wednesday,False,14,Partly Cloudy,55.4,16
cherokee_run,2026-02-25,14:00,2026-02-23,2,39,Wednesday,False,14,Partly Cloudy,55.4,16
cherokee_run,2026-02-25,14:00,2026-02-24,1,39,Wednesday,False,14,Partly Cloudy,55.4,16
cherokee_run,2026-02-25,14:00,2026-02-25,0,41,Wednesday,False,14,Partly Cloudy,55.4,16
cherokee_run,2026-02-25,16:00,2026-02-11,14,27,Wednesday,False,16,Partly Cloudy,55.4,16
cherokee_run,2026-02-25,16:00,2026-02-15,10,27,Wednesday,False,16,Partly Cloudy,55.4,16
cherokee_run,2026-02-25,16:00,2026-02-18,7,29,Wednesday,False,16,Partly Cloudy,55.4,16
cherokee_run,2026-02-25,16:00,2026-02-20,5,29,Wednesday,False,16,Partly Cloudy,55.4,16
cherokee_run,2026-02-25,16:00,2026-02-22,3,30,Wednesday,False,16,Partly Cloudy,55.4,16
cherokee_run,2026-02-25,16:00,2026-02-23,2,33,Wednesday,False,16,Partly Cloudy,55.4,16
cherokee_run,2026-02-25,16:00,2026-02-24,1,31,Wednesday,False,16,Partly Cloudy,55.4,16
cherokee_run,2026-02-25,16:00,2026-02-25,0,31,Wednesday,False,16,Partly Cloudy,55.4,16
cherokee_run,2026-02-26,07:00,2026-02-12,14,38,Thursday,False,7,Sunny,54.5,2
cherokee_run,2026-02-26,07:00,2026-02-16,10,39,Thursday,False,7,Sunny,54.5,2
cherokee_run,2026-02-26,07:00,2026-02-19,7,41,Thursday,False,7,Sunny,54.5,2
cherokee_run,2026-02-26,07:00,2026-02-21,5,43,Thursday,False,7,Sunny,54.5,2
cherokee_run,2026-02-26,07:00,2026-02-23,3,41,Thursday,False,7,Sunny,54.5,2
cherokee_run,2026-02-26,07:00,2026-02-24,2,46,Thursday,False,7,Sunny,54.5,2
cherokee_run,2026-02-26,07:00,2026-02-25,1,44,Thursday,False,7,Sunny,54.5,2
cherokee_run,2026-02-26,07:00,2026-02-26,0,47,Thursday,False,7,Sunny,54.5,2
cherokee_run,2026-02-26,08:00,2026-02-12,14,38,Thursday,False,8,Sunny,54.5,2
cherokee_run,2026-02-26,08:00,2026-02-16,10,39,Thursday,False,8,Sunny,54.5,2
cherokee_run,2026-02-26,08:00,2026-02-19,7,43,Thursday,False,8,Sunny,54.5,2
cherokee_run,2026-02-26,08:00,2026-02-21,5,43,Thursday,False,8,Sunny,54.5,2
cherokee_run,2026-02-26,08:00,2026-02-23,3,45,Thursday,False,8,Sunny,54.5,2
cherokee_run,2026-02-26,08:00,2026-02-24,2,46,Thursday,False,8,Sunny,54.5,2
cherokee_run,2026-02-26,08:00,2026-02-25,1,46,Thursday,False,8,Sunny,54.5,2
cherokee_run,2026-02-26,08:00,2026-02-26,0,47,Thursday,False,8,Sunny,54.5,2
cherokee_run,2026-02-26,09:00,2026-02-12,14,39,Thursday,False,9,Sunny,54.5,2
cherokee_run,2026-02-26,09:00,2026-02-16,10,41,Thursday,False,9,Sunny,54.5,2
cherokee_run,2026-02-26,09:00,2026-02-19,7,42,Thursday,False,9,Sunny,54.5,2
cherokee_run,2026-02-26,09:00,2026-02-21,5,45,Thursday,False,9,Sunny,54.5,2
cherokee_run,2026-02-26,09:00,2026-02-23,3,45,Thursday,False,9,Sunny,54.5,2
cherokee_run,2026-02-26,09:00,2026-02-24,2,44,Thursday,False,9,Sunny,54.5,2
cherokee_run,2026-02-26,09:00,2026-02-25,1,45,Thursday,False,9,Sunny,54.5,2
cherokee_run,2026-02-26,09:00,2026-02-26,0,47,Thursday,False,9,Sunny,54.5,2
cherokee_run,2026-02-26,10:00,2026-02-12,14,37,Thursday,False,10,Sunny,54.5,2
cherokee_run,2026-02-26,10:00,2026-02-16,10,39,Thursday,False,10,Sunny,54.5,2
cherokee_run,2026-02-26,10:00,2026-02-19,7,40,Thursday,False,10,Sunny,54.5,2
cherokee_run,2026-02-26,10:00,2026-02-21,5,39,Thursday,False,10,Sunny,54.5,2
cherokee_run,2026-02-26,10:00,2026-02-23,3,43,Thursday,False,10,Sunny,54.5,2
cherokee_run,2026-02-26,10:00,2026-02-24,2,43,Thursday,False,10,Sunny,54.5,2
cherokee_run,2026-02-26,10:00,2026-02-25,1,43,Thursday,False,10,Sunny,54.5,2
cherokee_run,2026-02-26,10:00,2026-02-26,0,44,Thursday,False,10,Sunny,54.5,2
cherokee_run,2026-02-26,12:00,2026-02-12,14,33,Thursday,False,12,Sunny,54.5,2
cherokee_run,2026-02-26,12:00,2026-02-16,10,33,Thursday,False,12,Sunny,54.5,2
cherokee_run,2026-02-26,12:00,2026-02-19,7,34,Thursday,False,12,Sunny,54.5,2
cherokee_run,2026-02-26,12:00,2026-02-21,5,35,Thursday,False,12,Sunny,54.5,2
cherokee_run,2026-02-26,12:00,2026-02-23,3,35,Thursday,False,12,Sunny,54.5,2
cherokee_run,2026-02-26,12:00,2026-02-24,2,37,Thursday,False,12,Sunny,54.5,2
cherokee_run,2026-02-26,12:00,2026-02-25,1,37,Thursday,False,12,Sunny,54.5,2
cherokee_run,2026-02-26,12:00,2026-02-26,0,39,Thursday,False,12,Sunny,54.5,2
cherokee_run,2026-02-26,14:00,2026-02-12,14,33,Thursday,False,14,Sunny,54.5,2
cherokee_run,2026-02-26,14:00,2026-02-16,10,34,Thursday,False,14,Sunny,54.5,2
cherokee_run,2026-02-26,14:00,2026-02-19,7,36,Thursday,False,14,Sunny,54.5,2
cherokee_run,2026-02-26,14:00,2026-02-21,5,37,Thursday,False,14,Sunny,54.5,2
cherokee_run,2026-02-26,14:00,2026-02-23,3,36,Thursday,False,14,Sunny,54.5,2
cherokee_run,2026-02-26,14:00,2026-02-24,2,38,Thursday,False,14,Sunny,54.5,2
cherokee_run,2026-02-26,14:00,2026-02-25,1,38,Thursday,False,14,Sunny,54.5,2
cherokee_run,2026-02-26,14:00,2026-02-26,0,37,Thursday,False,14,Sunny,54.5,2
cherokee_run,2026-02-26,16:00,2026-02-12,14,25,Thursday,False,16,Sunny,54.5,2
cherokee_run,2026-02-26,16:00,2026-02-16,10,27,Thursday,False,16,Sunny,54.5,2
cherokee_run,2026-02-26,16:00,2026-02-19,7,28,Thursday,False,16,Sunny,54.5,2
cherokee_run,2026-02-26,16:00,2026-02-21,5,30,Thursday,False,16,Sunny,54.5,2
cherokee_run,2026-02-26,16:00,2026-02-23,3,30,Thursday,False,16,Sunny,54.5,2
cherokee_run,2026-02-26,16:00,2026-02-24,2,30,Thursday,False,16,Sunny,54.5,2
cherokee_run,2026-02-26,16:00,2026-02-25,1,32,Thursday,False,16,Sunny,54.5,2
cherokee_run,2026-02-26,16:00,2026-02-26,0,32,Thursday,False,16,Sunny,54.5,2
cherokee_run,2026-02-27,07:00,2026-02-13,14,49,Friday,False,7,Sunny,58.0,10
cherokee_run,2026-02-27,07:00,2026-02-17,10,52,Friday,False,7,Sunny,58.0,10
cherokee_run,2026-02-27,07:00,2026-02-20,7,52,Friday,False,7,Sunny,58.0,10
cherokee_run,2026-02-27,07:00,2026-02-22,5,55,Friday,False,7,Sunny,58.0,10
cherokee_run,2026-02-27,07:00,2026-02-24,3,53,Friday,False,7,Sunny,58.0,10
cherokee_run,2026-02-27,07:00,2026-02-25,2,56,Friday,False,7,Sunny,58.0,10
cherokee_run,2026-02-27,07:00,2026-02-26,1,58,Friday,False,7,Sunny,58.0,10
cherokee_run,2026-02-27,07:00,2026-02-27,0,58,Friday,False,7,Sunny,58.0,10
cherokee_run,2026-02-27,08:00,2026-02-13,14,48,Friday,False,8,Sunny,58.0,10
cherokee_run,2026-02-27,08:00,2026-02-17,10,53,Friday,False,8,Sunny,58.0,10
cherokee_run,2026-02-27,08:00,2026-02-20,7,52,Friday,False,8,Sunny,58.0,10
cherokee_run,2026-02-27,08:00,2026-02-22,5,54,Friday,False,8,Sunny,58.0,10
cherokee_run,2026-02-27,08:00,2026-02-24,3,53,Friday,False,8,Sunny,58.0,10
cherokee_run,2026-02-27,08:00,2026-02-25,2,55,Friday,False,8,Sunny,58.0,10
cherokee_run,2026-02-27,08:00,2026-02-26,1,57,Friday,False,8,Sunny,58.0,10
cherokee_run,2026-02-27,08:00,2026-02-27,0,60,Friday,False,8,Sunny,58.0,10
cherokee_run,2026-02-27,09:00,2026-02-13,14,48,Friday,False,9,Sunny,58.0,10
cherokee_run,2026-02-27,09:00,2026-02-17,10,51,Friday,False,9,Sunny,58.0,10
cherokee_run,2026-02-27,09:00,2026-02-20,7,54,Friday,False,9,Sunny,58.0,10
cherokee_run,2026-02-27,09:00,2026-02-22,5,55,Friday,False,9,Sunny,58.0,10
cherokee_run,2026-02-27,09:00,2026-02-24,3,55,Friday,False,9,Sunny,58.0,10
cherokee_run,2026-02-27,09:00,2026-02-25,2,58,Friday,False,9,Sunny,58.0,10
cherokee_run,2026-02-27,09:00,2026-02-26,1,55,Friday,False,9,Sunny,58.0,10
cherokee_run,2026-02-27,09:00,2026-02-27,0,58,Friday,False,9,Sunny,58.0,10
cherokee_run,2026-02-27,10:00,2026-02-13,14,45,Friday,False,10,Sunny,58.0,10
cherokee_run,2026-02-27,10:00,2026-02-17,10,47,Friday,False,10,Sunny,58.0,10
cherokee_run,2026-02-27,10:00,2026-02-20,7,50,Friday,False,10,Sunny,58.0,10
cherokee_run,2026-02-27,10:00,2026-02-22,5,53,Friday,False,10,Sunny,58.0,10
cherokee_run,2026-02-27,10:00,2026-02-24,3,54,Friday,False,10,Sunny,58.0,10
cherokee_run,2026-02-27,10:00,2026-02-25,2,55,Friday,False,10,Sunny,58.0,10
cherokee_run,2026-02-27,10:00,2026-02-26,1,56,Friday,False,10,Sunny,58.0,10
cherokee_run,2026-02-27,10:00,2026-02-27,0,55,Friday,False,10,Sunny,58.0,10
cherokee_run,2026-02-27,12:00,2026-02-13,14,42,Friday,False,12,Sunny,58.0,10
cherokee_run,2026-02-27,12:00,2026-02-17,10,40,Friday,False,12,Sunny,58.0,10
cherokee_run,2026-02-27,12:00,2026-02-20,7,44,Friday,False,12,Sunny,58.0,10
cherokee_run,2026-02-27,12:00,2026-02-22,5,45,Friday,False,12,Sunny,58.0,10
cherokee_run,2026-02-27,12:00,2026-02-24,3,45,Friday,False,12,Sunny,58.0,10
cherokee_run,2026-02-27,12:00,2026-02-25,2,48,Friday,False,12,Sunny,58.0,10
cherokee_run,2026-02-27,12:00,2026-02-26,1,47,Friday,False,12,Sunny,58.0,10
cherokee_run,2026-02-27,12:00,2026-02-27,0,48,Friday,False,12,Sunny,58.0,10
cherokee_run,2026-02-27,14:00,2026-02-13,14,39,Friday,False,14,Sunny,58.0,10
cherokee_run,2026-02-27,14:00,2026-02-17,10,43,Friday,False,14,Sunny,58.0,10
cherokee_run,2026-02-27,14:00,2026-02-20,7,45,Friday,False,14,Sunny,58.0,10
cherokee_run,2026-02-27,14:00,2026-02-22,5,42,Friday,False,14,Sunny,58.0,10
cherokee_run,2026-02-27,14:00,2026-02-24,3,48,Friday,False,14,Sunny,58.0,10
cherokee_run,2026-02-27,14:00,2026-02-25,2,48,Friday,False,14,Sunny,58.0,10
cherokee_run,2026-02-27,14:00,2026-02-26,1,48,Friday,False,14,Sunny,58.0,10
cherokee_run,2026-02-27,14:00,2026-02-27,0,48,Friday,False,14,Sunny,58.0,10
cherokee_run,2026-02-27,16:00,2026-02-13,14,34,Friday,False,16,Sunny,58.0,10
cherokee_run,2026-02-27,16:00,2026-02-17,10,35,Friday,False,16,Sunny,58.0,10
cherokee_run,2026-02-27,16:00,2026-02-20,7,37,Friday,False,16,Sunny,58.0,10
cherokee_run,2026-02-27,16:00,2026-02-22,5,38,Friday,False,16,Sunny,58.0,10
cherokee_run,2026-02-27,16:00,2026-02-24,3,39,Friday,False,16,Sunny,58.0,10
cherokee_run,2026-02-27,16:00,2026-02-25,2,39,Friday,False,16,Sunny,58.0,10
cherokee_run,2026-02-27,16:00,2026-02-26,1,39,Friday,False,16,Sunny,58.0,10
cherokee_run,2026-02-27,16:00,2026-02-27,0,40,Friday,False,16,Sunny,58.0,10
cherokee_run,2026-02-28,07:00,2026-02-14,14,61,Saturday,True,7,Sunny,60.0,5
cherokee_run,2026-02-28,07:00,2026-02-18,10,63,Saturday,True,7,Sunny,60.0,5
cherokee_run,2026-02-28,07:00,2026-02-21,7,66,Saturday,True,7,Sunny,60.0,5
cherokee_run,2026-02-28,07:00,2026-02-23,5,68,Saturday,True,7,Sunny,60.0,5
cherokee_run,2026-02-28,07:00,2026-02-25,3,65,Saturday,True,7,Sunny,60.0,5
cherokee_run,2026-02-28,07:00,2026-02-26,2,74,Saturday,True,7,Sunny,60.0,5
cherokee_run,2026-02-28,07:00,2026-02-27,1,73,Saturday,True,7,Sunny,60.0,5
cherokee_run,2026-02-28,07:00,2026-02-28,0,73,Saturday,True,7,Sunny,60.0,5
cherokee_run,2026-02-28,08:00,2026-02-14,14,60,Saturday,True,8,Sunny,60.0,5
cherokee_run,2026-02-28,08:00,2026-02-18,10,62,Saturday,True,8,Sunny,60.0,5
cherokee_run,2026-02-28,08:00,2026-02-21,7,65,Saturday,True,8,Sunny,60.0,5
cherokee_run,2026-02-28,08:00,2026-02-23,5,66,Saturday,True,8,Sunny,60.0,5
cherokee_run,2026-02-28,08:00,2026-02-25,3,69,Saturday,True,8,Sunny,60.0,5
cherokee_run,2026-02-28,08:00,2026-02-26,2,71,Saturday,True,8,Sunny,60.0,5
cherokee_run,2026-02-28,08:00,2026-02-27,1,71,Saturday,True,8,Sunny,60.0,5
cherokee_run,2026-02-28,08:00,2026-02-28,0,74,Saturday,True,8,Sunny,60.0,5
cherokee_run,2026-02-28,09:00,2026-02-14,14,64,Saturday,True,9,Sunny,60.0,5
cherokee_run,2026-02-28,09:00,2026-02-18,10,61,Saturday,True,9,Sunny,60.0,5
cherokee_run,2026-02-28,09:00,2026-02-21,7,64,Saturday,True,9,Sunny,60.0,5
cherokee_run,2026-02-28,09:00,2026-02-23,5,65,Saturday,True,9,Sunny,60.0,5
cherokee_run,2026-02-28,09:00,2026-02-25,3,67,Saturday,True,9,Sunny,60.0,5
cherokee_run,2026-02-28,09:00,2026-02-26,2,73,Saturday,True,9,Sunny,60.0,5
cherokee_run,2026-02-28,09:00,2026-02-27,1,73,Saturday,True,9,Sunny,60.0,5
cherokee_run,2026-02-28,09:00,2026-02-28,0,73,Saturday,True,9,Sunny,60.0,5
cherokee_run,2026-02-28,10:00,2026-02-14,14,56,Saturday,True,10,Sunny,60.0,5
cherokee_run,2026-02-28,10:00,2026-02-18,10,58,Saturday,True,10,Sunny,60.0,5
cherokee_run,2026-02-28,10:00,2026-02-21,7,59,Saturday,True,10,Sunny,60.0,5
cherokee_run,2026-02-28,10:00,2026-02-23,5,58,Saturday,True,10,Sunny,60.0,5
cherokee_run,2026-02-28,10:00,2026-02-25,3,63,Saturday,True,10,Sunny,60.0,5
cherokee_run,2026-02-28,10:00,2026-02-26,2,65,Saturday,True,10,Sunny,60.0,5
cherokee_run,2026-02-28,10:00,2026-02-27,1,65,Saturday,True,10,Sunny,60.0,5
cherokee_run,2026-02-28,10:00,2026-02-28,0,66,Saturday,True,10,Sunny,60.0,5
cherokee_run,2026-02-28,12:00,2026-02-14,14,48,Saturday,True,12,Sunny,60.0,5
cherokee_run,2026-02-28,12:00,2026-02-18,10,49,Saturday,True,12,Sunny,60.0,5
cherokee_run,2026-02-28,12:00,2026-02-21,7,50,Saturday,True,12,Sunny,60.0,5
cherokee_run,2026-02-28,12:00,2026-02-23,5,50,Saturday,True,12,Sunny,60.0,5
cherokee_run,2026-02-28,12:00,2026-02-25,3,55,Saturday,True,12,Sunny,60.0,5
cherokee_run,2026-02-28,12:00,2026-02-26,2,57,Saturday,True,12,Sunny,60.0,5
cherokee_run,2026-02-28,12:00,2026-02-27,1,56,Saturday,True,12,Sunny,60.0,5
cherokee_run,2026-02-28,12:00,2026-02-28,0,54,Saturday,True,12,Sunny,60.0,5
cherokee_run,2026-02-28,14:00,2026-02-14,14,47,Saturday,True,14,Sunny,60.0,5
cherokee_run,2026-02-28,14:00,2026-02-18,10,49,Saturday,True,14,Sunny,60.0,5
cherokee_run,2026-02-28,14:00,2026-02-21,7,50,Saturday,True,14,Sunny,60.0,5
cherokee_run,2026-02-28,14:00,2026-02-23,5,53,Saturday,True,14,Sunny,60.0,5
cherokee_run,2026-02-28,14:00,2026-02-25,3,54,Saturday,True,14,Sunny,60.0,5
cherokee_run,2026-02-28,14:00,2026-02-26,2,56,Saturday,True,14,Sunny,60.0,5
cherokee_run,2026-02-28,14:00,2026-02-27,1,57,Saturday,True,14,Sunny,60.0,5
cherokee_run,2026-02-28,14:00,2026-02-28,0,56,Saturday,True,14,Sunny,60.0,5
cherokee_run,2026-02-28,16:00,2026-02-14,14,39,Saturday,True,16,Sunny,60.0,5
cherokee_run,2026-02-28,16:00,2026-02-18,10,41,Saturday,True,16,Sunny,60.0,5
cherokee_run,2026-02-28,16:00,2026-02-21,7,41,Saturday,True,16,Sunny,60.0,5
cherokee_run,2026-02-28,16:00,2026-02-23,5,44,Saturday,True,16,Sunny,60.0,5
cherokee_run,2026-02-28,16:00,2026-02-25,3,44,Saturday,True,16,Sunny,60.0,5
cherokee_run,2026-02-28,16:00,2026-02-26,2,48,Saturday,True,16,Sunny,60.0,5
cherokee_run,2026-02-28,16:00,2026-02-27,1,45,Saturday,True,16,Sunny,60.0,5
cherokee_run,2026-02-28,16:00,2026-02-28,0,50,Saturday,True,16,Sunny,60.0,5
cherokee_run,2026-03-01,07:00,2026-02-15,14,69,Sunday,True,7,Sunny,64.9,0
cherokee_run,2026-03-01,07:00,2026-02-19,10,69,Sunday,True,7,Sunny,64.9,0
cherokee_run,2026-03-01,07:00,2026-02-22,7,73,Sunday,True,7,Sunny,64.9,0
cherokee_run,2026-03-01,07:00,2026-02-24,5,72,Sunday,True,7,Sunny,64.9,0
cherokee_run,2026-03-01,07:00,2026-02-26,3,77,Sunday,True,7,Sunny,64.9,0
cherokee_run,2026-03-01,07:00,2026-02-27,2,78,Sunday,True,7,Sunny,64.9,0
cherokee_run,2026-03-01,07:00,2026-02-28,1,76,Sunday,True,7,Sunny,64.9,0
cherokee_run,2026-03-01,07:00,2026-03-01,0,74,Sunday,True,7,Sunny,64.9,0
cherokee_run,2026-03-01,08:00,2026-02-15,14,65,Sunday,True,8,Sunny,64.9,0
cherokee_run,2026-03-01,08:00,2026-02-19,10,69,Sunday,True,8,Sunny,64.9,0
cherokee_run,2026-03-01,08:00,2026-02-22,7,73,Sunday,True,8,Sunny,64.9,0
cherokee_run,2026-03-01,08:00,2026-02-24,5,73,Sunday,True,8,Sunny,64.9,0
cherokee_run,2026-03-01,08:00,2026-02-26,3,77,Sunday,True,8,Sunny,64.9,0
cherokee_run,2026-03-01,08:00,2026-02-27,2,78,Sunday,True,8,Sunny,64.9,0
cherokee_run,2026-03-01,08:00,2026-02-28,1,78,Sunday,True,8,Sunny,64.9,0
cherokee_run,2026-03-01,08:00,2026-03-01,0,83,Sunday,True,8,Sunny,64.9,0
cherokee_run,2026-03-01,09:00,2026-02-15,14,62,Sunday,True,9,Sunny,64.9,0
cherokee_run,2026-03-01,09:00,2026-02-19,10,69,Sunday,True,9,Sunny,64.9,0
cherokee_run,2026-03-01,09:00,2026-02-22,7,70,Sunday,True,9,Sunny,64.9,0
cherokee_run,2026-03-01,09:00,2026-02-24,5,76,Sunday,True,9,Sunny,64.9,0
cherokee_run,2026-03-01,09:00,2026-02-26,3,74,Sunday,True,9,Sunny,64.9,0
cherokee_run,2026-03-01,09:00,2026-02-27,2,79,Sunday,True,9,Sunny,64.9,0
cherokee_run,2026-03-01,09:00,2026-02-28,1,80,Sunday,True,9,Sunny,64.9,0
cherokee_run,2026-03-01,09:00,2026-03-01,0,78,Sunday,True,9,Sunny,64.9,0
cherokee_run,2026-03-01,10:00,2026-02-15,14,60,Sunday,True,10,Sunny,64.9,0
cherokee_run,2026-03-01,10:00,2026-02-19,10,62,Sunday,True,10,Sunny,64.9,0
cherokee_run,2026-03-01,10:00,2026-02-22,7,66,Sunday,True,10,Sunny,64.9,0
cherokee_run,2026-03-01,10:00,2026-02-24,5,68,Sunday,True,10,Sunny,64.9,0
cherokee_run,2026-03-01,10:00,2026-02-26,3,68,Sunday,True,10,Sunny,64.9,0
cherokee_run,2026-03-01,10:00,2026-02-27,2,70,Sunday,True,10,Sunny,64.9,0
cherokee_run,2026-03-01,10:00,2026-02-28,1,73,Sunday,True,10,Sunny,64.9,0
cherokee_run,2026-03-01,10:00,2026-03-01,0,74,Sunday,True,10,Sunny,64.9,0
cherokee_run,2026-03-01,12:00,2026-02-15,14,49,Sunday,True,12,Sunny,64.9,0
cherokee_run,2026-03-01,12:00,2026-02-19,10,52,Sunday,True,12,Sunny,64.9,0
cherokee_run,2026-03-01,12:00,2026-02-22,7,56,Sunday,True,12,Sunny,64.9,0
cherokee_run,2026-03-01,12:00,2026-02-24,5,55,Sunday,True,12,Sunny,64.9,0
cherokee_run,2026-03-01,12:00,2026-02-26,3,61,Sunday,True,12,Sunny,64.9,0
cherokee_run,2026-03-01,12:00,2026-02-27,2,60,Sunday,True,12,Sunny,64.9,0
cherokee_run,2026-03-01,12:00,2026-02-28,1,61,Sunday,True,12,Sunny,64.9,0
cherokee_run,2026-03-01,12:00,2026-03-01,0,63,Sunday,True,12,Sunny,64.9,0
cherokee_run,2026-03-01,14:00,2026-02-15,14,51,Sunday,True,14,Sunny,64.9,0
cherokee_run,2026-03-01,14:00,2026-02-19,10,51,Sunday,True,14,Sunny,64.9,0
cherokee_run,2026-03-01,14:00,2026-02-22,7,56,Sunday,True,14,Sunny,64.9,0
cherokee_run,2026-03-01,14:00,2026-02-24,5,56,Sunday,True,14,Sunny,64.9,0
cherokee_run,2026-03-01,14:00,2026-02-26,3,59,Sunday,True,14,Sunny,64.9,0
cherokee_run,2026-03-01,14:00,2026-02-27,2,61,Sunday,True,14,Sunny,64.9,0
cherokee_run,2026-03-01,14:00,2026-02-28,1,62,Sunday,True,14,Sunny,64.9,0
cherokee_run,2026-03-01,14:00,2026-03-01,0,66,Sunday,True,14,Sunny,64.9,0
cherokee_run,2026-03-01,16:00,2026-02-15,14,42,Sunday,True,16,Sunny,64.9,0
cherokee_run,2026-03-01,16:00,2026-02-19,10,44,Sunday,True,16,Sunny,64.9,0
cherokee_run,2026-03-01,16:00,2026-02-22,7,44,Sunday,True,16,Sunny,64.9,0
cherokee_run,2026-03-01,16:00,2026-02-24,5,48,Sunday,True,16,Sunny,64.9,0
cherokee_run,2026-03-01,16:00,2026-02-26,3,49,Sunday,True,16,Sunny,64.9,0
cherokee_run,2026-03-01,16:00,2026-02-27,2,51,Sunday,True,16,Sunny,64.9,0
cherokee_run,2026-03-01,16:00,2026-02-28,1,52,Sunday,True,16,Sunny,64.9,0
cherokee_run,2026-03-01,16:00,2026-03-01,0,52,Sunday,True,16,Sunny,64.9,0
cherokee_run,2026-03-02,07:00,2026-02-16,14,43,Monday,False,7,Sunny,66.5,8
cherokee_run,2026-03-02,07:00,2026-02-20,10,47,Monday,False,7,Sunny,66.5,8
cherokee_run,2026-03-02,07:00,2026-02-23,7,48,Monday,False,7,Sunny,66.5,8
cherokee_run,2026-03-02,07:00,2026-02-25,5,49,Monday,False,7,Sunny,66.5,8
cherokee_run,2026-03-02,07:00,2026-02-27,3,50,Monday,False,7,Sunny,66.5,8
cherokee_run,2026-03-02,07:00,2026-02-28,2,52,Monday,False,7,Sunny,66.5,8
cherokee_run,2026-03-02,07:00,2026-03-01,1,53,Monday,False,7,Sunny,66.5,8
cherokee_run,2026-03-02,07:00,2026-03-02,0,54,Monday,False,7,Sunny,66.5,8
cherokee_run,2026-03-02,08:00,2026-02-16,14,46,Monday,False,8,Sunny,66.5,8
cherokee_run,2026-03-02,08:00,2026-02-20,10,47,Monday,False,8,Sunny,66.5,8
cherokee_run,2026-03-02,08:00,2026-02-23,7,48,Monday,False,8,Sunny,66.5,8
cherokee_run,2026-03-02,08:00,2026-02-25,5,49,Monday,False,8,Sunny,66.5,8
cherokee_run,2026-03-02,08:00,2026-02-27,3,48,Monday,False,8,Sunny,66.5,8
cherokee_run,2026-03-02,08:00,2026-02-28,2,52,Monday,False,8,Sunny,66.5,8
cherokee_run,2026-03-02,08:00,2026-03-01,1,52,Monday,False,8,Sunny,66.5,8
cherokee_run,2026-03-02,08:00,2026-03-02,0,54,Monday,False,8,Sunny,66.5,8
cherokee_run,2026-03-02,09:00,2026-02-16,14,44,Monday,False,9,Sunny,66.5,8
cherokee_run,2026-03-02,09:00,2026-02-20,10,47,Monday,False,9,Sunny,66.5,8
cherokee_run,2026-03-02,09:00,2026-02-23,7,48,Monday,False,9,Sunny,66.5,8
cherokee_run,2026-03-02,09:00,2026-02-25,5,51,Monday,False,9,Sunny,66.5,8
cherokee_run,2026-03-02,09:00,2026-02-27,3,50,Monday,False,9,Sunny,66.5,8
cherokee_run,2026-03-02,09:00,2026-02-28,2,53,Monday,False,9,Sunny,66.5,8
cherokee_run,2026-03-02,09:00,2026-03-01,1,53,Monday,False,9,Sunny,66.5,8
cherokee_run,2026-03-02,09:00,2026-03-02,0,55,Monday,False,9,Sunny,66.5,8
cherokee_run,2026-03-02,10:00,2026-02-16,14,43,Monday,False,10,Sunny,66.5,8
cherokee_run,2026-03-02,10:00,2026-02-20,10,45,Monday,False,10,Sunny,66.5,8
cherokee_run,2026-03-02,10:00,2026-02-23,7,44,Monday,False,10,Sunny,66.5,8
cherokee_run,2026-03-02,10:00,2026-02-25,5,47,Monday,False,10,Sunny,66.5,8
cherokee_run,2026-03-02,10:00,2026-02-27,3,48,Monday,False,10,Sunny,66.5,8
cherokee_run,2026-03-02,10:00,2026-02-28,2,53,Monday,False,10,Sunny,66.5,8
cherokee_run,2026-03-02,10:00,2026-03-01,1,50,Monday,False,10,Sunny,66.5,8
cherokee_run,2026-03-02,10:00,2026-03-02,0,50,Monday,False,10,Sunny,66.5,8
cherokee_run,2026-03-02,12:00,2026-02-16,14,37,Monday,False,12,Sunny,66.5,8
cherokee_run,2026-03-02,12:00,2026-02-20,10,39,Monday,False,12,Sunny,66.5,8
cherokee_run,2026-03-02,12:00,2026-02-23,7,40,Monday,False,12,Sunny,66.5,8
cherokee_run,2026-03-02,12:00,2026-02-25,5,41,Monday,False,12,Sunny,66.5,8
cherokee_run,2026-03-02,12:00,2026-02-27,3,43,Monday,False,12,Sunny,66.5,8
cherokee_run,2026-03-02,12:00,2026-02-28,2,43,Monday,False,12,Sunny,66.5,8
cherokee_run,2026-03-02,12:00,2026-03-01,1,44,Monday,False,12,Sunny,66.5,8
cherokee_run,2026-03-02,12:00,2026-03-02,0,45,Monday,False,12,Sunny,66.5,8
cherokee_run,2026-03-02,14:00,2026-02-16,14,38,Monday,False,14,Sunny,66.5,8
cherokee_run,2026-03-02,14:00,2026-02-20,10,39,Monday,False,14,Sunny,66.5,8
cherokee_run,2026-03-02,14:00,2026-02-23,7,39,Monday,False,14,Sunny,66.5,8
cherokee_run,2026-03-02,14:00,2026-02-25,5,40,Monday,False,14,Sunny,66.5,8
cherokee_run,2026-03-02,14:00,2026-02-27,3,44,Monday,False,14,Sunny,66.5,8
cherokee_run,2026-03-02,14:00,2026-02-28,2,45,Monday,False,14,Sunny,66.5,8
cherokee_run,2026-03-02,14:00,2026-03-01,1,45,Monday,False,14,Sunny,66.5,8
cherokee_run,2026-03-02,14:00,2026-03-02,0,46,Monday,False,14,Sunny,66.5,8
cherokee_run,2026-03-02,16:00,2026-02-16,14,31,Monday,False,16,Sunny,66.5,8
cherokee_run,2026-03-02,16:00,2026-02-20,10,31,Monday,False,16,Sunny,66.5,8
cherokee_run,2026-03-02,16:00,2026-02-23,7,33,Monday,False,16,Sunny,66.5,8
cherokee_run,2026-03-02,16:00,2026-02-25,5,33,Monday,False,16,Sunny,66.5,8
cherokee_run,2026-03-02,16:00,2026-02-27,3,34,Monday,False,16,Sunny,66.5,8
cherokee_run,2026-03-02,16:00,2026-02-28,2,37,Monday,False,16,Sunny,66.5,8
cherokee_run,2026-03-02,16:00,2026-03-01,1,36,Monday,False,16,Sunny,66.5,8
cherokee_run,2026-03-02,16:00,2026-03-02,0,37,Monday,False,16,Sunny,66.5,8
cherokee_run,2026-03-03,07:00,2026-02-17,14,45,Tuesday,False,7,Sunny,69.0,4
cherokee_run,2026-03-03,07:00,2026-02-21,10,45,Tuesday,False,7,Sunny,69.0,4
cherokee_run,2026-03-03,07:00,2026-02-24,7,50,Tuesday,False,7,Sunny,69.0,4
cherokee_run,2026-03-03,07:00,2026-02-26,5,49,Tuesday,False,7,Sunny,69.0,4
cherokee_run,2026-03-03,07:00,2026-02-28,3,54,Tuesday,False,7,Sunny,69.0,4
cherokee_run,2026-03-03,07:00,2026-03-01,2,54,Tuesday,False,7,Sunny,69.0,4
cherokee_run,2026-03-03,07:00,2026-03-02,1,56,Tuesday,False,7,Sunny,69.0,4
cherokee_run,2026-03-03,07:00,2026-03-03,0,53,Tuesday,False,7,Sunny,69.0,4
cherokee_run,2026-03-03,08:00,2026-02-17,14,46,Tuesday,False,8,Sunny,69.0,4
cherokee_run,2026-03-03,08:00,2026-02-21,10,49,Tuesday,False,8,Sunny,69.0,4
cherokee_run,2026-03-03,08:00,2026-02-24,7,51,Tuesday,False,8,Sunny,69.0,4
cherokee_run,2026-03-03,08:00,2026-02-26,5,49,Tuesday,False,8,Sunny,69.0,4
cherokee_run,2026-03-03,08:00,2026-02-28,3,51,Tuesday,False,8,Sunny,69.0,4
cherokee_run,2026-03-03,08:00,2026-03-01,2,55,Tuesday,False,8,Sunny,69.0,4
cherokee_run,2026-03-03,08:00,2026-03-02,1,54,Tuesday,False,8,Sunny,69.0,4
cherokee_run,2026-03-03,08:00,2026-03-03,0,56,Tuesday,False,8,Sunny,69.0,4
cherokee_run,2026-03-03,09:00,2026-02-17,14,45,Tuesday,False,9,Sunny,69.0,4
cherokee_run,2026-03-03,09:00,2026-02-21,10,49,Tuesday,False,9,Sunny,69.0,4
cherokee_run,2026-03-03,09:00,2026-02-24,7,52,Tuesday,False,9,Sunny,69.0,4
cherokee_run,2026-03-03,09:00,2026-02-26,5,51,Tuesday,False,9,Sunny,69.0,4
cherokee_run,2026-03-03,09:00,2026-02-28,3,52,Tuesday,False,9,Sunny,69.0,4
cherokee_run,2026-03-03,09:00,2026-03-01,2,54,Tuesday,False,9,Sunny,69.0,4
cherokee_run,2026-03-03,09:00,2026-03-02,1,56,Tuesday,False,9,Sunny,69.0,4
cherokee_run,2026-03-03,09:00,2026-03-03,0,57,Tuesday,False,9,Sunny,69.0,4
cherokee_run,2026-03-03,10:00,2026-02-17,14,42,Tuesday,False,10,Sunny,69.0,4
cherokee_run,2026-03-03,10:00,2026-02-21,10,45,Tuesday,False,10,Sunny,69.0,4
cherokee_run,2026-03-03,10:00,2026-02-24,7,46,Tuesday,False,10,Sunny,69.0,4
cherokee_run,2026-03-03,10:00,2026-02-26,5,52,Tuesday,False,10,Sunny,69.0,4
cherokee_run,2026-03-03,10:00,2026-02-28,3,50,Tuesday,False,10,Sunny,69.0,4
cherokee_run,2026-03-03,10:00,2026-03-01,2,51,Tuesday,False,10,Sunny,69.0,4
cherokee_run,2026-03-03,10:00,2026-03-02,1,51,Tuesday,False,10,Sunny,69.0,4
cherokee_run,2026-03-03,10:00,2026-03-03,0,54,Tuesday,False,10,Sunny,69.0,4
cherokee_run,2026-03-03,12:00,2026-02-17,14,39,Tuesday,False,12,Sunny,69.0,4
cherokee_run,2026-03-03,12:00,2026-02-21,10,41,Tuesday,False,12,Sunny,69.0,4
cherokee_run,2026-03-03,12:00,2026-02-24,7,41,Tuesday,False,12,Sunny,69.0,4
cherokee_run,2026-03-03,12:00,2026-02-26,5,43,Tuesday,False,12,Sunny,69.0,4
cherokee_run,2026-03-03,12:00,2026-02-28,3,43,Tuesday,False,12,Sunny,69.0,4
cherokee_run,2026-03-03,12:00,2026-03-01,2,44,Tuesday,False,12,Sunny,69.0,4
cherokee_run,2026-03-03,12:00,2026-03-02,1,44,Tuesday,False,12,Sunny,69.0,4
cherokee_run,2026-03-03,12:00,2026-03-03,0,47,Tuesday,False,12,Sunny,69.0,4
cherokee_run,2026-03-03,14:00,2026-02-17,14,38,Tuesday,False,14,Sunny,69.0,4
cherokee_run,2026-03-03,14:00,2026-02-21,10,40,Tuesday,False,14,Sunny,69.0,4
cherokee_run,2026-03-03,14:00,2026-02-24,7,42,Tuesday,False,14,Sunny,69.0,4
cherokee_run,2026-03-03,14:00,2026-02-26,5,44,Tuesday,False,14,Sunny,69.0,4
cherokee_run,2026-03-03,14:00,2026-02-28,3,42,Tuesday,False,14,Sunny,69.0,4
cherokee_run,2026-03-03,14:00,2026-03-01,2,46,Tuesday,False,14,Sunny,69.0,4
cherokee_run,2026-03-03,14:00,2026-03-02,1,46,Tuesday,False,14,Sunny,69.0,4
cherokee_run,2026-03-03,14:00,2026-03-03,0,46,Tuesday,False,14,Sunny,69.0,4
cherokee_run,2026-03-03,16:00,2026-02-17,14,31,Tuesday,False,16,Sunny,69.0,4
cherokee_run,2026-03-03,16:00,2026-02-21,10,32,Tuesday,False,16,Sunny,69.0,4
cherokee_run,2026-03-03,16:00,2026-02-24,7,35,Tuesday,False,16,Sunny,69.0,4
cherokee_run,2026-03-03,16:00,2026-02-26,5,35,Tuesday,False,16,Sunny,69.0,4
cherokee_run,2026-03-03,16:00,2026-02-28,3,36,Tuesday,False,16,Sunny,69.0,4
cherokee_run,2026-03-03,16:00,2026-03-01,2,37,Tuesday,False,16,Sunny,69.0,4
cherokee_run,2026-03-03,16:00,2026-03-02,1,37,Tuesday,False,16,Sunny,69.0,4
cherokee_run,2026-03-03,16:00,2026-03-03,0,37,Tuesday,False,16,Sunny,69.0,4
cherokee_run,2026-03-04,07:00,2026-02-18,14,49,Wednesday,False,7,Sunny,60.0,0
cherokee_run,2026-03-04,07:00,2026-02-22,10,51,Wednesday,False,7,Sunny,60.0,0
cherokee_run,2026-03-04,07:00,2026-02-25,7,51,Wednesday,False,7,Sunny,60.0,0
cherokee_run,2026-03-04,07:00,2026-02-27,5,52,Wednesday,False,7,Sunny,60.0,0
cherokee_run,2026-03-04,07:00,2026-03-01,3,54,Wednesday,False,7,Sunny,60.0,0
cherokee_run,2026-03-04,07:00,2026-03-02,2,56,Wednesday,False,7,Sunny,60.0,0
cherokee_run,2026-03-04,07:00,2026-03-03,1,56,Wednesday,False,7,Sunny,60.0,0
cherokee_run,2026-03-04,07:00,2026-03-04,0,56,Wednesday,False,7,Sunny,60.0,0
cherokee_run,2026-03-04,08:00,2026-02-18,14,48,Wednesday,False,8,Sunny,60.0,0
cherokee_run,2026-03-04,08:00,2026-02-22,10,50,Wednesday,False,8,Sunny,60.0,0
cherokee_run,2026-03-04,08:00,2026-02-25,7,53,Wednesday,False,8,Sunny,60.0,0
cherokee_run,2026-03-04,08:00,2026-02-27,5,53,Wednesday,False,8,Sunny,60.0,0
cherokee_run,2026-03-04,08:00,2026-03-01,3,53,Wednesday,False,8,Sunny,60.0,0
cherokee_run,2026-03-04,08:00,2026-03-02,2,54,Wednesday,False,8,Sunny,60.0,0
cherokee_run,2026-03-04,08:00,2026-03-03,1,58,Wednesday,False,8,Sunny,60.0,0
cherokee_run,2026-03-04,08:00,2026-03-04,0,59,Wednesday,False,8,Sunny,60.0,0
cherokee_run,2026-03-04,09:00,2026-02-18,14,47,Wednesday,False,9,Sunny,60.0,0
cherokee_run,2026-03-04,09:00,2026-02-22,10,48,Wednesday,False,9,Sunny,60.0,0
cherokee_run,2026-03-04,09:00,2026-02-25,7,50,Wednesday,False,9,Sunny,60.0,0
cherokee_run,2026-03-04,09:00,2026-02-27,5,52,Wednesday,False,9,Sunny,60.0,0
cherokee_run,2026-03-04,09:00,2026-03-01,3,55,Wednesday,False,9,Sunny,60.0,0
cherokee_run,2026-03-04,09:00,2026-03-02,2,57,Wednesday,False,9,Sunny,60.0,0
cherokee_run,2026-03-04,09:00,2026-03-03,1,54,Wednesday,False,9,Sunny,60.0,0
cherokee_run,2026-03-04,09:00,2026-03-04,0,59,Wednesday,False,9,Sunny,60.0,0
cherokee_run,2026-03-04,10:00,2026-02-18,14,44,Wednesday,False,10,Sunny,60.0,0
cherokee_run,2026-03-04,10:00,2026-02-22,10,47,Wednesday,False,10,Sunny,60.0,0
cherokee_run,2026-03-04,10:00,2026-02-25,7,50,Wednesday,False,10,Sunny,60.0,0
cherokee_run,2026-03-04,10:00,2026-02-27,5,51,Wednesday,False,10,Sunny,60.0,0
cherokee_run,2026-03-04,10:00,2026-03-01,3,53,Wednesday,False,10,Sunny,60.0,0
cherokee_run,2026-03-04,10:00,2026-03-02,2,54,Wednesday,False,10,Sunny,60.0,0
cherokee_run,2026-03-04,10:00,2026-03-03,1,55,Wednesday,False,10,Sunny,60.0,0
cherokee_run,2026-03-04,10:00,2026-03-04,0,55,Wednesday,False,10,Sunny,60.0,0
cherokee_run,2026-03-04,12:00,2026-02-18,14,39,Wednesday,False,12,Sunny,60.0,0
cherokee_run,2026-03-04,12:00,2026-02-22,10,41,Wednesday,False,12,Sunny,60.0,0
cherokee_run,2026-03-04,12:00,2026-02-25,7,43,Wednesday,False,12,Sunny,60.0,0
cherokee_run,2026-03-04,12:00,2026-02-27,5,43,Wednesday,False,12,Sunny,60.0,0
cherokee_run,2026-03-04,12:00,2026-03-01,3,45,Wednesday,False,12,Sunny,60.0,0
cherokee_run,2026-03-04,12:00,2026-03-02,2,49,Wednesday,False,12,Sunny,60.0,0
cherokee_run,2026-03-04,12:00,2026-03-03,1,46,Wednesday,False,12,Sunny,60.0,0
cherokee_run,2026-03-04,12:00,2026-03-04,0,47,Wednesday,False,12,Sunny,60.0,0
cherokee_run,2026-03-04,14:00,2026-02-18,14,38,Wednesday,False,14,Sunny,60.0,0
cherokee_run,2026-03-04,14:00,2026-02-22,10,44,Wednesday,False,14,Sunny,60.0,0
cherokee_run,2026-03-04,14:00,2026-02-25,7,43,Wednesday,False,14,Sunny,60.0,0
cherokee_run,2026-03-04,14:00,2026-02-27,5,44,Wednesday,False,14,Sunny,60.0,0
cherokee_run,2026-03-04,14:00,2026-03-01,3,45,Wednesday,False,14,Sunny,60.0,0
cherokee_run,2026-03-04,14:00,2026-03-02,2,48,Wednesday,False,14,Sunny,60.0,0
cherokee_run,2026-03-04,14:00,2026-03-03,1,47,Wednesday,False,14,Sunny,60.0,0
cherokee_run,2026-03-04,14:00,2026-03-04,0,48,Wednesday,False,14,Sunny,60.0,0
cherokee_run,2026-03-04,16:00,2026-02-18,14,32,Wednesday,False,16,Sunny,60.0,0
cherokee_run,2026-03-04,16:00,2026-02-22,10,33,Wednesday,False,16,Sunny,60.0,0
cherokee_run,2026-03-04,16:00,2026-02-25,7,35,Wednesday,False,16,Sunny,60.0,0
cherokee_run,2026-03-04,16:00,2026-02-27,5,37,Wednesday,False,16,Sunny,60.0,0
cherokee_run,2026-03-04,16:00,2026-03-01,3,36,Wednesday,False,16,Sunny,60.0,0
cherokee_run,2026-03-04,16:00,2026-03-02,2,41,Wednesday,False,16,Sunny,60.0,0
cherokee_run,2026-03-04,16:00,2026-03-03,1,40,Wednesday,False,16,Sunny,60.0,0
cherokee_run,2026-03-04,16:00,2026-03-04,0,39,Wednesday,False,16,Sunny,60.0,0
cherokee_run,2026-03-05,07:00,2026-02-19,14,46,Thursday,False,7,Sunny,57.2,10
cherokee_run,2026-03-05,07:00,2026-02-23,10,51,Thursday,False,7,Sunny,57.2,10
cherokee_run,2026-03-05,07:00,2026-02-26,7,54,Thursday,False,7,Sunny,57.2,10
cherokee_run,2026-03-05,07:00,2026-02-28,5,56,Thursday,False,7,Sunny,57.2,10
cherokee_run,2026-03-05,07:00,2026-03-02,3,56,Thursday,False,7,Sunny,57.2,10
cherokee_run,2026-03-05,07:00,2026-03-03,2,58,Thursday,False,7,Sunny,57.2,10
cherokee_run,2026-03-05,07:00,2026-03-04,1,57,Thursday,False,7,Sunny,57.2,10
cherokee_run,2026-03-05,07:00,2026-03-05,0,60,Thursday,False,7,Sunny,57.2,10
cherokee_run,2026-03-05,08:00,2026-02-19,14,48,Thursday,False,8,Sunny,57.2,10
cherokee_run,2026-03-05,08:00,2026-02-23,10,51,Thursday,False,8,Sunny,57.2,10
cherokee_run,2026-03-05,08:00,2026-02-26,7,55,Thursday,False,8,Sunny,57.2,10
cherokee_run,2026-03-05,08:00,2026-02-28,5,54,Thursday,False,8,Sunny,57.2,10
cherokee_run,2026-03-05,08:00,2026-03-02,3,57,Thursday,False,8,Sunny,57.2,10
cherokee_run,2026-03-05,08:00,2026-03-03,2,60,Thursday,False,8,Sunny,57.2,10
cherokee_run,2026-03-05,08:00,2026-03-04,1,57,Thursday,False,8,Sunny,57.2,10
cherokee_run,2026-03-05,08:00,2026-03-05,0,59,Thursday,False,8,Sunny,57.2,10
cherokee_run,2026-03-05,09:00,2026-02-19,14,51,Thursday,False,9,Sunny,57.2,10
cherokee_run,2026-03-05,09:00,2026-02-23,10,50,Thursday,False,9,Sunny,57.2,10
cherokee_run,2026-03-05,09:00,2026-02-26,7,53,Thursday,False,9,Sunny,57.2,10
cherokee_run,2026-03-05,09:00,2026-02-28,5,58,Thursday,False,9,Sunny,57.2,10
cherokee_run,2026-03-05,09:00,2026-03-02,3,57,Thursday,False,9,Sunny,57.2,10
cherokee_run,2026-03-05,09:00,2026-03-03,2,59,Thursday,False,9,Sunny,57.2,10
cherokee_run,2026-03-05,09:00,2026-03-04,1,60,Thursday,False,9,Sunny,57.2,10
cherokee_run,2026-03-05,09:00,2026-03-05,0,60,Thursday,False,9,Sunny,57.2,10
cherokee_run,2026-03-05,10:00,2026-02-19,14,48,Thursday,False,10,Sunny,57.2,10
cherokee_run,2026-03-05,10:00,2026-02-23,10,47,Thursday,False,10,Sunny,57.2,10
cherokee_run,2026-03-05,10:00,2026-02-26,7,51,Thursday,False,10,Sunny,57.2,10
cherokee_run,2026-03-05,10:00,2026-02-28,5,50,Thursday,False,10,Sunny,57.2,10
cherokee_run,2026-03-05,10:00,2026-03-02,3,54,Thursday,False,10,Sunny,57.2,10
cherokee_run,2026-03-05,10:00,2026-03-03,2,56,Thursday,False,10,Sunny,57.2,10
cherokee_run,2026-03-05,10:00,2026-03-04,1,58,Thursday,False,10,Sunny,57.2,10
cherokee_run,2026-03-05,10:00,2026-03-05,0,59,Thursday,False,10,Sunny,57.2,10
cherokee_run,2026-03-05,12:00,2026-02-19,14,41,Thursday,False,12,Sunny,57.2,10
cherokee_run,2026-03-05,12:00,2026-02-23,10,43,Thursday,False,12,Sunny,57.2,10
cherokee_run,2026-03-05,12:00,2026-02-26,7,45,Thursday,False,12,Sunny,57.2,10
cherokee_run,2026-03-05,12:00,2026-02-28,5,45,Thursday,False,12,Sunny,57.2,10
cherokee_run,2026-03-05,12:00,2026-03-02,3,47,Thursday,False,12,Sunny,57.2,10
cherokee_run,2026-03-05,12:00,2026-03-03,2,51,Thursday,False,12,Sunny,57.2,10
cherokee_run,2026-03-05,12:00,2026-03-04,1,48,Thursday,False,12,Sunny,57.2,10
cherokee_run,2026-03-05,12:00,2026-03-05,0,50,Thursday,False,12,Sunny,57.2,10
cherokee_run,2026-03-05,14:00,2026-02-19,14,41,Thursday,False,14,Sunny,57.2,10
cherokee_run,2026-03-05,14:00,2026-02-23,10,47,Thursday,False,14,Sunny,57.2,10
cherokee_run,2026-03-05,14:00,2026-02-26,7,45,Thursday,False,14,Sunny,57.2,10
cherokee_run,2026-03-05,14:00,2026-02-28,5,47,Thursday,False,14,Sunny,57.2,10
cherokee_run,2026-03-05,14:00,2026-03-02,3,48,Thursday,False,14,Sunny,57.2,10
cherokee_run,2026-03-05,14:00,2026-03-03,2,50,Thursday,False,14,Sunny,57.2,10
cherokee_run,2026-03-05,14:00,2026-03-04,1,50,Thursday,False,14,Sunny,57.2,10
cherokee_run,2026-03-05,14:00,2026-03-05,0,51,Thursday,False,14,Sunny,57.2,10
cherokee_run,2026-03-05,16:00,2026-02-19,14,33,Thursday,False,16,Sunny,57.2,10
cherokee_run,2026-03-05,16:00,2026-02-23,10,36,Thursday,False,16,Sunny,57.2,10
cherokee_run,2026-03-05,16:00,2026-02-26,7,36,Thursday,False,16,Sunny,57.2,10
cherokee_run,2026-03-05,16:00,2026-02-28,5,38,Thursday,False,16,Sunny,57.2,10
cherokee_run,2026-03-05,16:00,2026-03-02,3,38,Thursday,False,16,Sunny,57.2,10
cherokee_run,2026-03-05,16:00,2026-03-03,2,41,Thursday,False,16,Sunny,57.2,10
cherokee_run,2026-03-05,16:00,2026-03-04,1,41,Thursday,False,16,Sunny,57.2,10
cherokee_run,2026-03-05,16:00,2026-03-05,0,38,Thursday,False,16,Sunny,57.2,10
cherokee_run,2026-03-06,07:00,2026-02-20,14,48,Friday,False,7,Overcast,61.1,54
cherokee_run,2026-03-06,07:00,2026-02-24,10,49,Friday,False,7,Overcast,61.1,54
cherokee_run,2026-03-06,07:00,2026-02-27,7,53,Friday,False,7,Overcast,61.1,54
cherokee_run,2026-03-06,07:00,2026-03-01,5,54,Friday,False,7,Overcast,61.1,54
cherokee_run,2026-03-06,07:00,2026-03-03,3,58,Friday,False,7,Overcast,61.1,54
cherokee_run,2026-03-06,07:00,2026-03-04,2,59,Friday,False,7,Overcast,61.1,54
cherokee_run,2026-03-06,07:00,2026-03-05,1,58,Friday,False,7,Overcast,61.1,54
cherokee_run,2026-03-06,07:00,2026-03-06,0,61,Friday,False,7,Overcast,61.1,54
cherokee_run,2026-03-06,08:00,2026-02-20,14,49,Friday,False,8,Overcast,61.1,54
cherokee_run,2026-03-06,08:00,2026-02-24,10,51,Friday,False,8,Overcast,61.1,54
cherokee_run,2026-03-06,08:00,2026-02-27,7,53,Friday,False,8,Overcast,61.1,54
cherokee_run,2026-03-06,08:00,2026-03-01,5,57,Friday,False,8,Overcast,61.1,54
cherokee_run,2026-03-06,08:00,2026-03-03,3,57,Friday,False,8,Overcast,61.1,54
cherokee_run,2026-03-06,08:00,2026-03-04,2,59,Friday,False,8,Overcast,61.1,54
cherokee_run,2026-03-06,08:00,2026-03-05,1,62,Friday,False,8,Overcast,61.1,54
cherokee_run,2026-03-06,08:00,2026-03-06,0,59,Friday,False,8,Overcast,61.1,54
cherokee_run,2026-03-06,09:00,2026-02-20,14,48,Friday,False,9,Overcast,61.1,54
cherokee_run,2026-03-06,09:00,2026-02-24,10,51,Friday,False,9,Overcast,61.1,54
cherokee_run,2026-03-06,09:00,2026-02-27,7,55,Friday,False,9,Overcast,61.1,54
cherokee_run,2026-03-06,09:00,2026-03-01,5,53,Friday,False,9,Overcast,61.1,54
cherokee_run,2026-03-06,09:00,2026-03-03,3,58,Friday,False,9,Overcast,61.1,54
cherokee_run,2026-03-06,09:00,2026-03-04,2,56,Friday,False,9,Overcast,61.1,54
cherokee_run,2026-03-06,09:00,2026-03-05,1,58,Friday,False,9,Overcast,61.1,54
cherokee_run,2026-03-06,09:00,2026-03-06,0,60,Friday,False,9,Overcast,61.1,54
cherokee_run,2026-03-06,10:00,2026-02-20,14,46,Friday,False,10,Overcast,61.1,54
cherokee_run,2026-03-06,10:00,2026-02-24,10,48,Friday,False,10,Overcast,61.1,54
cherokee_run,2026-03-06,10:00,2026-02-27,7,51,Friday,False,10,Overcast,61.1,54
cherokee_run,2026-03-06,10:00,2026-03-01,5,54,Friday,False,10,Overcast,61.1,54
cherokee_run,2026-03-06,10:00,2026-03-03,3,50,Friday,False,10,Overcast,61.1,54
cherokee_run,2026-03-06,10:00,2026-03-04,2,56,Friday,False,10,Overcast,61.1,54
cherokee_run,2026-03-06,10:00,2026-03-05,1,55,Friday,False,10,Overcast,61.1,54
cherokee_run,2026-03-06,10:00,2026-03-06,0,57,Friday,False,10,Overcast,61.1,54
cherokee_run,2026-03-06,12:00,2026-02-20,14,41,Friday,False,12,Overcast,61.1,54
cherokee_run,2026-03-06,12:00,2026-02-24,10,42,Friday,False,12,Overcast,61.1,54
cherokee_run,2026-03-06,12:00,2026-02-27,7,46,Friday,False,12,Overcast,61.1,54
cherokee_run,2026-03-06,12:00,2026-03-01,5,47,Friday,False,12,Overcast,61.1,54
cherokee_run,2026-03-06,12:00,2026-03-03,3,46,Friday,False,12,Overcast,61.1,54
cherokee_run,2026-03-06,12:00,2026-03-04,2,48,Friday,False,12,Overcast,61.1,54
cherokee_run,2026-03-06,12:00,2026-03-05,1,48,Friday,False,12,Overcast,61.1,54
cherokee_run,2026-03-06,12:00,2026-03-06,0,47,Friday,False,12,Overcast,61.1,54
cherokee_run,2026-03-06,14:00,2026-02-20,14,41,Friday,False,14,Overcast,61.1,54
cherokee_run,2026-03-06,14:00,2026-02-24,10,44,Friday,False,14,Overcast,61.1,54
cherokee_run,2026-03-06,14:00,2026-02-27,7,44,Friday,False,14,Overcast,61.1,54
cherokee_run,2026-03-06,14:00,2026-03-01,5,46,Friday,False,14,Overcast,61.1,54
cherokee_run,2026-03-06,14:00,2026-03-03,3,47,Friday,False,14,Overcast,61.1,54
cherokee_run,2026-03-06,14:00,2026-03-04,2,48,Friday,False,14,Overcast,61.1,54
cherokee_run,2026-03-06,14:00,2026-03-05,1,48,Friday,False,14,Overcast,61.1,54
cherokee_run,2026-03-06,14:00,2026-03-06,0,50,Friday,False,14,Overcast,61.1,54
cherokee_run,2026-03-06,16:00,2026-02-20,14,34,Friday,False,16,Overcast,61.1,54
cherokee_run,2026-03-06,16:00,2026-02-24,10,36,Friday,False,16,Overcast,61.1,54
cherokee_run,2026-03-06,16:00,2026-02-27,7,36,Friday,False,16,Overcast,61.1,54
cherokee_run,2026-03-06,16:00,2026-03-01,5,36,Friday,False,16,Overcast,61.1,54
cherokee_run,2026-03-06,16:00,2026-03-03,3,38,Friday,False,16,Overcast,61.1,54
cherokee_run,2026-03-06,16:00,2026-03-04,2,42,Friday,False,16,Overcast,61.1,54
cherokee_run,2026-03-06,16:00,2026-03-05,1,39,Friday,False,16,Overcast,61.1,54
cherokee_run,2026-03-06,16:00,2026-03-06,0,42,Friday,False,16,Overcast,61.1,54
cherokee_run,2026-03-07,07:00,2026-02-21,14,72,Saturday,True,7,Sunny,65.9,4
cherokee_run,2026-03-07,07:00,2026-02-25,10,72,Saturday,True,7,Sunny,65.9,4
cherokee_run,2026-03-07,07:00,2026-02-28,7,73,Saturday,True,7,Sunny,65.9,4
cherokee_run,2026-03-07,07:00,2026-03-02,5,78,Saturday,True,7,Sunny,65.9,4
cherokee_run,2026-03-07,07:00,2026-03-04,3,79,Saturday,True,7,Sunny,65.9,4
cherokee_run,2026-03-07,07:00,2026-03-05,2,84,Saturday,True,7,Sunny,65.9,4
cherokee_run,2026-03-07,07:00,2026-03-06,1,87,Saturday,True,7,Sunny,65.9,4
cherokee_run,2026-03-07,07:00,2026-03-07,0,85,Saturday,True,7,Sunny,65.9,4
cherokee_run,2026-03-07,08:00,2026-02-21,14,67,Saturday,True,8,Sunny,65.9,4
cherokee_run,2026-03-07,08:00,2026-02-25,10,72,Saturday,True,8,Sunny,65.9,4
cherokee_run,2026-03-07,08:00,2026-02-28,7,75,Saturday,True,8,Sunny,65.9,4
cherokee_run,2026-03-07,08:00,2026-03-02,5,80,Saturday,True,8,Sunny,65.9,4
cherokee_run,2026-03-07,08:00,2026-03-04,3,78,Saturday,True,8,Sunny,65.9,4
cherokee_run,2026-03-07,08:00,2026-03-05,2,82,Saturday,True,8,Sunny,65.9,4
cherokee_run,2026-03-07,08:00,2026-03-06,1,80,Saturday,True,8,Sunny,65.9,4
cherokee_run,2026-03-07,08:00,2026-03-07,0,86,Saturday,True,8,Sunny,65.9,4
cherokee_run,2026-03-07,09:00,2026-02-21,14,75,Saturday,True,9,Sunny,65.9,4
cherokee_run,2026-03-07,09:00,2026-02-25,10,72,Saturday,True,9,Sunny,65.9,4
cherokee_run,2026-03-07,09:00,2026-02-28,7,76,Saturday,True,9,Sunny,65.9,4
cherokee_run,2026-03-07,09:00,2026-03-02,5,76,Saturday,True,9,Sunny,65.9,4
cherokee_run,2026-03-07,09:00,2026-03-04,3,76,Saturday,True,9,Sunny,65.9,4
cherokee_run,2026-03-07,09:00,2026-03-05,2,83,Saturday,True,9,Sunny,65.9,4
cherokee_run,2026-03-07,09:00,2026-03-06,1,83,Saturday,True,9,Sunny,65.9,4
cherokee_run,2026-03-07,09:00,2026-03-07,0,80,Saturday,True,9,Sunny,65.9,4
cherokee_run,2026-03-07,10:00,2026-02-21,14,66,Saturday,True,10,Sunny,65.9,4
cherokee_run,2026-03-07,10:00,2026-02-25,10,67,Saturday,True,10,Sunny,65.9,4
cherokee_run,2026-03-07,10:00,2026-02-28,7,68,Saturday,True,10,Sunny,65.9,4
cherokee_run,2026-03-07,10:00,2026-03-02,5,70,Saturday,True,10,Sunny,65.9,4
cherokee_run,2026-03-07,10:00,2026-03-04,3,73,Saturday,True,10,Sunny,65.9,4
cherokee_run,2026-03-07,10:00,2026-03-05,2,76,Saturday,True,10,Sunny,65.9,4
cherokee_run,2026-03-07,10:00,2026-03-06,1,76,Saturday,True,10,Sunny,65.9,4
cherokee_run,2026-03-07,10:00,2026-03-07,0,80,Saturday,True,10,Sunny,65.9,4
cherokee_run,2026-03-07,12:00,2026-02-21,14,56,Saturday,True,12,Sunny,65.9,4
cherokee_run,2026-03-07,12:00,2026-02-25,10,59,Saturday,True,12,Sunny,65.9,4
cherokee_run,2026-03-07,12:00,2026-02-28,7,57,Saturday,True,12,Sunny,65.9,4
cherokee_run,2026-03-07,12:00,2026-03-02,5,59,Saturday,True,12,Sunny,65.9,4
cherokee_run,2026-03-07,12:00,2026-03-04,3,62,Saturday,True,12,Sunny,65.9,4
cherokee_run,2026-03-07,12:00,2026-03-05,2,63,Saturday,True,12,Sunny,65.9,4
cherokee_run,2026-03-07,12:00,2026-03-06,1,64,Saturday,True,12,Sunny,65.9,4
cherokee_run,2026-03-07,12:00,2026-03-07,0,67,Saturday,True,12,Sunny,65.9,4
cherokee_run,2026-03-07,14:00,2026-02-21,14,55,Saturday,True,14,Sunny,65.9,4
cherokee_run,2026-03-07,14:00,2026-02-25,10,58,Saturday,True,14,Sunny,65.9,4
cherokee_run,2026-03-07,14:00,2026-02-28,7,58,Saturday,True,14,Sunny,65.9,4
cherokee_run,2026-03-07,14:00,2026-03-02,5,61,Saturday,True,14,Sunny,65.9,4
cherokee_run,2026-03-07,14:00,2026-03-04,3,62,Saturday,True,14,Sunny,65.9,4
cherokee_run,2026-03-07,14:00,2026-03-05,2,65,Saturday,True,14,Sunny,65.9,4
cherokee_run,2026-03-07,14:00,2026-03-06,1,63,Saturday,True,14,Sunny,65.9,4
cherokee_run,2026-03-07,14:00,2026-03-07,0,65,Saturday,True,14,Sunny,65.9,4
cherokee_run,2026-03-07,16:00,2026-02-21,14,46,Saturday,True,16,Sunny,65.9,4
cherokee_run,2026-03-07,16:00,2026-02-25,10,46,Saturday,True,16,Sunny,65.9,4
cherokee_run,2026-03-07,16:00,2026-02-28,7,47,Saturday,True,16,Sunny,65.9,4
cherokee_run,2026-03-07,16:00,2026-03-02,5,50,Saturday,True,16,Sunny,65.9,4
cherokee_run,2026-03-07,16:00,2026-03-04,3,53,Saturday,True,16,Sunny,65.9,4
cherokee_run,2026-03-07,16:00,2026-03-05,2,50,Saturday,True,16,Sunny,65.9,4
cherokee_run,2026-03-07,16:00,2026-03-06,1,53,Saturday,True,16,Sunny,65.9,4
cherokee_run,2026-03-07,16:00,2026-03-07,0,56,Saturday,True,16,Sunny,65.9,4
cherokee_run,2026-03-08,07:00,2026-02-22,14,63,Sunday,True,7,Sunny,66.5,11
cherokee_run,2026-03-08,07:00,2026-02-26,10,68,Sunday,True,7,Sunny,66.5,11
cherokee_run,2026-03-08,07:00,2026-03-01,7,69,Sunday,True,7,Sunny,66.5,11
cherokee_run,2026-03-08,07:00,2026-03-03,5,71,Sunday,True,7,Sunny,66.5,11
cherokee_run,2026-03-08,07:00,2026-03-05,3,74,Sunday,True,7,Sunny,66.5,11
cherokee_run,2026-03-08,07:00,2026-03-06,2,76,Sunday,True,7,Sunny,66.5,11
cherokee_run,2026-03-08,07:00,2026-03-07,1,76,Sunday,True,7,Sunny,66.5,11
cherokee_run,2026-03-08,07:00,2026-03-08,0,81,Sunday,True,7,Sunny,66.5,11
cherokee_run,2026-03-08,08:00,2026-02-22,14,69,Sunday,True,8,Sunny,66.5,11
cherokee_run,2026-03-08,08:00,2026-02-26,10,70,Sunday,True,8,Sunny,66.5,11
cherokee_run,2026-03-08,08:00,2026-03-01,7,73,Sunday,True,8,Sunny,66.5,11
cherokee_run,2026-03-08,08:00,2026-03-03,5,75,Sunday,True,8,Sunny,66.5,11
cherokee_run,2026-03-08,08:00,2026-03-05,3,73,Sunday,True,8,Sunny,66.5,11
cherokee_run,2026-03-08,08:00,2026-03-06,2,79,Sunday,True,8,Sunny,66.5,11
cherokee_run,2026-03-08,08:00,2026-03-07,1,81,Sunday,True,8,Sunny,66.5,11
cherokee_run,2026-03-08,08:00,2026-03-08,0,82,Sunday,True,8,Sunny,66.5,11
cherokee_run,2026-03-08,09:00,2026-02-22,14,66,Sunday,True,9,Sunny,66.5,11
cherokee_run,2026-03-08,09:00,2026-02-26,10,70,Sunday,True,9,Sunny,66.5,11
cherokee_run,2026-03-08,09:00,2026-03-01,7,75,Sunday,True,9,Sunny,66.5,11
cherokee_run,2026-03-08,09:00,2026-03-03,5,75,Sunday,True,9,Sunny,66.5,11
cherokee_run,2026-03-08,09:00,2026-03-05,3,74,Sunday,True,9,Sunny,66.5,11
cherokee_run,2026-03-08,09:00,2026-03-06,2,78,Sunday,True,9,Sunny,66.5,11
cherokee_run,2026-03-08,09:00,2026-03-07,1,76,Sunday,True,9,Sunny,66.5,11
cherokee_run,2026-03-08,09:00,2026-03-08,0,85,Sunday,True,9,Sunny,66.5,11
cherokee_run,2026-03-08,10:00,2026-02-22,14,62,Sunday,True,10,Sunny,66.5,11
cherokee_run,2026-03-08,10:00,2026-02-26,10,63,Sunday,True,10,Sunny,66.5,11
cherokee_run,2026-03-08,10:00,2026-03-01,7,68,Sunday,True,10,Sunny,66.5,11
cherokee_run,2026-03-08,10:00,2026-03-03,5,68,Sunday,True,10,Sunny,66.5,11
cherokee_run,2026-03-08,10:00,2026-03-05,3,67,Sunday,True,10,Sunny,66.5,11
cherokee_run,2026-03-08,10:00,2026-03-06,2,73,Sunday,True,10,Sunny,66.5,11
cherokee_run,2026-03-08,10:00,2026-03-07,1,72,Sunday,True,10,Sunny,66.5,11
cherokee_run,2026-03-08,10:00,2026-03-08,0,75,Sunday,True,10,Sunny,66.5,11
cherokee_run,2026-03-08,12:00,2026-02-22,14,50,Sunday,True,12,Sunny,66.5,11
cherokee_run,2026-03-08,12:00,2026-02-26,10,53,Sunday,True,12,Sunny,66.5,11
cherokee_run,2026-03-08,12:00,2026-03-01,7,58,Sunday,True,12,Sunny,66.5,11
cherokee_run,2026-03-08,12:00,2026-03-03,5,60,Sunday,True,12,Sunny,66.5,11
cherokee_run,2026-03-08,12:00,2026-03-05,3,61,Sunday,True,12,Sunny,66.5,11
cherokee_run,2026-03-08,12:00,2026-03-06,2,65,Sunday,True,12,Sunny,66.5,11
cherokee_run,2026-03-08,12:00,2026-03-07,1,62,Sunday,True,12,Sunny,66.5,11
cherokee_run,2026-03-08,12:00,2026-03-08,0,64,Sunday,True,12,Sunny,66.5,11
cherokee_run,2026-03-08,14:00,2026-02-22,14,50,Sunday,True,14,Sunny,66.5,11
cherokee_run,2026-03-08,14:00,2026-02-26,10,53,Sunday,True,14,Sunny,66.5,11
cherokee_run,2026-03-08,14:00,2026-03-01,7,53,Sunday,True,14,Sunny,66.5,11
cherokee_run,2026-03-08,14:00,2026-03-03,5,57,Sunday,True,14,Sunny,66.5,11
cherokee_run,2026-03-08,14:00,2026-03-05,3,55,Sunday,True,14,Sunny,66.5,11
cherokee_run,2026-03-08,14:00,2026-03-06,2,63,Sunday,True,14,Sunny,66.5,11
cherokee_run,2026-03-08,14:00,2026-03-07,1,62,Sunday,True,14,Sunny,66.5,11
cherokee_run,2026-03-08,14:00,2026-03-08,0,60,Sunday,True,14,Sunny,66.5,11
cherokee_run,2026-03-08,16:00,2026-02-22,14,43,Sunday,True,16,Sunny,66.5,11
cherokee_run,2026-03-08,16:00,2026-02-26,10,47,Sunday,True,16,Sunny,66.5,11
cherokee_run,2026-03-08,16:00,2026-03-01,7,46,Sunday,True,16,Sunny,66.5,11
cherokee_run,2026-03-08,16:00,2026-03-03,5,47,Sunday,True,16,Sunny,66.5,11
cherokee_run,2026-03-08,16:00,2026-03-05,3,47,Sunday,True,16,Sunny,66.5,11
cherokee_run,2026-03-08,16:00,2026-03-06,2,49,Sunday,True,16,Sunny,66.5,11
cherokee_run,2026-03-08,16:00,2026-03-07,1,52,Sunday,True,16,Sunny,66.5,11
cherokee_run,2026-03-08,16:00,2026-03-08,0,52,Sunday,True,16,Sunny,66.5,11
cherokee_run,2026-03-09,07:00,2026-02-23,14,42,Monday,False,7,Partly Cloudy,61.4,27
cherokee_run,2026-03-09,07:00,2026-02-27,10,43,Monday,False,7,Partly Cloudy,61.4,27
cherokee_run,2026-03-09,07:00,2026-03-02,7,45,Monday,False,7,Partly Cloudy,61.4,27
cherokee_run,2026-03-09,07:00,2026-03-04,5,45,Monday,False,7,Partly Cloudy,61.4,27
cherokee_run,2026-03-09,07:00,2026-03-06,3,48,Monday,False,7,Partly Cloudy,61.4,27
cherokee_run,2026-03-09,07:00,2026-03-07,2,48,Monday,False,7,Partly Cloudy,61.4,27
cherokee_run,2026-03-09,07:00,2026-03-08,1,49,Monday,False,7,Partly Cloudy,61.4,27
cherokee_run,2026-03-09,07:00,2026-03-09,0,53,Monday,False,7,Partly Cloudy,61.4,27
cherokee_run,2026-03-09,08:00,2026-02-23,14,42,Monday,False,8,Partly Cloudy,61.4,27
cherokee_run,2026-03-09,08:00,2026-02-27,10,45,Monday,False,8,Partly Cloudy,61.4,27
cherokee_run,2026-03-09,08:00,2026-03-02,7,48,Monday,False,8,Partly Cloudy,61.4,27
cherokee_run,2026-03-09,08:00,2026-03-04,5,47,Monday,False,8,Partly Cloudy,61.4,27
cherokee_run,2026-03-09,08:00,2026-03-06,3,48,Monday,False,8,Partly Cloudy,61.4,27
cherokee_run,2026-03-09,08:00,2026-03-07,2,50,Monday,False,8,Partly Cloudy,61.4,27
cherokee_run,2026-03-09,08:00,2026-03-08,1,50,Monday,False,8,Partly Cloudy,61.4,27
cherokee_run,2026-03-09,08:00,2026-03-09,0,50,Monday,False,8,Partly Cloudy,61.4,27
cherokee_run,2026-03-09,09:00,2026-02-23,14,42,Monday,False,9,Partly Cloudy,61.4,27
cherokee_run,2026-03-09,09:00,2026-02-27,10,44,Monday,False,9,Partly Cloudy,61.4,27
cherokee_run,2026-03-09,09:00,2026-03-02,7,46,Monday,False,9,Partly Cloudy,61.4,27
cherokee_run,2026-03-09,09:00,2026-03-04,5,47,Monday,False,9,Partly Cloudy,61.4,27
cherokee_run,2026-03-09,09:00,2026-03-06,3,49,Monday,False,9,Partly Cloudy,61.4,27
cherokee_run,2026-03-09,09:00,2026-03-07,2,50,Monday,False,9,Partly Cloudy,61.4,27
cherokee_run,2026-03-09,09:00,2026-03-08,1,50,Monday,False,9,Partly Cloudy,61.4,27
cherokee_run,2026-03-09,09:00,2026-03-09,0,50,Monday,False,9,Partly Cloudy,61.4,27
cherokee_run,2026-03-09,10:00,2026-02-23,14,38,Monday,False,10,Partly Cloudy,61.4,27
cherokee_run,2026-03-09,10:00,2026-02-27,10,43,Monday,False,10,Partly Cloudy,61.4,27
cherokee_run,2026-03-09,10:00,2026-03-02,7,42,Monday,False,10,Partly Cloudy,61.4,27
cherokee_run,2026-03-09,10:00,2026-03-04,5,44,Monday,False,10,Partly Cloudy,61.4,27
cherokee_run,2026-03-09,10:00,2026-03-06,3,45,Monday,False,10,Partly Cloudy,61.4,27
cherokee_run,2026-03-09,10:00,2026-03-07,2,47,Monday,False,10,Partly Cloudy,61.4,27
cherokee_run,2026-03-09,10:00,2026-03-08,1,50,Monday,False,10,Partly Cloudy,61.4,27
cherokee_run,2026-03-09,10:00,2026-03-09,0,49,Monday,False,10,Partly Cloudy,61.4,27
cherokee_run,2026-03-09,12:00,2026-02-23,14,38,Monday,False,12,Partly Cloudy,61.4,27
cherokee_run,2026-03-09,12:00,2026-02-27,10,37,Monday,False,12,Partly Cloudy,61.4,27
cherokee_run,2026-03-09,12:00,2026-03-02,7,40,Monday,False,12,Partly Cloudy,61.4,27
cherokee_run,2026-03-09,12:00,2026-03-04,5,40,Monday,False,12,Partly Cloudy,61.4,27
cherokee_run,2026-03-09,12:00,2026-03-06,3,40,Monday,False,12,Partly Cloudy,61.4,27
cherokee_run,2026-03-09,12:00,2026-03-07,2,44,Monday,False,12,Partly Cloudy,61.4,27
cherokee_run,2026-03-09,12:00,2026-03-08,1,43,Monday,False,12,Partly Cloudy,61.4,27
cherokee_run,2026-03-09,12:00,2026-03-09,0,44,Monday,False,12,Partly Cloudy,61.4,27
cherokee_run,2026-03-09,14:00,2026-02-23,14,37,Monday,False,14,Partly Cloudy,61.4,27
cherokee_run,2026-03-09,14:00,2026-02-27,10,36,Monday,False,14,Partly Cloudy,61.4,27
cherokee_run,2026-03-09,14:00,2026-03-02,7,37,Monday,False,14,Partly Cloudy,61.4,27
cherokee_run,2026-03-09,14:00,2026-03-04,5,39,Monday,False,14,Partly Cloudy,61.4,27
cherokee_run,2026-03-09,14:00,2026-03-06,3,42,Monday,False,14,Partly Cloudy,61.4,27
cherokee_run,2026-03-09,14:00,2026-03-07,2,44,Monday,False,14,Partly Cloudy,61.4,27
cherokee_run,2026-03-09,14:00,2026-03-08,1,41,Monday,False,14,Partly Cloudy,61.4,27
cherokee_run,2026-03-09,14:00,2026-03-09,0,41,Monday,False,14,Partly Cloudy,61.4,27
cherokee_run,2026-03-09,16:00,2026-02-23,14,29,Monday,False,16,Partly Cloudy,61.4,27
cherokee_run,2026-03-09,16:00,2026-02-27,10,29,Monday,False,16,Partly Cloudy,61.4,27
cherokee_run,2026-03-09,16:00,2026-03-02,7,31,Monday,False,16,Partly Cloudy,61.4,27
cherokee_run,2026-03-09,16:00,2026-03-04,5,31,Monday,False,16,Partly Cloudy,61.4,27
cherokee_run,2026-03-09,16:00,2026-03-06,3,31,Monday,False,16,Partly Cloudy,61.4,27
cherokee_run,2026-03-09,16:00,2026-03-07,2,36,Monday,False,16,Partly Cloudy,61.4,27
cherokee_run,2026-03-09,16:00,2026-03-08,1,34,Monday,False,16,Partly Cloudy,61.4,27
cherokee_run,2026-03-09,16:00,2026-03-09,0,37,Monday,False,16,Partly Cloudy,61.4,27
cherokee_run,2026-03-10,07:00,2026-02-24,14,40,Tuesday,False,7,Overcast,70.8,37
cherokee_run,2026-03-10,07:00,2026-02-28,10,41,Tuesday,False,7,Overcast,70.8,37
cherokee_run,2026-03-10,07:00,2026-03-03,7,44,Tuesday,False,7,Overcast,70.8,37
cherokee_run,2026-03-10,07:00,2026-03-05,5,44,Tuesday,False,7,Overcast,70.8,37
cherokee_run,2026-03-10,07:00,2026-03-07,3,45,Tuesday,False,7,Overcast,70.8,37
cherokee_run,2026-03-10,07:00,2026-03-08,2,48,Tuesday,False,7,Overcast,70.8,37
cherokee_run,2026-03-10,07:00,2026-03-09,1,47,Tuesday,False,7,Overcast,70.8,37
cherokee_run,2026-03-10,07:00,2026-03-10,0,47,Tuesday,False,7,Overcast,70.8,37
cherokee_run,2026-03-10,08:00,2026-02-24,14,40,Tuesday,False,8,Overcast,70.8,37
cherokee_run,2026-03-10,08:00,2026-02-28,10,43,Tuesday,False,8,Overcast,70.8,37
cherokee_run,2026-03-10,08:00,2026-03-03,7,42,Tuesday,False,8,Overcast,70.8,37
cherokee_run,2026-03-10,08:00,2026-03-05,5,45,Tuesday,False,8,Overcast,70.8,37
cherokee_run,2026-03-10,08:00,2026-03-07,3,47,Tuesday,False,8,Overcast,70.8,37
cherokee_run,2026-03-10,08:00,2026-03-08,2,48,Tuesday,False,8,Overcast,70.8,37
cherokee_run,2026-03-10,08:00,2026-03-09,1,48,Tuesday,False,8,Overcast,70.8,37
cherokee_run,2026-03-10,08:00,2026-03-10,0,49,Tuesday,False,8,Overcast,70.8,37
cherokee_run,2026-03-10,09:00,2026-02-24,14,39,Tuesday,False,9,Overcast,70.8,37
cherokee_run,2026-03-10,09:00,2026-02-28,10,41,Tuesday,False,9,Overcast,70.8,37
cherokee_run,2026-03-10,09:00,2026-03-03,7,42,Tuesday,False,9,Overcast,70.8,37
cherokee_run,2026-03-10,09:00,2026-03-05,5,45,Tuesday,False,9,Overcast,70.8,37
cherokee_run,2026-03-10,09:00,2026-03-07,3,46,Tuesday,False,9,Overcast,70.8,37
cherokee_run,2026-03-10,09:00,2026-03-08,2,49,Tuesday,False,9,Overcast,70.8,37
cherokee_run,2026-03-10,09:00,2026-03-09,1,47,Tuesday,False,9,Overcast,70.8,37
cherokee_run,2026-03-10,09:00,2026-03-10,0,50,Tuesday,False,9,Overcast,70.8,37
cherokee_run,2026-03-10,10:00,2026-02-24,14,38,Tuesday,False,10,Overcast,70.8,37
cherokee_run,2026-03-10,10:00,2026-02-28,10,40,Tuesday,False,10,Overcast,70.8,37
cherokee_run,2026-03-10,10:00,2026-03-03,7,38,Tuesday,False,10,Overcast,70.8,37
cherokee_run,2026-03-10,10:00,2026-03-05,5,42,Tuesday,False,10,Overcast,70.8,37
cherokee_run,2026-03-10,10:00,2026-03-07,3,42,Tuesday,False,10,Overcast,70.8,37
cherokee_run,2026-03-10,10:00,2026-03-08,2,46,Tuesday,False,10,Overcast,70.8,37
cherokee_run,2026-03-10,10:00,2026-03-09,1,46,Tuesday,False,10,Overcast,70.8,37
cherokee_run,2026-03-10,10:00,2026-03-10,0,46,Tuesday,False,10,Overcast,70.8,37
cherokee_run,2026-03-10,12:00,2026-02-24,14,34,Tuesday,False,12,Overcast,70.8,37
cherokee_run,2026-03-10,12:00,2026-02-28,10,34,Tuesday,False,12,Overcast,70.8,37
cherokee_run,2026-03-10,12:00,2026-03-03,7,35,Tuesday,False,12,Overcast,70.8,37
cherokee_run,2026-03-10,12:00,2026-03-05,5,37,Tuesday,False,12,Overcast,70.8,37
cherokee_run,2026-03-10,12:00,2026-03-07,3,39,Tuesday,False,12,Overcast,70.8,37
cherokee_run,2026-03-10,12:00,2026-03-08,2,41,Tuesday,False,12,Overcast,70.8,37
cherokee_run,2026-03-10,12:00,2026-03-09,1,39,Tuesday,False,12,Overcast,70.8,37
cherokee_run,2026-03-10,12:00,2026-03-10,0,43,Tuesday,False,12,Overcast,70.8,37
cherokee_run,2026-03-10,14:00,2026-02-24,14,34,Tuesday,False,14,Overcast,70.8,37
cherokee_run,2026-03-10,14:00,2026-02-28,10,35,Tuesday,False,14,Overcast,70.8,37
cherokee_run,2026-03-10,14:00,2026-03-03,7,36,Tuesday,False,14,Overcast,70.8,37
cherokee_run,2026-03-10,14:00,2026-03-05,5,37,Tuesday,False,14,Overcast,70.8,37
cherokee_run,2026-03-10,14:00,2026-03-07,3,39,Tuesday,False,14,Overcast,70.8,37
cherokee_run,2026-03-10,14:00,2026-03-08,2,41,Tuesday,False,14,Overcast,70.8,37
cherokee_run,2026-03-10,14:00,2026-03-09,1,39,Tuesday,False,14,Overcast,70.8,37
cherokee_run,2026-03-10,14:00,2026-03-10,0,41,Tuesday,False,14,Overcast,70.8,37
cherokee_run,2026-03-10,16:00,2026-02-24,14,29,Tuesday,False,16,Overcast,70.8,37
cherokee_run,2026-03-10,16:00,2026-02-28,10,29,Tuesday,False,16,Overcast,70.8,37
cherokee_run,2026-03-10,16:00,2026-03-03,7,30,Tuesday,False,16,Overcast,70.8,37
cherokee_run,2026-03-10,16:00,2026-03-05,5,31,Tuesday,False,16,Overcast,70.8,37
cherokee_run,2026-03-10,16:00,2026-03-07,3,31,Tuesday,False,16,Overcast,70.8,37
cherokee_run,2026-03-10,16:00,2026-03-08,2,33,Tuesday,False,16,Overcast,70.8,37
cherokee_run,2026-03-10,16:00,2026-03-09,1,33,Tuesday,False,16,Overcast,70.8,37
cherokee_run,2026-03-10,16:00,2026-03-10,0,35,Tuesday,False,16,Overcast,70.8,37
mystery_valley,2026-02-11,07:00,2026-02-11,0,28,Wednesday,False,7,Partly Cloudy,60.5,21
mystery_valley,2026-02-11,08:00,2026-02-11,0,29,Wednesday,False,8,Partly Cloudy,60.5,21
mystery_valley,2026-02-11,09:00,2026-02-11,0,29,Wednesday,False,9,Partly Cloudy,60.5,21
mystery_valley,2026-02-11,10:00,2026-02-11,0,28,Wednesday,False,10,Partly Cloudy,60.5,21
mystery_valley,2026-02-11,12:00,2026-02-11,0,24,Wednesday,False,12,Partly Cloudy,60.5,21
mystery_valley,2026-02-11,14:00,2026-02-11,0,25,Wednesday,False,14,Partly Cloudy,60.5,21
mystery_valley,2026-02-11,16:00,2026-02-11,0,21,Wednesday,False,16,Partly Cloudy,60.5,21
mystery_valley,2026-02-12,07:00,2026-02-11,1,31,Thursday,False,7,Partly Cloudy,65.9,16
mystery_valley,2026-02-12,07:00,2026-02-12,0,32,Thursday,False,7,Partly Cloudy,65.9,16
mystery_valley,2026-02-12,08:00,2026-02-11,1,31,Thursday,False,8,Partly Cloudy,65.9,16
mystery_valley,2026-02-12,08:00,2026-02-12,0,31,Thursday,False,8,Partly Cloudy,65.9,16
mystery_valley,2026-02-12,09:00,2026-02-11,1,30,Thursday,False,9,Partly Cloudy,65.9,16
mystery_valley,2026-02-12,09:00,2026-02-12,0,31,Thursday,False,9,Partly Cloudy,65.9,16
mystery_valley,2026-02-12,10:00,2026-02-11,1,28,Thursday,False,10,Partly Cloudy,65.9,16
mystery_valley,2026-02-12,10:00,2026-02-12,0,30,Thursday,False,10,Partly Cloudy,65.9,16
mystery_valley,2026-02-12,12:00,2026-02-11,1,25,Thursday,False,12,Partly Cloudy,65.9,16
mystery_valley,2026-02-12,12:00,2026-02-12,0,25,Thursday,False,12,Partly Cloudy,65.9,16
mystery_valley,2026-02-12,14:00,2026-02-11,1,26,Thursday,False,14,Partly Cloudy,65.9,16
mystery_valley,2026-02-12,14:00,2026-02-12,0,26,Thursday,False,14,Partly Cloudy,65.9,16
mystery_valley,2026-02-12,16:00,2026-02-11,1,20,Thursday,False,16,Partly Cloudy,65.9,16
mystery_valley,2026-02-12,16:00,2026-02-12,0,21,Thursday,False,16,Partly Cloudy,65.9,16
mystery_valley,2026-02-13,07:00,2026-02-11,2,30,Friday,False,7,Partly Cloudy,48.4,21
mystery_valley,2026-02-13,07:00,2026-02-12,1,31,Friday,False,7,Partly Cloudy,48.4,21
mystery_valley,2026-02-13,07:00,2026-02-13,0,32,Friday,False,7,Partly Cloudy,48.4,21
mystery_valley,2026-02-13,08:00,2026-02-11,2,31,Friday,False,8,Partly Cloudy,48.4,21
mystery_valley,2026-02-13,08:00,2026-02-12,1,31,Friday,False,8,Partly Cloudy,48.4,21
mystery_valley,2026-02-13,08:00,2026-02-13,0,31,Friday,False,8,Partly Cloudy,48.4,21
mystery_valley,2026-02-13,09:00,2026-02-11,2,32,Friday,False,9,Partly Cloudy,48.4,21
mystery_valley,2026-02-13,09:00,2026-02-12,1,31,Friday,False,9,Partly Cloudy,48.4,21
mystery_valley,2026-02-13,09:00,2026-02-13,0,32,Friday,False,9,Partly Cloudy,48.4,21
mystery_valley,2026-02-13,10:00,2026-02-11,2,30,Friday,False,10,Partly Cloudy,48.4,21
mystery_valley,2026-02-13,10:00,2026-02-12,1,29,Friday,False,10,Partly Cloudy,48.4,21
mystery_valley,2026-02-13,10:00,2026-02-13,0,30,Friday,False,10,Partly Cloudy,48.4,21
mystery_valley,2026-02-13,12:00,2026-02-11,2,24,Friday,False,12,Partly Cloudy,48.4,21
mystery_valley,2026-02-13,12:00,2026-02-12,1,25,Friday,False,12,Partly Cloudy,48.4,21
mystery_valley,2026-02-13,12:00,2026-02-13,0,28,Friday,False,12,Partly Cloudy,48.4,21
mystery_valley,2026-02-13,14:00,2026-02-11,2,26,Friday,False,14,Partly Cloudy,48.4,21
mystery_valley,2026-02-13,14:00,2026-02-12,1,26,Friday,False,14,Partly Cloudy,48.4,21
mystery_valley,2026-02-13,14:00,2026-02-13,0,27,Friday,False,14,Partly Cloudy,48.4,21
mystery_valley,2026-02-13,16:00,2026-02-11,2,21,Friday,False,16,Partly Cloudy,48.4,21
mystery_valley,2026-02-13,16:00,2026-02-12,1,21,Friday,False,16,Partly Cloudy,48.4,21
mystery_valley,2026-02-13,16:00,2026-02-13,0,22,Friday,False,16,Partly Cloudy,48.4,21
mystery_valley,2026-02-14,07:00,2026-02-11,3,36,Saturday,True,7,Overcast,65.3,44
mystery_valley,2026-02-14,07:00,2026-02-12,2,39,Saturday,True,7,Overcast,65.3,44
mystery_valley,2026-02-14,07:00,2026-02-13,1,38,Saturday,True,7,Overcast,65.3,44
mystery_valley,2026-02-14,07:00,2026-02-14,0,41,Saturday,True,7,Overcast,65.3,44
mystery_valley,2026-02-14,08:00,2026-02-11,3,37,Saturday,True,8,Overcast,65.3,44
mystery_valley,2026-02-14,08:00,2026-02-12,2,38,Saturday,True,8,Overcast,65.3,44
mystery_valley,2026-02-14,08:00,2026-02-13,1,39,Saturday,True,8,Overcast,65.3,44
mystery_valley,2026-02-14,08:00,2026-02-14,0,41,Saturday,True,8,Overcast,65.3,44
mystery_valley,2026-02-14,09:00,2026-02-11,3,36,Saturday,True,9,Overcast,65.3,44
mystery_valley,2026-02-14,09:00,2026-02-12,2,39,Saturday,True,9,Overcast,65.3,44
mystery_valley,2026-02-14,09:00,2026-02-13,1,39,Saturday,True,9,Overcast,65.3,44
mystery_valley,2026-02-14,09:00,2026-02-14,0,42,Saturday,True,9,Overcast,65.3,44
mystery_valley,2026-02-14,10:00,2026-02-11,3,32,Saturday,True,10,Overcast,65.3,44
mystery_valley,2026-02-14,10:00,2026-02-12,2,36,Saturday,True,10,Overcast,65.3,44
mystery_valley,2026-02-14,10:00,2026-02-13,1,35,Saturday,True,10,Overcast,65.3,44
mystery_valley,2026-02-14,10:00,2026-02-14,0,36,Saturday,True,10,Overcast,65.3,44
mystery_valley,2026-02-14,12:00,2026-02-11,3,29,Saturday,True,12,Overcast,65.3,44
mystery_valley,2026-02-14,12:00,2026-02-12,2,30,Saturday,True,12,Overcast,65.3,44
mystery_valley,2026-02-14,12:00,2026-02-13,1,31,Saturday,True,12,Overcast,65.3,44
mystery_valley,2026-02-14,12:00,2026-02-14,0,31,Saturday,True,12,Overcast,65.3,44
mystery_valley,2026-02-14,14:00,2026-02-11,3,30,Saturday,True,14,Overcast,65.3,44
mystery_valley,2026-02-14,14:00,2026-02-12,2,31,Saturday,True,14,Overcast,65.3,44
mystery_valley,2026-02-14,14:00,2026-02-13,1,31,Saturday,True,14,Overcast,65.3,44
mystery_valley,2026-02-14,14:00,2026-02-14,0,31,Saturday,True,14,Overcast,65.3,44
mystery_valley,2026-02-14,16:00,2026-02-11,3,25,Saturday,True,16,Overcast,65.3,44
mystery_valley,2026-02-14,16:00,2026-02-12,2,26,Saturday,True,16,Overcast,65.3,44
mystery_valley,2026-02-14,16:00,2026-02-13,1,25,Saturday,True,16,Overcast,65.3,44
mystery_valley,2026-02-14,16:00,2026-02-14,0,26,Saturday,True,16,Overcast,65.3,44
mystery_valley,2026-02-15,07:00,2026-02-12,3,41,Sunday,True,7,Sunny,59.9,14
mystery_valley,2026-02-15,07:00,2026-02-13,2,43,Sunday,True,7,Sunny,59.9,14
mystery_valley,2026-02-15,07:00,2026-02-14,1,42,Sunday,True,7,Sunny,59.9,14
mystery_valley,2026-02-15,07:00,2026-02-15,0,43,Sunday,True,7,Sunny,59.9,14
mystery_valley,2026-02-15,08:00,2026-02-12,3,40,Sunday,True,8,Sunny,59.9,14
mystery_valley,2026-02-15,08:00,2026-02-13,2,44,Sunday,True,8,Sunny,59.9,14
mystery_valley,2026-02-15,08:00,2026-02-14,1,42,Sunday,True,8,Sunny,59.9,14
mystery_valley,2026-02-15,08:00,2026-02-15,0,42,Sunday,True,8,Sunny,59.9,14
mystery_valley,2026-02-15,09:00,2026-02-12,3,40,Sunday,True,9,Sunny,59.9,14
mystery_valley,2026-02-15,09:00,2026-02-13,2,43,Sunday,True,9,Sunny,59.9,14
mystery_valley,2026-02-15,09:00,2026-02-14,1,42,Sunday,True,9,Sunny,59.9,14
mystery_valley,2026-02-15,09:00,2026-02-15,0,45,Sunday,True,9,Sunny,59.9,14
mystery_valley,2026-02-15,10:00,2026-02-12,3,38,Sunday,True,10,Sunny,59.9,14
mystery_valley,2026-02-15,10:00,2026-02-13,2,39,Sunday,True,10,Sunny,59.9,14
mystery_valley,2026-02-15,10:00,2026-02-14,1,39,Sunday,True,10,Sunny,59.9,14
mystery_valley,2026-02-15,10:00,2026-02-15,0,38,Sunday,True,10,Sunny,59.9,14
mystery_valley,2026-02-15,12:00,2026-02-12,3,33,Sunday,True,12,Sunny,59.9,14
mystery_valley,2026-02-15,12:00,2026-02-13,2,33,Sunday,True,12,Sunny,59.9,14
mystery_valley,2026-02-15,12:00,2026-02-14,1,33,Sunday,True,12,Sunny,59.9,14
mystery_valley,2026-02-15,12:00,2026-02-15,0,34,Sunday,True,12,Sunny,59.9,14
mystery_valley,2026-02-15,14:00,2026-02-12,3,32,Sunday,True,14,Sunny,59.9,14
mystery_valley,2026-02-15,14:00,2026-02-13,2,32,Sunday,True,14,Sunny,59.9,14
mystery_valley,2026-02-15,14:00,2026-02-14,1,32,Sunday,True,14,Sunny,59.9,14
mystery_valley,2026-02-15,14:00,2026-02-15,0,34,Sunday,True,14,Sunny,59.9,14
mystery_valley,2026-02-15,16:00,2026-02-12,3,26,Sunday,True,16,Sunny,59.9,14
mystery_valley,2026-02-15,16:00,2026-02-13,2,28,Sunday,True,16,Sunny,59.9,14
mystery_valley,2026-02-15,16:00,2026-02-14,1,27,Sunday,True,16,Sunny,59.9,14
mystery_valley,2026-02-15,16:00,2026-02-15,0,30,Sunday,True,16,Sunny,59.9,14
mystery_valley,2026-02-16,07:00,2026-02-11,5,24,Monday,False,7,Sunny,52.7,7
mystery_valley,2026-02-16,07:00,2026-02-13,3,25,Monday,False,7,Sunny,52.7,7
mystery_valley,2026-02-16,07:00,2026-02-14,2,25,Monday,False,7,Sunny,52.7,7
mystery_valley,2026-02-16,07:00,2026-02-15,1,27,Monday,False,7,Sunny,52.7,7
mystery_valley,2026-02-16,07:00,2026-02-16,0,26,Monday,False,7,Sunny,52.7,7
mystery_valley,2026-02-16,08:00,2026-02-11,5,23,Monday,False,8,Sunny,52.7,7
mystery_valley,2026-02-16,08:00,2026-02-13,3,25,Monday,False,8,Sunny,52.7,7
mystery_valley,2026-02-16,08:00,2026-02-14,2,26,Monday,False,8,Sunny,52.7,7
mystery_valley,2026-02-16,08:00,2026-02-15,1,25,Monday,False,8,Sunny,52.7,7
mystery_valley,2026-02-16,08:00,2026-02-16,0,28,Monday,False,8,Sunny,52.7,7
mystery_valley,2026-02-16,09:00,2026-02-11,5,25,Monday,False,9,Sunny,52.7,7
mystery_valley,2026-02-16,09:00,2026-02-13,3,24,Monday,False,9,Sunny,52.7,7
mystery_valley,2026-02-16,09:00,2026-02-14,2,27,Monday,False,9,Sunny,52.7,7
mystery_valley,2026-02-16,09:00,2026-02-15,1,26,Monday,False,9,Sunny,52.7,7
mystery_valley,2026-02-16,09:00,2026-02-16,0,26,Monday,False,9,Sunny,52.7,7
mystery_valley,2026-02-16,10:00,2026-02-11,5,24,Monday,False,10,Sunny,52.7,7
mystery_valley,2026-02-16,10:00,2026-02-13,3,24,Monday,False,10,Sunny,52.7,7
mystery_valley,2026-02-16,10:00,2026-02-14,2,25,Monday,False,10,Sunny,52.7,7
mystery_valley,2026-02-16,10:00,2026-02-15,1,24,Monday,False,10,Sunny,52.7,7
mystery_valley,2026-02-16,10:00,2026-02-16,0,25,Monday,False,10,Sunny,52.7,7
mystery_valley,2026-02-16,12:00,2026-02-11,5,20,Monday,False,12,Sunny,52.7,7
mystery_valley,2026-02-16,12:00,2026-02-13,3,21,Monday,False,12,Sunny,52.7,7
mystery_valley,2026-02-16,12:00,2026-02-14,2,21,Monday,False,12,Sunny,52.7,7
mystery_valley,2026-02-16,12:00,2026-02-15,1,22,Monday,False,12,Sunny,52.7,7
mystery_valley,2026-02-16,12:00,2026-02-16,0,22,Monday,False,12,Sunny,52.7,7
mystery_valley,2026-02-16,14:00,2026-02-11,5,20,Monday,False,14,Sunny,52.7,7
mystery_valley,2026-02-16,14:00,2026-02-13,3,20,Monday,False,14,Sunny,52.7,7
mystery_valley,2026-02-16,14:00,2026-02-14,2,21,Monday,False,14,Sunny,52.7,7
mystery_valley,2026-02-16,14:00,2026-02-15,1,22,Monday,False,14,Sunny,52.7,7
mystery_valley,2026-02-16,14:00,2026-02-16,0,22,Monday,False,14,Sunny,52.7,7
mystery_valley,2026-02-16,16:00,2026-02-11,5,16,Monday,False,16,Sunny,52.7,7
mystery_valley,2026-02-16,16:00,2026-02-13,3,17,Monday,False,16,Sunny,52.7,7
mystery_valley,2026-02-16,16:00,2026-02-14,2,17,Monday,False,16,Sunny,52.7,7
mystery_valley,2026-02-16,16:00,2026-02-15,1,17,Monday,False,16,Sunny,52.7,7
mystery_valley,2026-02-16,16:00,2026-02-16,0,17,Monday,False,16,Sunny,52.7,7
mystery_valley,2026-02-17,07:00,2026-02-12,5,27,Tuesday,False,7,Sunny,59.0,1
mystery_valley,2026-02-17,07:00,2026-02-14,3,28,Tuesday,False,7,Sunny,59.0,1
mystery_valley,2026-02-17,07:00,2026-02-15,2,29,Tuesday,False,7,Sunny,59.0,1
mystery_valley,2026-02-17,07:00,2026-02-16,1,31,Tuesday,False,7,Sunny,59.0,1
mystery_valley,2026-02-17,07:00,2026-02-17,0,32,Tuesday,False,7,Sunny,59.0,1
mystery_valley,2026-02-17,08:00,2026-02-12,5,27,Tuesday,False,8,Sunny,59.0,1
mystery_valley,2026-02-17,08:00,2026-02-14,3,27,Tuesday,False,8,Sunny,59.0,1
mystery_valley,2026-02-17,08:00,2026-02-15,2,30,Tuesday,False,8,Sunny,59.0,1
mystery_valley,2026-02-17,08:00,2026-02-16,1,30,Tuesday,False,8,Sunny,59.0,1
mystery_valley,2026-02-17,08:00,2026-02-17,0,31,Tuesday,False,8,Sunny,59.0,1
mystery_valley,2026-02-17,09:00,2026-02-12,5,28,Tuesday,False,9,Sunny,59.0,1
mystery_valley,2026-02-17,09:00,2026-02-14,3,28,Tuesday,False,9,Sunny,59.0,1
mystery_valley,2026-02-17,09:00,2026-02-15,2,29,Tuesday,False,9,Sunny,59.0,1
mystery_valley,2026-02-17,09:00,2026-02-16,1,30,Tuesday,False,9,Sunny,59.0,1
mystery_valley,2026-02-17,09:00,2026-02-17,0,30,Tuesday,False,9,Sunny,59.0,1
mystery_valley,2026-02-17,10:00,2026-02-12,5,27,Tuesday,False,10,Sunny,59.0,1
mystery_valley,2026-02-17,10:00,2026-02-14,3,26,Tuesday,False,10,Sunny,59.0,1
mystery_valley,2026-02-17,10:00,2026-02-15,2,29,Tuesday,False,10,Sunny,59.0,1
mystery_valley,2026-02-17,10:00,2026-02-16,1,27,Tuesday,False,10,Sunny,59.0,1
mystery_valley,2026-02-17,10:00,2026-02-17,0,29,Tuesday,False,10,Sunny,59.0,1
mystery_valley,2026-02-17,12:00,2026-02-12,5,23,Tuesday,False,12,Sunny,59.0,1
mystery_valley,2026-02-17,12:00,2026-02-14,3,22,Tuesday,False,12,Sunny,59.0,1
mystery_valley,2026-02-17,12:00,2026-02-15,2,23,Tuesday,False,12,Sunny,59.0,1
mystery_valley,2026-02-17,12:00,2026-02-16,1,24,Tuesday,False,12,Sunny,59.0,1
mystery_valley,2026-02-17,12:00,2026-02-17,0,25,Tuesday,False,12,Sunny,59.0,1
mystery_valley,2026-02-17,14:00,2026-02-12,5,23,Tuesday,False,14,Sunny,59.0,1
mystery_valley,2026-02-17,14:00,2026-02-14,3,23,Tuesday,False,14,Sunny,59.0,1
mystery_valley,2026-02-17,14:00,2026-02-15,2,25,Tuesday,False,14,Sunny,59.0,1
mystery_valley,2026-02-17,14:00,2026-02-16,1,24,Tuesday,False,14,Sunny,59.0,1
mystery_valley,2026-02-17,14:00,2026-02-17,0,26,Tuesday,False,14,Sunny,59.0,1
mystery_valley,2026-02-17,16:00,2026-02-12,5,18,Tuesday,False,16,Sunny,59.0,1
mystery_valley,2026-02-17,16:00,2026-02-14,3,19,Tuesday,False,16,Sunny,59.0,1
mystery_valley,2026-02-17,16:00,2026-02-15,2,20,Tuesday,False,16,Sunny,59.0,1
mystery_valley,2026-02-17,16:00,2026-02-16,1,20,Tuesday,False,16,Sunny,59.0,1
mystery_valley,2026-02-17,16:00,2026-02-17,0,20,Tuesday,False,16,Sunny,59.0,1
mystery_valley,2026-02-18,07:00,2026-02-11,7,26,Wednesday,False,7,Partly Cloudy,56.5,28
mystery_valley,2026-02-18,07:00,2026-02-13,5,26,Wednesday,False,7,Partly Cloudy,56.5,28
mystery_valley,2026-02-18,07:00,2026-02-15,3,27,Wednesday,False,7,Partly Cloudy,56.5,28
mystery_valley,2026-02-18,07:00,2026-02-16,2,29,Wednesday,False,7,Partly Cloudy,56.5,28
mystery_valley,2026-02-18,07:00,2026-02-17,1,31,Wednesday,False,7,Partly Cloudy,56.5,28
mystery_valley,2026-02-18,07:00,2026-02-18,0,29,Wednesday,False,7,Partly Cloudy,56.5,28
mystery_valley,2026-02-18,08:00,2026-02-11,7,27,Wednesday,False,8,Partly Cloudy,56.5,28
mystery_valley,2026-02-18,08:00,2026-02-13,5,27,Wednesday,False,8,Partly Cloudy,56.5,28
mystery_valley,2026-02-18,08:00,2026-02-15,3,27,Wednesday,False,8,Partly Cloudy,56.5,28
mystery_valley,2026-02-18,08:00,2026-02-16,2,30,Wednesday,False,8,Partly Cloudy,56.5,28
mystery_valley,2026-02-18,08:00,2026-02-17,1,28,Wednesday,False,8,Partly Cloudy,56.5,28
mystery_valley,2026-02-18,08:00,2026-02-18,0,29,Wednesday,False,8,Partly Cloudy,56.5,28
mystery_valley,2026-02-18,09:00,2026-02-11,7,27,Wednesday,False,9,Partly Cloudy,56.5,28
mystery_valley,2026-02-18,09:00,2026-02-13,5,28,Wednesday,False,9,Partly Cloudy,56.5,28
mystery_valley,2026-02-18,09:00,2026-02-15,3,28,Wednesday,False,9,Partly Cloudy,56.5,28
mystery_valley,2026-02-18,09:00,2026-02-16,2,28,Wednesday,False,9,Partly Cloudy,56.5,28
mystery_valley,2026-02-18,09:00,2026-02-17,1,29,Wednesday,False,9,Partly Cloudy,56.5,28
mystery_valley,2026-02-18,09:00,2026-02-18,0,31,Wednesday,False,9,Partly Cloudy,56.5,28
mystery_valley,2026-02-18,10:00,2026-02-11,7,26,Wednesday,False,10,Partly Cloudy,56.5,28
mystery_valley,2026-02-18,10:00,2026-02-13,5,26,Wednesday,False,10,Partly Cloudy,56.5,28
mystery_valley,2026-02-18,10:00,2026-02-15,3,26,Wednesday,False,10,Partly Cloudy,56.5,28
mystery_valley,2026-02-18,10:00,2026-02-16,2,29,Wednesday,False,10,Partly Cloudy,56.5,28
mystery_valley,2026-02-18,10:00,2026-02-17,1,28,Wednesday,False,10,Partly Cloudy,56.5,28
mystery_valley,2026-02-18,10:00,2026-02-18,0,28,Wednesday,False,10,Partly Cloudy,56.5,28
mystery_valley,2026-02-18,12:00,2026-02-11,7,22,Wednesday,False,12,Partly Cloudy,56.5,28
mystery_valley,2026-02-18,12:00,2026-02-13,5,22,Wednesday,False,12,Partly Cloudy,56.5,28
mystery_valley,2026-02-18,12:00,2026-02-15,3,25,Wednesday,False,12,Partly Cloudy,56.5,28
mystery_valley,2026-02-18,12:00,2026-02-16,2,25,Wednesday,False,12,Partly Cloudy,56.5,28
mystery_valley,2026-02-18,12:00,2026-02-17,1,24,Wednesday,False,12,Partly Cloudy,56.5,28
mystery_valley,2026-02-18,12:00,2026-02-18,0,26,Wednesday,False,12,Partly Cloudy,56.5,28
mystery_valley,2026-02-18,14:00,2026-02-11,7,22,Wednesday,False,14,Partly Cloudy,56.5,28
mystery_valley,2026-02-18,14:00,2026-02-13,5,23,Wednesday,False,14,Partly Cloudy,56.5,28
mystery_valley,2026-02-18,14:00,2026-02-15,3,23,Wednesday,False,14,Partly Cloudy,56.5,28
mystery_valley,2026-02-18,14:00,2026-02-16,2,24,Wednesday,False,14,Partly Cloudy,56.5,28
mystery_valley,2026-02-18,14:00,2026-02-17,1,24,Wednesday,False,14,Partly Cloudy,56.5,28
mystery_valley,2026-02-18,14:00,2026-02-18,0,24,Wednesday,False,14,Partly Cloudy,56.5,28
mystery_valley,2026-02-18,16:00,2026-02-11,7,18,Wednesday,False,16,Partly Cloudy,56.5,28
mystery_valley,2026-02-18,16:00,2026-02-13,5,19,Wednesday,False,16,Partly Cloudy,56.5,28
mystery_valley,2026-02-18,16:00,2026-02-15,3,20,Wednesday,False,16,Partly Cloudy,56.5,28
mystery_valley,2026-02-18,16:00,2026-02-16,2,20,Wednesday,False,16,Partly Cloudy,56.5,28
mystery_valley,2026-02-18,16:00,2026-02-17,1,20,Wednesday,False,16,Partly Cloudy,56.5,28
mystery_valley,2026-02-18,16:00,2026-02-18,0,19,Wednesday,False,16,Partly Cloudy,56.5,28
mystery_valley,2026-02-19,07:00,2026-02-12,7,30,Thursday,False,7,Sunny,59.6,1
mystery_valley,2026-02-19,07:00,2026-02-14,5,29,Thursday,False,7,Sunny,59.6,1
mystery_valley,2026-02-19,07:00,2026-02-16,3,30,Thursday,False,7,Sunny,59.6,1
mystery_valley,2026-02-19,07:00,2026-02-17,2,32,Thursday,False,7,Sunny,59.6,1
mystery_valley,2026-02-19,07:00,2026-02-18,1,32,Thursday,False,7,Sunny,59.6,1
mystery_valley,2026-02-19,07:00,2026-02-19,0,33,Thursday,False,7,Sunny,59.6,1
mystery_valley,2026-02-19,08:00,2026-02-12,7,28,Thursday,False,8,Sunny,59.6,1
mystery_valley,2026-02-19,08:00,2026-02-14,5,29,Thursday,False,8,Sunny,59.6,1
mystery_valley,2026-02-19,08:00,2026-02-16,3,31,Thursday,False,8,Sunny,59.6,1
mystery_valley,2026-02-19,08:00,2026-02-17,2,31,Thursday,False,8,Sunny,59.6,1
mystery_valley,2026-02-19,08:00,2026-02-18,1,32,Thursday,False,8,Sunny,59.6,1
mystery_valley,2026-02-19,08:00,2026-02-19,0,31,Thursday,False,8,Sunny,59.6,1
mystery_valley,2026-02-19,09:00,2026-02-12,7,29,Thursday,False,9,Sunny,59.6,1
mystery_valley,2026-02-19,09:00,2026-02-14,5,29,Thursday,False,9,Sunny,59.6,1
mystery_valley,2026-02-19,09:00,2026-02-16,3,31,Thursday,False,9,Sunny,59.6,1
mystery_valley,2026-02-19,09:00,2026-02-17,2,31,Thursday,False,9,Sunny,59.6,1
mystery_valley,2026-02-19,09:00,2026-02-18,1,33,Thursday,False,9,Sunny,59.6,1
mystery_valley,2026-02-19,09:00,2026-02-19,0,33,Thursday,False,9,Sunny,59.6,1
mystery_valley,2026-02-19,10:00,2026-02-12,7,27,Thursday,False,10,Sunny,59.6,1
mystery_valley,2026-02-19,10:00,2026-02-14,5,29,Thursday,False,10,Sunny,59.6,1
mystery_valley,2026-02-19,10:00,2026-02-16,3,29,Thursday,False,10,Sunny,59.6,1
mystery_valley,2026-02-19,10:00,2026-02-17,2,30,Thursday,False,10,Sunny,59.6,1
mystery_valley,2026-02-19,10:00,2026-02-18,1,31,Thursday,False,10,Sunny,59.6,1
mystery_valley,2026-02-19,10:00,2026-02-19,0,30,Thursday,False,10,Sunny,59.6,1
mystery_valley,2026-02-19,12:00,2026-02-12,7,23,Thursday,False,12,Sunny,59.6,1
mystery_valley,2026-02-19,12:00,2026-02-14,5,26,Thursday,False,12,Sunny,59.6,1
mystery_valley,2026-02-19,12:00,2026-02-16,3,25,Thursday,False,12,Sunny,59.6,1
mystery_valley,2026-02-19,12:00,2026-02-17,2,27,Thursday,False,12,Sunny,59.6,1
mystery_valley,2026-02-19,12:00,2026-02-18,1,27,Thursday,False,12,Sunny,59.6,1
mystery_valley,2026-02-19,12:00,2026-02-19,0,27,Thursday,False,12,Sunny,59.6,1
mystery_valley,2026-02-19,14:00,2026-02-12,7,24,Thursday,False,14,Sunny,59.6,1
mystery_valley,2026-02-19,14:00,2026-02-14,5,25,Thursday,False,14,Sunny,59.6,1
mystery_valley,2026-02-19,14:00,2026-02-16,3,25,Thursday,False,14,Sunny,59.6,1
mystery_valley,2026-02-19,14:00,2026-02-17,2,26,Thursday,False,14,Sunny,59.6,1
mystery_valley,2026-02-19,14:00,2026-02-18,1,25,Thursday,False,14,Sunny,59.6,1
mystery_valley,2026-02-19,14:00,2026-02-19,0,28,Thursday,False,14,Sunny,59.6,1
mystery_valley,2026-02-19,16:00,2026-02-12,7,19,Thursday,False,16,Sunny,59.6,1
mystery_valley,2026-02-19,16:00,2026-02-14,5,20,Thursday,False,16,Sunny,59.6,1
mystery_valley,2026-02-19,16:00,2026-02-16,3,21,Thursday,False,16,Sunny,59.6,1
mystery_valley,2026-02-19,16:00,2026-02-17,2,21,Thursday,False,16,Sunny,59.6,1
mystery_valley,2026-02-19,16:00,2026-02-18,1,21,Thursday,False,16,Sunny,59.6,1
mystery_valley,2026-02-19,16:00,2026-02-19,0,24,Thursday,False,16,Sunny,59.6,1
mystery_valley,2026-02-20,07:00,2026-02-13,7,28,Friday,False,7,Partly Cloudy,53.8,23
mystery_valley,2026-02-20,07:00,2026-02-15,5,30,Friday,False,7,Partly Cloudy,53.8,23
mystery_valley,2026-02-20,07:00,2026-02-17,3,30,Friday,False,7,Partly Cloudy,53.8,23
mystery_valley,2026-02-20,07:00,2026-02-18,2,30,Friday,False,7,Partly Cloudy,53.8,23
mystery_valley,2026-02-20,07:00,2026-02-19,1,31,Friday,False,7,Partly Cloudy,53.8,23
mystery_valley,2026-02-20,07:00,2026-02-20,0,32,Friday,False,7,Partly Cloudy,53.8,23
mystery_valley,2026-02-20,08:00,2026-02-13,7,29,Friday,False,8,Partly Cloudy,53.8,23
mystery_valley,2026-02-20,08:00,2026-02-15,5,29,Friday,False,8,Partly Cloudy,53.8,23
mystery_valley,2026-02-20,08:00,2026-02-17,3,29,Friday,False,8,Partly Cloudy,53.8,23
mystery_valley,2026-02-20,08:00,2026-02-18,2,31,Friday,False,8,Partly Cloudy,53.8,23
mystery_valley,2026-02-20,08:00,2026-02-19,1,31,Friday,False,8,Partly Cloudy,53.8,23
mystery_valley,2026-02-20,08:00,2026-02-20,0,31,Friday,False,8,Partly Cloudy,53.8,23
mystery_valley,2026-02-20,09:00,2026-02-13,7,28,Friday,False,9,Partly Cloudy,53.8,23
mystery_valley,2026-02-20,09:00,2026-02-15,5,30,Friday,False,9,Partly Cloudy,53.8,23
mystery_valley,2026-02-20,09:00,2026-02-17,3,29,Friday,False,9,Partly Cloudy,53.8,23
mystery_valley,2026-02-20,09:00,2026-02-18,2,30,Friday,False,9,Partly Cloudy,53.8,23
mystery_valley,2026-02-20,09:00,2026-02-19,1,31,Friday,False,9,Partly Cloudy,53.8,23
mystery_valley,2026-02-20,09:00,2026-02-20,0,31,Friday,False,9,Partly Cloudy,53.8,23
mystery_valley,2026-02-20,10:00,2026-02-13,7,26,Friday,False,10,Partly Cloudy,53.8,23
mystery_valley,2026-02-20,10:00,2026-02-15,5,28,Friday,False,10,Partly Cloudy,53.8,23
mystery_valley,2026-02-20,10:00,2026-02-17,3,28,Friday,False,10,Partly Cloudy,53.8,23
mystery_valley,2026-02-20,10:00,2026-02-18,2,29,Friday,False,10,Partly Cloudy,53.8,23
mystery_valley,2026-02-20,10:00,2026-02-19,1,30,Friday,False,10,Partly Cloudy,53.8,23
mystery_valley,2026-02-20,10:00,2026-02-20,0,31,Friday,False,10,Partly Cloudy,53.8,23
mystery_valley,2026-02-20,12:00,2026-02-13,7,23,Friday,False,12,Partly Cloudy,53.8,23
mystery_valley,2026-02-20,12:00,2026-02-15,5,25,Friday,False,12,Partly Cloudy,53.8,23
mystery_valley,2026-02-20,12:00,2026-02-17,3,25,Friday,False,12,Partly Cloudy,53.8,23
mystery_valley,2026-02-20,12:00,2026-02-18,2,24,Friday,False,12,Partly Cloudy,53.8,23
mystery_valley,2026-02-20,12:00,2026-02-19,1,25,Friday,False,12,Partly Cloudy,53.8,23
mystery_valley,2026-02-20,12:00,2026-02-20,0,25,Friday,False,12,Partly Cloudy,53.8,23
mystery_valley,2026-02-20,14:00,2026-02-13,7,23,Friday,False,14,Partly Cloudy,53.8,23
mystery_valley,2026-02-20,14:00,2026-02-15,5,23,Friday,False,14,Partly Cloudy,53.8,23
mystery_valley,2026-02-20,14:00,2026-02-17,3,24,Friday,False,14,Partly Cloudy,53.8,23
mystery_valley,2026-02-20,14:00,2026-02-18,2,26,Friday,False,14,Partly Cloudy,53.8,23
mystery_valley,2026-02-20,14:00,2026-02-19,1,25,Friday,False,14,Partly Cloudy,53.8,23
mystery_valley,2026-02-20,14:00,2026-02-20,0,26,Friday,False,14,Partly Cloudy,53.8,23
mystery_valley,2026-02-20,16:00,2026-02-13,7,19,Friday,False,16,Partly Cloudy,53.8,23
mystery_valley,2026-02-20,16:00,2026-02-15,5,20,Friday,False,16,Partly Cloudy,53.8,23
mystery_valley,2026-02-20,16:00,2026-02-17,3,20,Friday,False,16,Partly Cloudy,53.8,23
mystery_valley,2026-02-20,16:00,2026-02-18,2,20,Friday,False,16,Partly Cloudy,53.8,23
mystery_valley,2026-02-20,16:00,2026-02-19,1,21,Friday,False,16,Partly Cloudy,53.8,23
mystery_valley,2026-02-20,16:00,2026-02-20,0,22,Friday,False,16,Partly Cloudy,53.8,23
mystery_valley,2026-02-21,07:00,2026-02-11,10,30,Saturday,True,7,Overcast,52.0,60
mystery_valley,2026-02-21,07:00,2026-02-14,7,33,Saturday,True,7,Overcast,52.0,60
mystery_valley,2026-02-21,07:00,2026-02-16,5,32,Saturday,True,7,Overcast,52.0,60
mystery_valley,2026-02-21,07:00,2026-02-18,3,32,Saturday,True,7,Overcast,52.0,60
mystery_valley,2026-02-21,07:00,2026-02-19,2,34,Saturday,True,7,Overcast,52.0,60
mystery_valley,2026-02-21,07:00,2026-02-20,1,36,Saturday,True,7,Overcast,52.0,60
mystery_valley,2026-02-21,07:00,2026-02-21,0,36,Saturday,True,7,Overcast,52.0,60
mystery_valley,2026-02-21,08:00,2026-02-11,10,31,Saturday,True,8,Overcast,52.0,60
mystery_valley,2026-02-21,08:00,2026-02-14,7,32,Saturday,True,8,Overcast,52.0,60
mystery_valley,2026-02-21,08:00,2026-02-16,5,33,Saturday,True,8,Overcast,52.0,60
mystery_valley,2026-02-21,08:00,2026-02-18,3,35,Saturday,True,8,Overcast,52.0,60
mystery_valley,2026-02-21,08:00,2026-02-19,2,36,Saturday,True,8,Overcast,52.0,60
mystery_valley,2026-02-21,08:00,2026-02-20,1,34,Saturday,True,8,Overcast,52.0,60
mystery_valley,2026-02-21,08:00,2026-02-21,0,36,Saturday,True,8,Overcast,52.0,60
mystery_valley,2026-02-21,09:00,2026-02-11,10,32,Saturday,True,9,Overcast,52.0,60
mystery_valley,2026-02-21,09:00,2026-02-14,7,32,Saturday,True,9,Overcast,52.0,60
mystery_valley,2026-02-21,09:00,2026-02-16,5,32,Saturday,True,9,Overcast,52.0,60
mystery_valley,2026-02-21,09:00,2026-02-18,3,32,Saturday,True,9,Overcast,52.0,60
mystery_valley,2026-02-21,09:00,2026-02-19,2,36,Saturday,True,9,Overcast,52.0,60
mystery_valley,2026-02-21,09:00,2026-02-20,1,36,Saturday,True,9,Overcast,52.0,60
mystery_valley,2026-02-21,09:00,2026-02-21,0,35,Saturday,True,9,Overcast,52.0,60
mystery_valley,2026-02-21,10:00,2026-02-11,10,29,Saturday,True,10,Overcast,52.0,60
mystery_valley,2026-02-21,10:00,2026-02-14,7,30,Saturday,True,10,Overcast,52.0,60
mystery_valley,2026-02-21,10:00,2026-02-16,5,31,Saturday,True,10,Overcast,52.0,60
mystery_valley,2026-02-21,10:00,2026-02-18,3,32,Saturday,True,10,Overcast,52.0,60
mystery_valley,2026-02-21,10:00,2026-02-19,2,33,Saturday,True,10,Overcast,52.0,60
mystery_valley,2026-02-21,10:00,2026-02-20,1,32,Saturday,True,10,Overcast,52.0,60
mystery_valley,2026-02-21,10:00,2026-02-21,0,33,Saturday,True,10,Overcast,52.0,60
mystery_valley,2026-02-21,12:00,2026-02-11,10,24,Saturday,True,12,Overcast,52.0,60
mystery_valley,2026-02-21,12:00,2026-02-14,7,24,Saturday,True,12,Overcast,52.0,60
mystery_valley,2026-02-21,12:00,2026-02-16,5,26,Saturday,True,12,Overcast,52.0,60
mystery_valley,2026-02-21,12:00,2026-02-18,3,27,Saturday,True,12,Overcast,52.0,60
mystery_valley,2026-02-21,12:00,2026-02-19,2,27,Saturday,True,12,Overcast,52.0,60
mystery_valley,2026-02-21,12:00,2026-02-20,1,27,Saturday,True,12,Overcast,52.0,60
mystery_valley,2026-02-21,12:00,2026-02-21,0,29,Saturday,True,12,Overcast,52.0,60
mystery_valley,2026-02-21,14:00,2026-02-11,10,24,Saturday,True,14,Overcast,52.0,60
mystery_valley,2026-02-21,14:00,2026-02-14,7,24,Saturday,True,14,Overcast,52.0,60
mystery_valley,2026-02-21,14:00,2026-02-16,5,26,Saturday,True,14,Overcast,52.0,60
mystery_valley,2026-02-21,14:00,2026-02-18,3,26,Saturday,True,14,Overcast,52.0,60
mystery_valley,2026-02-21,14:00,2026-02-19,2,27,Saturday,True,14,Overcast,52.0,60
mystery_valley,2026-02-21,14:00,2026-02-20,1,28,Saturday,True,14,Overcast,52.0,60
mystery_valley,2026-02-21,14:00,2026-02-21,0,27,Saturday,True,14,Overcast,52.0,60
mystery_valley,2026-02-21,16:00,2026-02-11,10,20,Saturday,True,16,Overcast,52.0,60
mystery_valley,2026-02-21,16:00,2026-02-14,7,21,Saturday,True,16,Overcast,52.0,60
mystery_valley,2026-02-21,16:00,2026-02-16,5,22,Saturday,True,16,Overcast,52.0,60
mystery_valley,2026-02-21,16:00,2026-02-18,3,21,Saturday,True,16,Overcast,52.0,60
mystery_valley,2026-02-21,16:00,2026-02-19,2,23,Saturday,True,16,Overcast,52.0,60
mystery_valley,2026-02-21,16:00,2026-02-20,1,23,Saturday,True,16,Overcast,52.0,60
mystery_valley,2026-02-21,16:00,2026-02-21,0,24,Saturday,True,16,Overcast,52.0,60
mystery_valley,2026-02-22,07:00,2026-02-12,10,39,Sunday,True,7,Sunny,59.8,6
mystery_valley,2026-02-22,07:00,2026-02-15,7,39,Sunday,True,7,Sunny,59.8,6
mystery_valley,2026-02-22,07:00,2026-02-17,5,40,Sunday,True,7,Sunny,59.8,6
mystery_valley,2026-02-22,07:00,2026-02-19,3,42,Sunday,True,7,Sunny,59.8,6
mystery_valley,2026-02-22,07:00,2026-02-20,2,42,Sunday,True,7,Sunny,59.8,6
mystery_valley,2026-02-22,07:00,2026-02-21,1,44,Sunday,True,7,Sunny,59.8,6
mystery_valley,2026-02-22,07:00,2026-02-22,0,45,Sunday,True,7,Sunny,59.8,6
mystery_valley,2026-02-22,08:00,2026-02-12,10,37,Sunday,True,8,Sunny,59.8,6
mystery_valley,2026-02-22,08:00,2026-02-15,7,40,Sunday,True,8,Sunny,59.8,6
mystery_valley,2026-02-22,08:00,2026-02-17,5,40,Sunday,True,8,Sunny,59.8,6
mystery_valley,2026-02-22,08:00,2026-02-19,3,43,Sunday,True,8,Sunny,59.8,6
mystery_valley,2026-02-22,08:00,2026-02-20,2,43,Sunday,True,8,Sunny,59.8,6
mystery_valley,2026-02-22,08:00,2026-02-21,1,42,Sunday,True,8,Sunny,59.8,6
mystery_valley,2026-02-22,08:00,2026-02-22,0,43,Sunday,True,8,Sunny,59.8,6
mystery_valley,2026-02-22,09:00,2026-02-12,10,37,Sunday,True,9,Sunny,59.8,6
mystery_valley,2026-02-22,09:00,2026-02-15,7,38,Sunday,True,9,Sunny,59.8,6
mystery_valley,2026-02-22,09:00,2026-02-17,5,41,Sunday,True,9,Sunny,59.8,6
mystery_valley,2026-02-22,09:00,2026-02-19,3,40,Sunday,True,9,Sunny,59.8,6
mystery_valley,2026-02-22,09:00,2026-02-20,2,41,Sunday,True,9,Sunny,59.8,6
mystery_valley,2026-02-22,09:00,2026-02-21,1,43,Sunday,True,9,Sunny,59.8,6
mystery_valley,2026-02-22,09:00,2026-02-22,0,44,Sunday,True,9,Sunny,59.8,6
mystery_valley,2026-02-22,10:00,2026-02-12,10,33,Sunday,True,10,Sunny,59.8,6
mystery_valley,2026-02-22,10:00,2026-02-15,7,35,Sunday,True,10,Sunny,59.8,6
mystery_valley,2026-02-22,10:00,2026-02-17,5,36,Sunday,True,10,Sunny,59.8,6
mystery_valley,2026-02-22,10:00,2026-02-19,3,37,Sunday,True,10,Sunny,59.8,6
mystery_valley,2026-02-22,10:00,2026-02-20,2,39,Sunday,True,10,Sunny,59.8,6
mystery_valley,2026-02-22,10:00,2026-02-21,1,39,Sunday,True,10,Sunny,59.8,6
mystery_valley,2026-02-22,10:00,2026-02-22,0,38,Sunday,True,10,Sunny,59.8,6
mystery_valley,2026-02-22,12:00,2026-02-12,10,31,Sunday,True,12,Sunny,59.8,6
mystery_valley,2026-02-22,12:00,2026-02-15,7,29,Sunday,True,12,Sunny,59.8,6
mystery_valley,2026-02-22,12:00,2026-02-17,5,31,Sunday,True,12,Sunny,59.8,6
mystery_valley,2026-02-22,12:00,2026-02-19,3,31,Sunday,True,12,Sunny,59.8,6
mystery_valley,2026-02-22,12:00,2026-02-20,2,33,Sunday,True,12,Sunny,59.8,6
mystery_valley,2026-02-22,12:00,2026-02-21,1,33,Sunday,True,12,Sunny,59.8,6
mystery_valley,2026-02-22,12:00,2026-02-22,0,34,Sunday,True,12,Sunny,59.8,6
mystery_valley,2026-02-22,14:00,2026-02-12,10,30,Sunday,True,14,Sunny,59.8,6
mystery_valley,2026-02-22,14:00,2026-02-15,7,31,Sunday,True,14,Sunny,59.8,6
mystery_valley,2026-02-22,14:00,2026-02-17,5,31,Sunday,True,14,Sunny,59.8,6
mystery_valley,2026-02-22,14:00,2026-02-19,3,32,Sunday,True,14,Sunny,59.8,6
mystery_valley,2026-02-22,14:00,2026-02-20,2,34,Sunday,True,14,Sunny,59.8,6
mystery_valley,2026-02-22,14:00,2026-02-21,1,34,Sunday,True,14,Sunny,59.8,6
mystery_valley,2026-02-22,14:00,2026-02-22,0,34,Sunday,True,14,Sunny,59.8,6
mystery_valley,2026-02-22,16:00,2026-02-12,10,23,Sunday,True,16,Sunny,59.8,6
mystery_valley,2026-02-22,16:00,2026-02-15,7,25,Sunday,True,16,Sunny,59.8,6
mystery_valley,2026-02-22,16:00,2026-02-17,5,26,Sunday,True,16,Sunny,59.8,6
mystery_valley,2026-02-22,16:00,2026-02-19,3,26,Sunday,True,16,Sunny,59.8,6
mystery_valley,2026-02-22,16:00,2026-02-20,2,28,Sunday,True,16,Sunny,59.8,6
mystery_valley,2026-02-22,16:00,2026-02-21,1,28,Sunday,True,16,Sunny,59.8,6
mystery_valley,2026-02-22,16:00,2026-02-22,0,29,Sunday,True,16,Sunny,59.8,6
mystery_valley,2026-02-23,07:00,2026-02-13,10,23,Monday,False,7,Overcast,58.4,53
mystery_valley,2026-02-23,07:00,2026-02-16,7,23,Monday,False,7,Overcast,58.4,53
mystery_valley,2026-02-23,07:00,2026-02-18,5,23,Monday,False,7,Overcast,58.4,53
mystery_valley,2026-02-23,07:00,2026-02-20,3,25,Monday,False,7,Overcast,58.4,53
mystery_valley,2026-02-23,07:00,2026-02-21,2,25,Monday,False,7,Overcast,58.4,53
mystery_valley,2026-02-23,07:00,2026-02-22,1,25,Monday,False,7,Overcast,58.4,53
mystery_valley,2026-02-23,07:00,2026-02-23,0,27,Monday,False,7,Overcast,58.4,53
mystery_valley,2026-02-23,08:00,2026-02-13,10,22,Monday,False,8,Overcast,58.4,53
mystery_valley,2026-02-23,08:00,2026-02-16,7,23,Monday,False,8,Overcast,58.4,53
mystery_valley,2026-02-23,08:00,2026-02-18,5,24,Monday,False,8,Overcast,58.4,53
mystery_valley,2026-02-23,08:00,2026-02-20,3,24,Monday,False,8,Overcast,58.4,53
mystery_valley,2026-02-23,08:00,2026-02-21,2,25,Monday,False,8,Overcast,58.4,53
mystery_valley,2026-02-23,08:00,2026-02-22,1,26,Monday,False,8,Overcast,58.4,53
mystery_valley,2026-02-23,08:00,2026-02-23,0,26,Monday,False,8,Overcast,58.4,53
mystery_valley,2026-02-23,09:00,2026-02-13,10,22,Monday,False,9,Overcast,58.4,53
mystery_valley,2026-02-23,09:00,2026-02-16,7,23,Monday,False,9,Overcast,58.4,53
mystery_valley,2026-02-23,09:00,2026-02-18,5,24,Monday,False,9,Overcast,58.4,53
mystery_valley,2026-02-23,09:00,2026-02-20,3,24,Monday,False,9,Overcast,58.4,53
mystery_valley,2026-02-23,09:00,2026-02-21,2,25,Monday,False,9,Overcast,58.4,53
mystery_valley,2026-02-23,09:00,2026-02-22,1,25,Monday,False,9,Overcast,58.4,53
mystery_valley,2026-02-23,09:00,2026-02-23,0,27,Monday,False,9,Overcast,58.4,53
mystery_valley,2026-02-23,10:00,2026-02-13,10,20,Monday,False,10,Overcast,58.4,53
mystery_valley,2026-02-23,10:00,2026-02-16,7,21,Monday,False,10,Overcast,58.4,53
mystery_valley,2026-02-23,10:00,2026-02-18,5,24,Monday,False,10,Overcast,58.4,53
mystery_valley,2026-02-23,10:00,2026-02-20,3,23,Monday,False,10,Overcast,58.4,53
mystery_valley,2026-02-23,10:00,2026-02-21,2,24,Monday,False,10,Overcast,58.4,53
mystery_valley,2026-02-23,10:00,2026-02-22,1,24,Monday,False,10,Overcast,58.4,53
mystery_valley,2026-02-23,10:00,2026-02-23,0,24,Monday,False,10,Overcast,58.4,53
mystery_valley,2026-02-23,12:00,2026-02-13,10,17,Monday,False,12,Overcast,58.4,53
mystery_valley,2026-02-23,12:00,2026-02-16,7,19,Monday,False,12,Overcast,58.4,53
mystery_valley,2026-02-23,12:00,2026-02-18,5,19,Monday,False,12,Overcast,58.4,53
mystery_valley,2026-02-23,12:00,2026-02-20,3,20,Monday,False,12,Overcast,58.4,53
mystery_valley,2026-02-23,12:00,2026-02-21,2,21,Monday,False,12,Overcast,58.4,53
mystery_valley,2026-02-23,12:00,2026-02-22,1,21,Monday,False,12,Overcast,58.4,53
mystery_valley,2026-02-23,12:00,2026-02-23,0,21,Monday,False,12,Overcast,58.4,53
mystery_valley,2026-02-23,14:00,2026-02-13,10,18,Monday,False,14,Overcast,58.4,53
mystery_valley,2026-02-23,14:00,2026-02-16,7,19,Monday,False,14,Overcast,58.4,53
mystery_valley,2026-02-23,14:00,2026-02-18,5,19,Monday,False,14,Overcast,58.4,53
mystery_valley,2026-02-23,14:00,2026-02-20,3,19,Monday,False,14,Overcast,58.4,53
mystery_valley,2026-02-23,14:00,2026-02-21,2,20,Monday,False,14,Overcast,58.4,53
mystery_valley,2026-02-23,14:00,2026-02-22,1,21,Monday,False,14,Overcast,58.4,53
mystery_valley,2026-02-23,14:00,2026-02-23,0,21,Monday,False,14,Overcast,58.4,53
mystery_valley,2026-02-23,16:00,2026-02-13,10,15,Monday,False,16,Overcast,58.4,53
mystery_valley,2026-02-23,16:00,2026-02-16,7,16,Monday,False,16,Overcast,58.4,53
mystery_valley,2026-02-23,16:00,2026-02-18,5,16,Monday,False,16,Overcast,58.4,53
mystery_valley,2026-02-23,16:00,2026-02-20,3,16,Monday,False,16,Overcast,58.4,53
mystery_valley,2026-02-23,16:00,2026-02-21,2,17,Monday,False,16,Overcast,58.4,53
mystery_valley,2026-02-23,16:00,2026-02-22,1,18,Monday,False,16,Overcast,58.4,53
mystery_valley,2026-02-23,16:00,2026-02-23,0,18,Monday,False,16,Overcast,58.4,53
mystery_valley,2026-02-24,07:00,2026-02-14,10,24,Tuesday,False,7,Partly Cloudy,55.4,16
mystery_valley,2026-02-24,07:00,2026-02-17,7,26,Tuesday,False,7,Partly Cloudy,55.4,16
mystery_valley,2026-02-24,07:00,2026-02-19,5,26,Tuesday,False,7,Partly Cloudy,55.4,16
mystery_valley,2026-02-24,07:00,2026-02-21,3,26,Tuesday,False,7,Partly Cloudy,55.4,16
mystery_valley,2026-02-24,07:00,2026-02-22,2,27,Tuesday,False,7,Partly Cloudy,55.4,16
mystery_valley,2026-02-24,07:00,2026-02-23,1,27,Tuesday,False,7,Partly Cloudy,55.4,16
mystery_valley,2026-02-24,07:00,2026-02-24,0,30,Tuesday,False,7,Partly Cloudy,55.4,16
mystery_valley,2026-02-24,08:00,2026-02-14,10,24,Tuesday,False,8,Partly Cloudy,55.4,16
mystery_valley,2026-02-24,08:00,2026-02-17,7,26,Tuesday,False,8,Partly Cloudy,55.4,16
mystery_valley,2026-02-24,08:00,2026-02-19,5,26,Tuesday,False,8,Partly Cloudy,55.4,16
mystery_valley,2026-02-24,08:00,2026-02-21,3,26,Tuesday,False,8,Partly Cloudy,55.4,16
mystery_valley,2026-02-24,08:00,2026-02-22,2,28,Tuesday,False,8,Partly Cloudy,55.4,16
mystery_valley,2026-02-24,08:00,2026-02-23,1,29,Tuesday,False,8,Partly Cloudy,55.4,16
mystery_valley,2026-02-24,08:00,2026-02-24,0,28,Tuesday,False,8,Partly Cloudy,55.4,16
mystery_valley,2026-02-24,09:00,2026-02-14,10,25,Tuesday,False,9,Partly Cloudy,55.4,16
mystery_valley,2026-02-24,09:00,2026-02-17,7,25,Tuesday,False,9,Partly Cloudy,55.4,16
mystery_valley,2026-02-24,09:00,2026-02-19,5,25,Tuesday,False,9,Partly Cloudy,55.4,16
mystery_valley,2026-02-24,09:00,2026-02-21,3,26,Tuesday,False,9,Partly Cloudy,55.4,16
mystery_valley,2026-02-24,09:00,2026-02-22,2,28,Tuesday,False,9,Partly Cloudy,55.4,16
mystery_valley,2026-02-24,09:00,2026-02-23,1,28,Tuesday,False,9,Partly Cloudy,55.4,16
mystery_valley,2026-02-24,09:00,2026-02-24,0,29,Tuesday,False,9,Partly Cloudy,55.4,16
mystery_valley,2026-02-24,10:00,2026-02-14,10,22,Tuesday,False,10,Partly Cloudy,55.4,16
mystery_valley,2026-02-24,10:00,2026-02-17,7,24,Tuesday,False,10,Partly Cloudy,55.4,16
mystery_valley,2026-02-24,10:00,2026-02-19,5,25,Tuesday,False,10,Partly Cloudy,55.4,16
mystery_valley,2026-02-24,10:00,2026-02-21,3,25,Tuesday,False,10,Partly Cloudy,55.4,16
mystery_valley,2026-02-24,10:00,2026-02-22,2,27,Tuesday,False,10,Partly Cloudy,55.4,16
mystery_valley,2026-02-24,10:00,2026-02-23,1,28,Tuesday,False,10,Partly Cloudy,55.4,16
mystery_valley,2026-02-24,10:00,2026-02-24,0,27,Tuesday,False,10,Partly Cloudy,55.4,16
mystery_valley,2026-02-24,12:00,2026-02-14,10,20,Tuesday,False,12,Partly Cloudy,55.4,16
mystery_valley,2026-02-24,12:00,2026-02-17,7,21,Tuesday,False,12,Partly Cloudy,55.4,16
mystery_valley,2026-02-24,12:00,2026-02-19,5,22,Tuesday,False,12,Partly Cloudy,55.4,16
mystery_valley,2026-02-24,12:00,2026-02-21,3,23,Tuesday,False,12,Partly Cloudy,55.4,16
mystery_valley,2026-02-24,12:00,2026-02-22,2,24,Tuesday,False,12,Partly Cloudy,55.4,16
mystery_valley,2026-02-24,12:00,2026-02-23,1,23,Tuesday,False,12,Partly Cloudy,55.4,16
mystery_valley,2026-02-24,12:00,2026-02-24,0,23,Tuesday,False,12,Partly Cloudy,55.4,16
mystery_valley,2026-02-24,14:00,2026-02-14,10,21,Tuesday,False,14,Partly Cloudy,55.4,16
mystery_valley,2026-02-24,14:00,2026-02-17,7,20,Tuesday,False,14,Partly Cloudy,55.4,16
mystery_valley,2026-02-24,14:00,2026-02-19,5,22,Tuesday,False,14,Partly Cloudy,55.4,16
mystery_valley,2026-02-24,14:00,2026-02-21,3,23,Tuesday,False,14,Partly Cloudy,55.4,16
mystery_valley,2026-02-24,14:00,2026-02-22,2,23,Tuesday,False,14,Partly Cloudy,55.4,16
mystery_valley,2026-02-24,14:00,2026-02-23,1,23,Tuesday,False,14,Partly Cloudy,55.4,16
mystery_valley,2026-02-24,14:00,2026-02-24,0,24,Tuesday,False,14,Partly Cloudy,55.4,16
mystery_valley,2026-02-24,16:00,2026-02-14,10,16,Tuesday,False,16,Partly Cloudy,55.4,16
mystery_valley,2026-02-24,16:00,2026-02-17,7,17,Tuesday,False,16,Partly Cloudy,55.4,16
mystery_valley,2026-02-24,16:00,2026-02-19,5,18,Tuesday,False,16,Partly Cloudy,55.4,16
mystery_valley,2026-02-24,16:00,2026-02-21,3,18,Tuesday,False,16,Partly Cloudy,55.4,16
mystery_valley,2026-02-24,16:00,2026-02-22,2,20,Tuesday,False,16,Partly Cloudy,55.4,16
mystery_valley,2026-02-24,16:00,2026-02-23,1,19,Tuesday,False,16,Partly Cloudy,55.4,16
mystery_valley,2026-02-24,16:00,2026-02-24,0,20,Tuesday,False,16,Partly Cloudy,55.4,16
mystery_valley,2026-02-25,07:00,2026-02-11,14,24,Wednesday,False,7,Partly Cloudy,55.4,16
mystery_valley,2026-02-25,07:00,2026-02-15,10,25,Wednesday,False,7,Partly Cloudy,55.4,16
mystery_valley,2026-02-25,07:00,2026-02-18,7,26,Wednesday,False,7,Partly Cloudy,55.4,16
mystery_valley,2026-02-25,07:00,2026-02-20,5,26,Wednesday,False,7,Partly Cloudy,55.4,16
mystery_valley,2026-02-25,07:00,2026-02-22,3,27,Wednesday,False,7,Partly Cloudy,55.4,16
mystery_valley,2026-02-25,07:00,2026-02-23,2,30,Wednesday,False,7,Partly Cloudy,55.4,16
mystery_valley,2026-02-25,07:00,2026-02-24,1,29,Wednesday,False,7,Partly Cloudy,55.4,16
mystery_valley,2026-02-25,07:00,2026-02-25,0,32,Wednesday,False,7,Partly Cloudy,55.4,16
mystery_valley,2026-02-25,08:00,2026-02-11,14,24,Wednesday,False,8,Partly Cloudy,55.4,16
mystery_valley,2026-02-25,08:00,2026-02-15,10,24,Wednesday,False,8,Partly Cloudy,55.4,16
mystery_valley,2026-02-25,08:00,2026-02-18,7,27,Wednesday,False,8,Partly Cloudy,55.4,16
mystery_valley,2026-02-25,08:00,2026-02-20,5,27,Wednesday,False,8,Partly Cloudy,55.4,16
mystery_valley,2026-02-25,08:00,2026-02-22,3,28,Wednesday,False,8,Partly Cloudy,55.4,16
mystery_valley,2026-02-25,08:00,2026-02-23,2,28,Wednesday,False,8,Partly Cloudy,55.4,16
mystery_valley,2026-02-25,08:00,2026-02-24,1,29,Wednesday,False,8,Partly Cloudy,55.4,16
mystery_valley,2026-02-25,08:00,2026-02-25,0,29,Wednesday,False,8,Partly Cloudy,55.4,16
mystery_valley,2026-02-25,09:00,2026-02-11,14,24,Wednesday,False,9,Partly Cloudy,55.4,16
mystery_valley,2026-02-25,09:00,2026-02-15,10,25,Wednesday,False,9,Partly Cloudy,55.4,16
mystery_valley,2026-02-25,09:00,2026-02-18,7,26,Wednesday,False,9,Partly Cloudy,55.4,16
mystery_valley,2026-02-25,09:00,2026-02-20,5,27,Wednesday,False,9,Partly Cloudy,55.4,16
mystery_valley,2026-02-25,09:00,2026-02-22,3,28,Wednesday,False,9,Partly Cloudy,55.4,16
mystery_valley,2026-02-25,09:00,2026-02-23,2,29,Wednesday,False,9,Partly Cloudy,55.4,16
mystery_valley,2026-02-25,09:00,2026-02-24,1,29,Wednesday,False,9,Partly Cloudy,55.4,16
mystery_valley,2026-02-25,09:00,2026-02-25,0,29,Wednesday,False,9,Partly Cloudy,55.4,16
mystery_valley,2026-02-25,10:00,2026-02-11,14,23,Wednesday,False,10,Partly Cloudy,55.4,16
mystery_valley,2026-02-25,10:00,2026-02-15,10,24,Wednesday,False,10,Partly Cloudy,55.4,16
mystery_valley,2026-02-25,10:00,2026-02-18,7,25,Wednesday,False,10,Partly Cloudy,55.4,16
mystery_valley,2026-02-25,10:00,2026-02-20,5,26,Wednesday,False,10,Partly Cloudy,55.4,16
mystery_valley,2026-02-25,10:00,2026-02-22,3,26,Wednesday,False,10,Partly Cloudy,55.4,16
mystery_valley,2026-02-25,10:00,2026-02-23,2,29,Wednesday,False,10,Partly Cloudy,55.4,16
mystery_valley,2026-02-25,10:00,2026-02-24,1,27,Wednesday,False,10,Partly Cloudy,55.4,16
mystery_valley,2026-02-25,10:00,2026-02-25,0,28,Wednesday,False,10,Partly Cloudy,55.4,16
mystery_valley,2026-02-25,12:00,2026-02-11,14,20,Wednesday,False,12,Partly Cloudy,55.4,16
mystery_valley,2026-02-25,12:00,2026-02-15,10,22,Wednesday,False,12,Partly Cloudy,55.4,16
mystery_valley,2026-02-25,12:00,2026-02-18,7,22,Wednesday,False,12,Partly Cloudy,55.4,16
mystery_valley,2026-02-25,12:00,2026-02-20,5,23,Wednesday,False,12,Partly Cloudy,55.4,16
mystery_valley,2026-02-25,12:00,2026-02-22,3,24,Wednesday,False,12,Partly Cloudy,55.4,16
mystery_valley,2026-02-25,12:00,2026-02-23,2,22,Wednesday,False,12,Partly Cloudy,55.4,16
mystery_valley,2026-02-25,12:00,2026-02-24,1,25,Wednesday,False,12,Partly Cloudy,55.4,16
mystery_valley,2026-02-25,12:00,2026-02-25,0,26,Wednesday,False,12,Partly Cloudy,55.4,16
mystery_valley,2026-02-25,14:00,2026-02-11,14,19,Wednesday,False,14,Partly Cloudy,55.4,16
mystery_valley,2026-02-25,14:00,2026-02-15,10,22,Wednesday,False,14,Partly Cloudy,55.4,16
mystery_valley,2026-02-25,14:00,2026-02-18,7,23,Wednesday,False,14,Partly Cloudy,55.4,16
mystery_valley,2026-02-25,14:00,2026-02-20,5,23,Wednesday,False,14,Partly Cloudy,55.4,16
mystery_valley,2026-02-25,14:00,2026-02-22,3,22,Wednesday,False,14,Partly Cloudy,55.4,16
mystery_valley,2026-02-25,14:00,2026-02-23,2,25,Wednesday,False,14,Partly Cloudy,55.4,16
mystery_valley,2026-02-25,14:00,2026-02-24,1,25,Wednesday,False,14,Partly Cloudy,55.4,16
mystery_valley,2026-02-25,14:00,2026-02-25,0,25,Wednesday,False,14,Partly Cloudy,55.4,16
mystery_valley,2026-02-25,16:00,2026-02-11,14,17,Wednesday,False,16,Partly Cloudy,55.4,16
mystery_valley,2026-02-25,16:00,2026-02-15,10,17,Wednesday,False,16,Partly Cloudy,55.4,16
mystery_valley,2026-02-25,16:00,2026-02-18,7,18,Wednesday,False,16,Partly Cloudy,55.4,16
mystery_valley,2026-02-25,16:00,2026-02-20,5,18,Wednesday,False,16,Partly Cloudy,55.4,16
mystery_valley,2026-02-25,16:00,2026-02-22,3,19,Wednesday,False,16,Partly Cloudy,55.4,16
mystery_valley,2026-02-25,16:00,2026-02-23,2,20,Wednesday,False,16,Partly Cloudy,55.4,16
mystery_valley,2026-02-25,16:00,2026-02-24,1,19,Wednesday,False,16,Partly Cloudy,55.4,16
mystery_valley,2026-02-25,16:00,2026-02-25,0,20,Wednesday,False,16,Partly Cloudy,55.4,16
mystery_valley,2026-02-26,07:00,2026-02-12,14,24,Thursday,False,7,Sunny,54.5,2
mystery_valley,2026-02-26,07:00,2026-02-16,10,26,Thursday,False,7,Sunny,54.5,2
mystery_valley,2026-02-26,07:00,2026-02-19,7,26,Thursday,False,7,Sunny,54.5,2
mystery_valley,2026-02-26,07:00,2026-02-21,5,26,Thursday,False,7,Sunny,54.5,2
mystery_valley,2026-02-26,07:00,2026-02-23,3,28,Thursday,False,7,Sunny,54.5,2
mystery_valley,2026-02-26,07:00,2026-02-24,2,30,Thursday,False,7,Sunny,54.5,2
mystery_valley,2026-02-26,07:00,2026-02-25,1,29,Thursday,False,7,Sunny,54.5,2
mystery_valley,2026-02-26,07:00,2026-02-26,0,29,Thursday,False,7,Sunny,54.5,2
mystery_valley,2026-02-26,08:00,2026-02-12,14,24,Thursday,False,8,Sunny,54.5,2
mystery_valley,2026-02-26,08:00,2026-02-16,10,25,Thursday,False,8,Sunny,54.5,2
mystery_valley,2026-02-26,08:00,2026-02-19,7,26,Thursday,False,8,Sunny,54.5,2
mystery_valley,2026-02-26,08:00,2026-02-21,5,26,Thursday,False,8,Sunny,54.5,2
mystery_valley,2026-02-26,08:00,2026-02-23,3,27,Thursday,False,8,Sunny,54.5,2
mystery_valley,2026-02-26,08:00,2026-02-24,2,29,Thursday,False,8,Sunny,54.5,2
mystery_valley,2026-02-26,08:00,2026-02-25,1,29,Thursday,False,8,Sunny,54.5,2
mystery_valley,2026-02-26,08:00,2026-02-26,0,29,Thursday,False,8,Sunny,54.5,2
mystery_valley,2026-02-26,09:00,2026-02-12,14,24,Thursday,False,9,Sunny,54.5,2
mystery_valley,2026-02-26,09:00,2026-02-16,10,25,Thursday,False,9,Sunny,54.5,2
mystery_valley,2026-02-26,09:00,2026-02-19,7,25,Thursday,False,9,Sunny,54.5,2
mystery_valley,2026-02-26,09:00,2026-02-21,5,27,Thursday,False,9,Sunny,54.5,2
mystery_valley,2026-02-26,09:00,2026-02-23,3,27,Thursday,False,9,Sunny,54.5,2
mystery_valley,2026-02-26,09:00,2026-02-24,2,28,Thursday,False,9,Sunny,54.5,2
mystery_valley,2026-02-26,09:00,2026-02-25,1,28,Thursday,False,9,Sunny,54.5,2
mystery_valley,2026-02-26,09:00,2026-02-26,0,30,Thursday,False,9,Sunny,54.5,2
mystery_valley,2026-02-26,10:00,2026-02-12,14,23,Thursday,False,10,Sunny,54.5,2
mystery_valley,2026-02-26,10:00,2026-02-16,10,24,Thursday,False,10,Sunny,54.5,2
mystery_valley,2026-02-26,10:00,2026-02-19,7,25,Thursday,False,10,Sunny,54.5,2
mystery_valley,2026-02-26,10:00,2026-02-21,5,24,Thursday,False,10,Sunny,54.5,2
mystery_valley,2026-02-26,10:00,2026-02-23,3,25,Thursday,False,10,Sunny,54.5,2
mystery_valley,2026-02-26,10:00,2026-02-24,2,28,Thursday,False,10,Sunny,54.5,2
mystery_valley,2026-02-26,10:00,2026-02-25,1,29,Thursday,False,10,Sunny,54.5,2
mystery_valley,2026-02-26,10:00,2026-02-26,0,29,Thursday,False,10,Sunny,54.5,2
mystery_valley,2026-02-26,12:00,2026-02-12,14,21,Thursday,False,12,Sunny,54.5,2
mystery_valley,2026-02-26,12:00,2026-02-16,10,21,Thursday,False,12,Sunny,54.5,2
mystery_valley,2026-02-26,12:00,2026-02-19,7,21,Thursday,False,12,Sunny,54.5,2
mystery_valley,2026-02-26,12:00,2026-02-21,5,23,Thursday,False,12,Sunny,54.5,2
mystery_valley,2026-02-26,12:00,2026-02-23,3,23,Thursday,False,12,Sunny,54.5,2
mystery_valley,2026-02-26,12:00,2026-02-24,2,23,Thursday,False,12,Sunny,54.5,2
mystery_valley,2026-02-26,12:00,2026-02-25,1,24,Thursday,False,12,Sunny,54.5,2
mystery_valley,2026-02-26,12:00,2026-02-26,0,25,Thursday,False,12,Sunny,54.5,2
mystery_valley,2026-02-26,14:00,2026-02-12,14,20,Thursday,False,14,Sunny,54.5,2
mystery_valley,2026-02-26,14:00,2026-02-16,10,21,Thursday,False,14,Sunny,54.5,2
mystery_valley,2026-02-26,14:00,2026-02-19,7,22,Thursday,False,14,Sunny,54.5,2
mystery_valley,2026-02-26,14:00,2026-02-21,5,23,Thursday,False,14,Sunny,54.5,2
mystery_valley,2026-02-26,14:00,2026-02-23,3,23,Thursday,False,14,Sunny,54.5,2
mystery_valley,2026-02-26,14:00,2026-02-24,2,24,Thursday,False,14,Sunny,54.5,2
mystery_valley,2026-02-26,14:00,2026-02-25,1,23,Thursday,False,14,Sunny,54.5,2
mystery_valley,2026-02-26,14:00,2026-02-26,0,25,Thursday,False,14,Sunny,54.5,2
mystery_valley,2026-02-26,16:00,2026-02-12,14,16,Thursday,False,16,Sunny,54.5,2
mystery_valley,2026-02-26,16:00,2026-02-16,10,17,Thursday,False,16,Sunny,54.5,2
mystery_valley,2026-02-26,16:00,2026-02-19,7,17,Thursday,False,16,Sunny,54.5,2
mystery_valley,2026-02-26,16:00,2026-02-21,5,18,Thursday,False,16,Sunny,54.5,2
mystery_valley,2026-02-26,16:00,2026-02-23,3,19,Thursday,False,16,Sunny,54.5,2
mystery_valley,2026-02-26,16:00,2026-02-24,2,19,Thursday,False,16,Sunny,54.5,2
mystery_valley,2026-02-26,16:00,2026-02-25,1,19,Thursday,False,16,Sunny,54.5,2
mystery_valley,2026-02-26,16:00,2026-02-26,0,21,Thursday,False,16,Sunny,54.5,2
mystery_valley,2026-02-27,07:00,2026-02-13,14,30,Friday,False,7,Sunny,58.0,10
mystery_valley,2026-02-27,07:00,2026-02-17,10,31,Friday,False,7,Sunny,58.0,10
mystery_valley,2026-02-27,07:00,2026-02-20,7,32,Friday,False,7,Sunny,58.0,10
mystery_valley,2026-02-27,07:00,2026-02-22,5,32,Friday,False,7,Sunny,58.0,10
mystery_valley,2026-02-27,07:00,2026-02-24,3,34,Friday,False,7,Sunny,58.0,10
mystery_valley,2026-02-27,07:00,2026-02-25,2,35,Friday,False,7,Sunny,58.0,10
mystery_valley,2026-02-27,07:00,2026-02-26,1,36,Friday,False,7,Sunny,58.0,10
mystery_valley,2026-02-27,07:00,2026-02-27,0,37,Friday,False,7,Sunny,58.0,10
mystery_valley,2026-02-27,08:00,2026-02-13,14,31,Friday,False,8,Sunny,58.0,10
mystery_valley,2026-02-27,08:00,2026-02-17,10,32,Friday,False,8,Sunny,58.0,10
mystery_valley,2026-02-27,08:00,2026-02-20,7,32,Friday,False,8,Sunny,58.0,10
mystery_valley,2026-02-27,08:00,2026-02-22,5,32,Friday,False,8,Sunny,58.0,10
mystery_valley,2026-02-27,08:00,2026-02-24,3,35,Friday,False,8,Sunny,58.0,10
mystery_valley,2026-02-27,08:00,2026-02-25,2,35,Friday,False,8,Sunny,58.0,10
mystery_valley,2026-02-27,08:00,2026-02-26,1,35,Friday,False,8,Sunny,58.0,10
mystery_valley,2026-02-27,08:00,2026-02-27,0,38,Friday,False,8,Sunny,58.0,10
mystery_valley,2026-02-27,09:00,2026-02-13,14,30,Friday,False,9,Sunny,58.0,10
mystery_valley,2026-02-27,09:00,2026-02-17,10,32,Friday,False,9,Sunny,58.0,10
mystery_valley,2026-02-27,09:00,2026-02-20,7,33,Friday,False,9,Sunny,58.0,10
mystery_valley,2026-02-27,09:00,2026-02-22,5,34,Friday,False,9,Sunny,58.0,10
mystery_valley,2026-02-27,09:00,2026-02-24,3,35,Friday,False,9,Sunny,58.0,10
mystery_valley,2026-02-27,09:00,2026-02-25,2,35,Friday,False,9,Sunny,58.0,10
mystery_valley,2026-02-27,09:00,2026-02-26,1,35,Friday,False,9,Sunny,58.0,10
mystery_valley,2026-02-27,09:00,2026-02-27,0,36,Friday,False,9,Sunny,58.0,10
mystery_valley,2026-02-27,10:00,2026-02-13,14,29,Friday,False,10,Sunny,58.0,10
mystery_valley,2026-02-27,10:00,2026-02-17,10,30,Friday,False,10,Sunny,58.0,10
mystery_valley,2026-02-27,10:00,2026-02-20,7,29,Friday,False,10,Sunny,58.0,10
mystery_valley,2026-02-27,10:00,2026-02-22,5,31,Friday,False,10,Sunny,58.0,10
mystery_valley,2026-02-27,10:00,2026-02-24,3,34,Friday,False,10,Sunny,58.0,10
mystery_valley,2026-02-27,10:00,2026-02-25,2,34,Friday,False,10,Sunny,58.0,10
mystery_valley,2026-02-27,10:00,2026-02-26,1,35,Friday,False,10,Sunny,58.0,10
mystery_valley,2026-02-27,10:00,2026-02-27,0,35,Friday,False,10,Sunny,58.0,10
mystery_valley,2026-02-27,12:00,2026-02-13,14,24,Friday,False,12,Sunny,58.0,10
mystery_valley,2026-02-27,12:00,2026-02-17,10,26,Friday,False,12,Sunny,58.0,10
mystery_valley,2026-02-27,12:00,2026-02-20,7,28,Friday,False,12,Sunny,58.0,10
mystery_valley,2026-02-27,12:00,2026-02-22,5,27,Friday,False,12,Sunny,58.0,10
mystery_valley,2026-02-27,12:00,2026-02-24,3,29,Friday,False,12,Sunny,58.0,10
mystery_valley,2026-02-27,12:00,2026-02-25,2,29,Friday,False,12,Sunny,58.0,10
mystery_valley,2026-02-27,12:00,2026-02-26,1,30,Friday,False,12,Sunny,58.0,10
mystery_valley,2026-02-27,12:00,2026-02-27,0,31,Friday,False,12,Sunny,58.0,10
mystery_valley,2026-02-27,14:00,2026-02-13,14,25,Friday,False,14,Sunny,58.0,10
mystery_valley,2026-02-27,14:00,2026-02-17,10,28,Friday,False,14,Sunny,58.0,10
mystery_valley,2026-02-27,14:00,2026-02-20,7,27,Friday,False,14,Sunny,58.0,10
mystery_valley,2026-02-27,14:00,2026-02-22,5,28,Friday,False,14,Sunny,58.0,10
mystery_valley,2026-02-27,14:00,2026-02-24,3,29,Friday,False,14,Sunny,58.0,10
mystery_valley,2026-02-27,14:00,2026-02-25,2,29,Friday,False,14,Sunny,58.0,10
mystery_valley,2026-02-27,14:00,2026-02-26,1,29,Friday,False,14,Sunny,58.0,10
mystery_valley,2026-02-27,14:00,2026-02-27,0,30,Friday,False,14,Sunny,58.0,10
mystery_valley,2026-02-27,16:00,2026-02-13,14,21,Friday,False,16,Sunny,58.0,10
mystery_valley,2026-02-27,16:00,2026-02-17,10,21,Friday,False,16,Sunny,58.0,10
mystery_valley,2026-02-27,16:00,2026-02-20,7,23,Friday,False,16,Sunny,58.0,10
mystery_valley,2026-02-27,16:00,2026-02-22,5,23,Friday,False,16,Sunny,58.0,10
mystery_valley,2026-02-27,16:00,2026-02-24,3,24,Friday,False,16,Sunny,58.0,10
mystery_valley,2026-02-27,16:00,2026-02-25,2,25,Friday,False,16,Sunny,58.0,10
mystery_valley,2026-02-27,16:00,2026-02-26,1,24,Friday,False,16,Sunny,58.0,10
mystery_valley,2026-02-27,16:00,2026-02-27,0,25,Friday,False,16,Sunny,58.0,10
mystery_valley,2026-02-28,07:00,2026-02-14,14,36,Saturday,True,7,Sunny,60.0,5
mystery_valley,2026-02-28,07:00,2026-02-18,10,40,Saturday,True,7,Sunny,60.0,5
mystery_valley,2026-02-28,07:00,2026-02-21,7,42,Saturday,True,7,Sunny,60.0,5
mystery_valley,2026-02-28,07:00,2026-02-23,5,40,Saturday,True,7,Sunny,60.0,5
mystery_valley,2026-02-28,07:00,2026-02-25,3,42,Saturday,True,7,Sunny,60.0,5
mystery_valley,2026-02-28,07:00,2026-02-26,2,44,Saturday,True,7,Sunny,60.0,5
mystery_valley,2026-02-28,07:00,2026-02-27,1,45,Saturday,True,7,Sunny,60.0,5
mystery_valley,2026-02-28,07:00,2026-02-28,0,45,Saturday,True,7,Sunny,60.0,5
mystery_valley,2026-02-28,08:00,2026-02-14,14,39,Saturday,True,8,Sunny,60.0,5
mystery_valley,2026-02-28,08:00,2026-02-18,10,39,Saturday,True,8,Sunny,60.0,5
mystery_valley,2026-02-28,08:00,2026-02-21,7,39,Saturday,True,8,Sunny,60.0,5
mystery_valley,2026-02-28,08:00,2026-02-23,5,41,Saturday,True,8,Sunny,60.0,5
mystery_valley,2026-02-28,08:00,2026-02-25,3,42,Saturday,True,8,Sunny,60.0,5
mystery_valley,2026-02-28,08:00,2026-02-26,2,45,Saturday,True,8,Sunny,60.0,5
mystery_valley,2026-02-28,08:00,2026-02-27,1,44,Saturday,True,8,Sunny,60.0,5
mystery_valley,2026-02-28,08:00,2026-02-28,0,46,Saturday,True,8,Sunny,60.0,5
mystery_valley,2026-02-28,09:00,2026-02-14,14,37,Saturday,True,9,Sunny,60.0,5
mystery_valley,2026-02-28,09:00,2026-02-18,10,39,Saturday,True,9,Sunny,60.0,5
mystery_valley,2026-02-28,09:00,2026-02-21,7,40,Saturday,True,9,Sunny,60.0,5
mystery_valley,2026-02-28,09:00,2026-02-23,5,41,Saturday,True,9,Sunny,60.0,5
mystery_valley,2026-02-28,09:00,2026-02-25,3,44,Saturday,True,9,Sunny,60.0,5
mystery_valley,2026-02-28,09:00,2026-02-26,2,44,Saturday,True,9,Sunny,60.0,5
mystery_valley,2026-02-28,09:00,2026-02-27,1,44,Saturday,True,9,Sunny,60.0,5
mystery_valley,2026-02-28,09:00,2026-02-28,0,47,Saturday,True,9,Sunny,60.0,5
mystery_valley,2026-02-28,10:00,2026-02-14,14,35,Saturday,True,10,Sunny,60.0,5
mystery_valley,2026-02-28,10:00,2026-02-18,10,37,Saturday,True,10,Sunny,60.0,5
mystery_valley,2026-02-28,10:00,2026-02-21,7,37,Saturday,True,10,Sunny,60.0,5
mystery_valley,2026-02-28,10:00,2026-02-23,5,37,Saturday,True,10,Sunny,60.0,5
mystery_valley,2026-02-28,10:00,2026-02-25,3,41,Saturday,True,10,Sunny,60.0,5
mystery_valley,2026-02-28,10:00,2026-02-26,2,41,Saturday,True,10,Sunny,60.0,5
mystery_valley,2026-02-28,10:00,2026-02-27,1,41,Saturday,True,10,Sunny,60.0,5
mystery_valley,2026-02-28,10:00,2026-02-28,0,42,Saturday,True,10,Sunny,60.0,5
mystery_valley,2026-02-28,12:00,2026-02-14,14,29,Saturday,True,12,Sunny,60.0,5
mystery_valley,2026-02-28,12:00,2026-02-18,10,30,Saturday,True,12,Sunny,60.0,5
mystery_valley,2026-02-28,12:00,2026-02-21,7,30,Saturday,True,12,Sunny,60.0,5
mystery_valley,2026-02-28,12:00,2026-02-23,5,34,Saturday,True,12,Sunny,60.0,5
mystery_valley,2026-02-28,12:00,2026-02-25,3,33,Saturday,True,12,Sunny,60.0,5
mystery_valley,2026-02-28,12:00,2026-02-26,2,35,Saturday,True,12,Sunny,60.0,5
mystery_valley,2026-02-28,12:00,2026-02-27,1,37,Saturday,True,12,Sunny,60.0,5
mystery_valley,2026-02-28,12:00,2026-02-28,0,35,Saturday,True,12,Sunny,60.0,5
mystery_valley,2026-02-28,14:00,2026-02-14,14,30,Saturday,True,14,Sunny,60.0,5
mystery_valley,2026-02-28,14:00,2026-02-18,10,30,Saturday,True,14,Sunny,60.0,5
mystery_valley,2026-02-28,14:00,2026-02-21,7,32,Saturday,True,14,Sunny,60.0,5
mystery_valley,2026-02-28,14:00,2026-02-23,5,33,Saturday,True,14,Sunny,60.0,5
mystery_valley,2026-02-28,14:00,2026-02-25,3,34,Saturday,True,14,Sunny,60.0,5
mystery_valley,2026-02-28,14:00,2026-02-26,2,36,Saturday,True,14,Sunny,60.0,5
mystery_valley,2026-02-28,14:00,2026-02-27,1,34,Saturday,True,14,Sunny,60.0,5
mystery_valley,2026-02-28,14:00,2026-02-28,0,37,Saturday,True,14,Sunny,60.0,5
mystery_valley,2026-02-28,16:00,2026-02-14,14,25,Saturday,True,16,Sunny,60.0,5
mystery_valley,2026-02-28,16:00,2026-02-18,10,25,Saturday,True,16,Sunny,60.0,5
mystery_valley,2026-02-28,16:00,2026-02-21,7,26,Saturday,True,16,Sunny,60.0,5
mystery_valley,2026-02-28,16:00,2026-02-23,5,27,Saturday,True,16,Sunny,60.0,5
mystery_valley,2026-02-28,16:00,2026-02-25,3,27,Saturday,True,16,Sunny,60.0,5
mystery_valley,2026-02-28,16:00,2026-02-26,2,28,Saturday,True,16,Sunny,60.0,5
mystery_valley,2026-02-28,16:00,2026-02-27,1,30,Saturday,True,16,Sunny,60.0,5
mystery_valley,2026-02-28,16:00,2026-02-28,0,28,Saturday,True,16,Sunny,60.0,5
mystery_valley,2026-03-01,07:00,2026-02-15,14,40,Sunday,True,7,Sunny,64.9,0
mystery_valley,2026-03-01,07:00,2026-02-19,10,43,Sunday,True,7,Sunny,64.9,0
mystery_valley,2026-03-01,07:00,2026-02-22,7,46,Sunday,True,7,Sunny,64.9,0
mystery_valley,2026-03-01,07:00,2026-02-24,5,45,Sunday,True,7,Sunny,64.9,0
mystery_valley,2026-03-01,07:00,2026-02-26,3,47,Sunday,True,7,Sunny,64.9,0
mystery_valley,2026-03-01,07:00,2026-02-27,2,49,Sunday,True,7,Sunny,64.9,0
mystery_valley,2026-03-01,07:00,2026-02-28,1,50,Sunday,True,7,Sunny,64.9,0
mystery_valley,2026-03-01,07:00,2026-03-01,0,51,Sunday,True,7,Sunny,64.9,0
mystery_valley,2026-03-01,08:00,2026-02-15,14,42,Sunday,True,8,Sunny,64.9,0
mystery_valley,2026-03-01,08:00,2026-02-19,10,42,Sunday,True,8,Sunny,64.9,0
mystery_valley,2026-03-01,08:00,2026-02-22,7,43,Sunday,True,8,Sunny,64.9,0
mystery_valley,2026-03-01,08:00,2026-02-24,5,46,Sunday,True,8,Sunny,64.9,0
mystery_valley,2026-03-01,08:00,2026-02-26,3,46,Sunday,True,8,Sunny,64.9,0
mystery_valley,2026-03-01,08:00,2026-02-27,2,49,Sunday,True,8,Sunny,64.9,0
mystery_valley,2026-03-01,08:00,2026-02-28,1,49,Sunday,True,8,Sunny,64.9,0
mystery_valley,2026-03-01,08:00,2026-03-01,0,52,Sunday,True,8,Sunny,64.9,0
mystery_valley,2026-03-01,09:00,2026-02-15,14,42,Sunday,True,9,Sunny,64.9,0
mystery_valley,2026-03-01,09:00,2026-02-19,10,42,Sunday,True,9,Sunny,64.9,0
mystery_valley,2026-03-01,09:00,2026-02-22,7,43,Sunday,True,9,Sunny,64.9,0
mystery_valley,2026-03-01,09:00,2026-02-24,5,48,Sunday,True,9,Sunny,64.9,0
mystery_valley,2026-03-01,09:00,2026-02-26,3,45,Sunday,True,9,Sunny,64.9,0
mystery_valley,2026-03-01,09:00,2026-02-27,2,48,Sunday,True,9,Sunny,64.9,0
mystery_valley,2026-03-01,09:00,2026-02-28,1,50,Sunday,True,9,Sunny,64.9,0
mystery_valley,2026-03-01,09:00,2026-03-01,0,53,Sunday,True,9,Sunny,64.9,0
mystery_valley,2026-03-01,10:00,2026-02-15,14,37,Sunday,True,10,Sunny,64.9,0
mystery_valley,2026-03-01,10:00,2026-02-19,10,39,Sunday,True,10,Sunny,64.9,0
mystery_valley,2026-03-01,10:00,2026-02-22,7,40,Sunday,True,10,Sunny,64.9,0
mystery_valley,2026-03-01,10:00,2026-02-24,5,42,Sunday,True,10,Sunny,64.9,0
mystery_valley,2026-03-01,10:00,2026-02-26,3,41,Sunday,True,10,Sunny,64.9,0
mystery_valley,2026-03-01,10:00,2026-02-27,2,44,Sunday,True,10,Sunny,64.9,0
mystery_valley,2026-03-01,10:00,2026-02-28,1,46,Sunday,True,10,Sunny,64.9,0
mystery_valley,2026-03-01,10:00,2026-03-01,0,46,Sunday,True,10,Sunny,64.9,0
mystery_valley,2026-03-01,12:00,2026-02-15,14,33,Sunday,True,12,Sunny,64.9,0
mystery_valley,2026-03-01,12:00,2026-02-19,10,33,Sunday,True,12,Sunny,64.9,0
mystery_valley,2026-03-01,12:00,2026-02-22,7,34,Sunday,True,12,Sunny,64.9,0
mystery_valley,2026-03-01,12:00,2026-02-24,5,37,Sunday,True,12,Sunny,64.9,0
mystery_valley,2026-03-01,12:00,2026-02-26,3,35,Sunday,True,12,Sunny,64.9,0
mystery_valley,2026-03-01,12:00,2026-02-27,2,38,Sunday,True,12,Sunny,64.9,0
mystery_valley,2026-03-01,12:00,2026-02-28,1,38,Sunday,True,12,Sunny,64.9,0
mystery_valley,2026-03-01,12:00,2026-03-01,0,40,Sunday,True,12,Sunny,64.9,0
mystery_valley,2026-03-01,14:00,2026-02-15,14,32,Sunday,True,14,Sunny,64.9,0
mystery_valley,2026-03-01,14:00,2026-02-19,10,33,Sunday,True,14,Sunny,64.9,0
mystery_valley,2026-03-01,14:00,2026-02-22,7,35,Sunday,True,14,Sunny,64.9,0
mystery_valley,2026-03-01,14:00,2026-02-24,5,36,Sunday,True,14,Sunny,64.9,0
mystery_valley,2026-03-01,14:00,2026-02-26,3,36,Sunday,True,14,Sunny,64.9,0
mystery_valley,2026-03-01,14:00,2026-02-27,2,39,Sunday,True,14,Sunny,64.9,0
mystery_valley,2026-03-01,14:00,2026-02-28,1,37,Sunday,True,14,Sunny,64.9,0
mystery_valley,2026-03-01,14:00,2026-03-01,0,38,Sunday,True,14,Sunny,64.9,0
mystery_valley,2026-03-01,16:00,2026-02-15,14,28,Sunday,True,16,Sunny,64.9,0
mystery_valley,2026-03-01,16:00,2026-02-19,10,28,Sunday,True,16,Sunny,64.9,0
mystery_valley,2026-03-01,16:00,2026-02-22,7,29,Sunday,True,16,Sunny,64.9,0
mystery_valley,2026-03-01,16:00,2026-02-24,5,29,Sunday,True,16,Sunny,64.9,0
mystery_valley,2026-03-01,16:00,2026-02-26,3,31,Sunday,True,16,Sunny,64.9,0
mystery_valley,2026-03-01,16:00,2026-02-27,2,32,Sunday,True,16,Sunny,64.9,0
mystery_valley,2026-03-01,16:00,2026-02-28,1,30,Sunday,True,16,Sunny,64.9,0
mystery_valley,2026-03-01,16:00,2026-03-01,0,32,Sunday,True,16,Sunny,64.9,0
mystery_valley,2026-03-02,07:00,2026-02-16,14,27,Monday,False,7,Sunny,66.5,8
mystery_valley,2026-03-02,07:00,2026-02-20,10,29,Monday,False,7,Sunny,66.5,8
mystery_valley,2026-03-02,07:00,2026-02-23,7,30,Monday,False,7,Sunny,66.5,8
mystery_valley,2026-03-02,07:00,2026-02-25,5,30,Monday,False,7,Sunny,66.5,8
mystery_valley,2026-03-02,07:00,2026-02-27,3,31,Monday,False,7,Sunny,66.5,8
mystery_valley,2026-03-02,07:00,2026-02-28,2,33,Monday,False,7,Sunny,66.5,8
mystery_valley,2026-03-02,07:00,2026-03-01,1,32,Monday,False,7,Sunny,66.5,8
mystery_valley,2026-03-02,07:00,2026-03-02,0,32,Monday,False,7,Sunny,66.5,8
mystery_valley,2026-03-02,08:00,2026-02-16,14,28,Monday,False,8,Sunny,66.5,8
mystery_valley,2026-03-02,08:00,2026-02-20,10,29,Monday,False,8,Sunny,66.5,8
mystery_valley,2026-03-02,08:00,2026-02-23,7,31,Monday,False,8,Sunny,66.5,8
mystery_valley,2026-03-02,08:00,2026-02-25,5,31,Monday,False,8,Sunny,66.5,8
mystery_valley,2026-03-02,08:00,2026-02-27,3,30,Monday,False,8,Sunny,66.5,8
mystery_valley,2026-03-02,08:00,2026-02-28,2,31,Monday,False,8,Sunny,66.5,8
mystery_valley,2026-03-02,08:00,2026-03-01,1,32,Monday,False,8,Sunny,66.5,8
mystery_valley,2026-03-02,08:00,2026-03-02,0,34,Monday,False,8,Sunny,66.5,8
mystery_valley,2026-03-02,09:00,2026-02-16,14,29,Monday,False,9,Sunny,66.5,8
mystery_valley,2026-03-02,09:00,2026-02-20,10,29,Monday,False,9,Sunny,66.5,8
mystery_valley,2026-03-02,09:00,2026-02-23,7,29,Monday,False,9,Sunny,66.5,8
mystery_valley,2026-03-02,09:00,2026-02-25,5,30,Monday,False,9,Sunny,66.5,8
mystery_valley,2026-03-02,09:00,2026-02-27,3,31,Monday,False,9,Sunny,66.5,8
mystery_valley,2026-03-02,09:00,2026-02-28,2,33,Monday,False,9,Sunny,66.5,8
mystery_valley,2026-03-02,09:00,2026-03-01,1,34,Monday,False,9,Sunny,66.5,8
mystery_valley,2026-03-02,09:00,2026-03-02,0,35,Monday,False,9,Sunny,66.5,8
mystery_valley,2026-03-02,10:00,2026-02-16,14,26,Monday,False,10,Sunny,66.5,8
mystery_valley,2026-03-02,10:00,2026-02-20,10,28,Monday,False,10,Sunny,66.5,8
mystery_valley,2026-03-02,10:00,2026-02-23,7,28,Monday,False,10,Sunny,66.5,8
mystery_valley,2026-03-02,10:00,2026-02-25,5,28,Monday,False,10,Sunny,66.5,8
mystery_valley,2026-03-02,10:00,2026-02-27,3,31,Monday,False,10,Sunny,66.5,8
mystery_valley,2026-03-02,10:00,2026-02-28,2,30,Monday,False,10,Sunny,66.5,8
mystery_valley,2026-03-02,10:00,2026-03-01,1,30,Monday,False,10,Sunny,66.5,8
mystery_valley,2026-03-02,10:00,2026-03-02,0,34,Monday,False,10,Sunny,66.5,8
mystery_valley,2026-03-02,12:00,2026-02-16,14,23,Monday,False,12,Sunny,66.5,8
mystery_valley,2026-03-02,12:00,2026-02-20,10,24,Monday,False,12,Sunny,66.5,8
mystery_valley,2026-03-02,12:00,2026-02-23,7,25,Monday,False,12,Sunny,66.5,8
mystery_valley,2026-03-02,12:00,2026-02-25,5,26,Monday,False,12,Sunny,66.5,8
mystery_valley,2026-03-02,12:00,2026-02-27,3,25,Monday,False,12,Sunny,66.5,8
mystery_valley,2026-03-02,12:00,2026-02-28,2,27,Monday,False,12,Sunny,66.5,8
mystery_valley,2026-03-02,12:00,2026-03-01,1,28,Monday,False,12,Sunny,66.5,8
mystery_valley,2026-03-02,12:00,2026-03-02,0,28,Monday,False,12,Sunny,66.5,8
mystery_valley,2026-03-02,14:00,2026-02-16,14,23,Monday,False,14,Sunny,66.5,8
mystery_valley,2026-03-02,14:00,2026-02-20,10,25,Monday,False,14,Sunny,66.5,8
mystery_valley,2026-03-02,14:00,2026-02-23,7,24,Monday,False,14,Sunny,66.5,8
mystery_valley,2026-03-02,14:00,2026-02-25,5,26,Monday,False,14,Sunny,66.5,8
mystery_valley,2026-03-02,14:00,2026-02-27,3,27,Monday,False,14,Sunny,66.5,8
mystery_valley,2026-03-02,14:00,2026-02-28,2,26,Monday,False,14,Sunny,66.5,8
mystery_valley,2026-03-02,14:00,2026-03-01,1,27,Monday,False,14,Sunny,66.5,8
mystery_valley,2026-03-02,14:00,2026-03-02,0,29,Monday,False,14,Sunny,66.5,8
mystery_valley,2026-03-02,16:00,2026-02-16,14,19,Monday,False,16,Sunny,66.5,8
mystery_valley,2026-03-02,16:00,2026-02-20,10,19,Monday,False,16,Sunny,66.5,8
mystery_valley,2026-03-02,16:00,2026-02-23,7,21,Monday,False,16,Sunny,66.5,8
mystery_valley,2026-03-02,16:00,2026-02-25,5,21,Monday,False,16,Sunny,66.5,8
mystery_valley,2026-03-02,16:00,2026-02-27,3,22,Monday,False,16,Sunny,66.5,8
mystery_valley,2026-03-02,16:00,2026-02-28,2,23,Monday,False,16,Sunny,66.5,8
mystery_valley,2026-03-02,16:00,2026-03-01,1,23,Monday,False,16,Sunny,66.5,8
mystery_valley,2026-03-02,16:00,2026-03-02,0,23,Monday,False,16,Sunny,66.5,8
mystery_valley,2026-03-03,07:00,2026-02-17,14,29,Tuesday,False,7,Sunny,69.0,4
mystery_valley,2026-03-03,07:00,2026-02-21,10,29,Tuesday,False,7,Sunny,69.0,4
mystery_valley,2026-03-03,07:00,2026-02-24,7,29,Tuesday,False,7,Sunny,69.0,4
mystery_valley,2026-03-03,07:00,2026-02-26,5,32,Tuesday,False,7,Sunny,69.0,4
mystery_valley,2026-03-03,07:00,2026-02-28,3,33,Tuesday,False,7,Sunny,69.0,4
mystery_valley,2026-03-03,07:00,2026-03-01,2,34,Tuesday,False,7,Sunny,69.0,4
mystery_valley,2026-03-03,07:00,2026-03-02,1,35,Tuesday,False,7,Sunny,69.0,4
mystery_valley,2026-03-03,07:00,2026-03-03,0,35,Tuesday,False,7,Sunny,69.0,4
mystery_valley,2026-03-03,08:00,2026-02-17,14,28,Tuesday,False,8,Sunny,69.0,4
mystery_valley,2026-03-03,08:00,2026-02-21,10,31,Tuesday,False,8,Sunny,69.0,4
mystery_valley,2026-03-03,08:00,2026-02-24,7,30,Tuesday,False,8,Sunny,69.0,4
mystery_valley,2026-03-03,08:00,2026-02-26,5,31,Tuesday,False,8,Sunny,69.0,4
mystery_valley,2026-03-03,08:00,2026-02-28,3,31,Tuesday,False,8,Sunny,69.0,4
mystery_valley,2026-03-03,08:00,2026-03-01,2,35,Tuesday,False,8,Sunny,69.0,4
mystery_valley,2026-03-03,08:00,2026-03-02,1,33,Tuesday,False,8,Sunny,69.0,4
mystery_valley,2026-03-03,08:00,2026-03-03,0,35,Tuesday,False,8,Sunny,69.0,4
mystery_valley,2026-03-03,09:00,2026-02-17,14,28,Tuesday,False,9,Sunny,69.0,4
mystery_valley,2026-03-03,09:00,2026-02-21,10,29,Tuesday,False,9,Sunny,69.0,4
mystery_valley,2026-03-03,09:00,2026-02-24,7,31,Tuesday,False,9,Sunny,69.0,4
mystery_valley,2026-03-03,09:00,2026-02-26,5,32,Tuesday,False,9,Sunny,69.0,4
mystery_valley,2026-03-03,09:00,2026-02-28,3,33,Tuesday,False,9,Sunny,69.0,4
mystery_valley,2026-03-03,09:00,2026-03-01,2,35,Tuesday,False,9,Sunny,69.0,4
mystery_valley,2026-03-03,09:00,2026-03-02,1,34,Tuesday,False,9,Sunny,69.0,4
mystery_valley,2026-03-03,09:00,2026-03-03,0,36,Tuesday,False,9,Sunny,69.0,4
mystery_valley,2026-03-03,10:00,2026-02-17,14,28,Tuesday,False,10,Sunny,69.0,4
mystery_valley,2026-03-03,10:00,2026-02-21,10,29,Tuesday,False,10,Sunny,69.0,4
mystery_valley,2026-03-03,10:00,2026-02-24,7,30,Tuesday,False,10,Sunny,69.0,4
mystery_valley,2026-03-03,10:00,2026-02-26,5,29,Tuesday,False,10,Sunny,69.0,4
mystery_valley,2026-03-03,10:00,2026-02-28,3,30,Tuesday,False,10,Sunny,69.0,4
mystery_valley,2026-03-03,10:00,2026-03-01,2,32,Tuesday,False,10,Sunny,69.0,4
mystery_valley,2026-03-03,10:00,2026-03-02,1,32,Tuesday,False,10,Sunny,69.0,4
mystery_valley,2026-03-03,10:00,2026-03-03,0,34,Tuesday,False,10,Sunny,69.0,4
mystery_valley,2026-03-03,12:00,2026-02-17,14,23,Tuesday,False,12,Sunny,69.0,4
mystery_valley,2026-03-03,12:00,2026-02-21,10,25,Tuesday,False,12,Sunny,69.0,4
mystery_valley,2026-03-03,12:00,2026-02-24,7,25,Tuesday,False,12,Sunny,69.0,4
mystery_valley,2026-03-03,12:00,2026-02-26,5,26,Tuesday,False,12,Sunny,69.0,4
mystery_valley,2026-03-03,12:00,2026-02-28,3,27,Tuesday,False,12,Sunny,69.0,4
mystery_valley,2026-03-03,12:00,2026-03-01,2,30,Tuesday,False,12,Sunny,69.0,4
mystery_valley,2026-03-03,12:00,2026-03-02,1,28,Tuesday,False,12,Sunny,69.0,4
mystery_valley,2026-03-03,12:00,2026-03-03,0,29,Tuesday,False,12,Sunny,69.0,4
mystery_valley,2026-03-03,14:00,2026-02-17,14,23,Tuesday,False,14,Sunny,69.0,4
mystery_valley,2026-03-03,14:00,2026-02-21,10,24,Tuesday,False,14,Sunny,69.0,4
mystery_valley,2026-03-03,14:00,2026-02-24,7,25,Tuesday,False,14,Sunny,69.0,4
mystery_valley,2026-03-03,14:00,2026-02-26,5,27,Tuesday,False,14,Sunny,69.0,4
mystery_valley,2026-03-03,14:00,2026-02-28,3,27,Tuesday,False,14,Sunny,69.0,4
mystery_valley,2026-03-03,14:00,2026-03-01,2,29,Tuesday,False,14,Sunny,69.0,4
mystery_valley,2026-03-03,14:00,2026-03-02,1,28,Tuesday,False,14,Sunny,69.0,4
mystery_valley,2026-03-03,14:00,2026-03-03,0,30,Tuesday,False,14,Sunny,69.0,4
mystery_valley,2026-03-03,16:00,2026-02-17,14,20,Tuesday,False,16,Sunny,69.0,4
mystery_valley,2026-03-03,16:00,2026-02-21,10,20,Tuesday,False,16,Sunny,69.0,4
mystery_valley,2026-03-03,16:00,2026-02-24,7,20,Tuesday,False,16,Sunny,69.0,4
mystery_valley,2026-03-03,16:00,2026-02-26,5,22,Tuesday,False,16,Sunny,69.0,4
mystery_valley,2026-03-03,16:00,2026-02-28,3,22,Tuesday,False,16,Sunny,69.0,4
mystery_valley,2026-03-03,16:00,2026-03-01,2,23,Tuesday,False,16,Sunny,69.0,4
mystery_valley,2026-03-03,16:00,2026-03-02,1,24,Tuesday,False,16,Sunny,69.0,4
mystery_valley,2026-03-03,16:00,2026-03-03,0,24,Tuesday,False,16,Sunny,69.0,4
mystery_valley,2026-03-04,07:00,2026-02-18,14,29,Wednesday,False,7,Sunny,60.0,0
mystery_valley,2026-03-04,07:00,2026-02-22,10,31,Wednesday,False,7,Sunny,60.0,0
mystery_valley,2026-03-04,07:00,2026-02-25,7,32,Wednesday,False,7,Sunny,60.0,0
mystery_valley,2026-03-04,07:00,2026-02-27,5,33,Wednesday,False,7,Sunny,60.0,0
mystery_valley,2026-03-04,07:00,2026-03-01,3,34,Wednesday,False,7,Sunny,60.0,0
mystery_valley,2026-03-04,07:00,2026-03-02,2,35,Wednesday,False,7,Sunny,60.0,0
mystery_valley,2026-03-04,07:00,2026-03-03,1,34,Wednesday,False,7,Sunny,60.0,0
mystery_valley,2026-03-04,07:00,2026-03-04,0,37,Wednesday,False,7,Sunny,60.0,0
mystery_valley,2026-03-04,08:00,2026-02-18,14,30,Wednesday,False,8,Sunny,60.0,0
mystery_valley,2026-03-04,08:00,2026-02-22,10,30,Wednesday,False,8,Sunny,60.0,0
mystery_valley,2026-03-04,08:00,2026-02-25,7,32,Wednesday,False,8,Sunny,60.0,0
mystery_valley,2026-03-04,08:00,2026-02-27,5,32,Wednesday,False,8,Sunny,60.0,0
mystery_valley,2026-03-04,08:00,2026-03-01,3,34,Wednesday,False,8,Sunny,60.0,0
mystery_valley,2026-03-04,08:00,2026-03-02,2,35,Wednesday,False,8,Sunny,60.0,0
mystery_valley,2026-03-04,08:00,2026-03-03,1,35,Wednesday,False,8,Sunny,60.0,0
mystery_valley,2026-03-04,08:00,2026-03-04,0,37,Wednesday,False,8,Sunny,60.0,0
mystery_valley,2026-03-04,09:00,2026-02-18,14,30,Wednesday,False,9,Sunny,60.0,0
mystery_valley,2026-03-04,09:00,2026-02-22,10,31,Wednesday,False,9,Sunny,60.0,0
mystery_valley,2026-03-04,09:00,2026-02-25,7,31,Wednesday,False,9,Sunny,60.0,0
mystery_valley,2026-03-04,09:00,2026-02-27,5,32,Wednesday,False,9,Sunny,60.0,0
mystery_valley,2026-03-04,09:00,2026-03-01,3,33,Wednesday,False,9,Sunny,60.0,0
mystery_valley,2026-03-04,09:00,2026-03-02,2,36,Wednesday,False,9,Sunny,60.0,0
mystery_valley,2026-03-04,09:00,2026-03-03,1,34,Wednesday,False,9,Sunny,60.0,0
mystery_valley,2026-03-04,09:00,2026-03-04,0,36,Wednesday,False,9,Sunny,60.0,0
mystery_valley,2026-03-04,10:00,2026-02-18,14,28,Wednesday,False,10,Sunny,60.0,0
mystery_valley,2026-03-04,10:00,2026-02-22,10,30,Wednesday,False,10,Sunny,60.0,0
mystery_valley,2026-03-04,10:00,2026-02-25,7,31,Wednesday,False,10,Sunny,60.0,0
mystery_valley,2026-03-04,10:00,2026-02-27,5,32,Wednesday,False,10,Sunny,60.0,0
mystery_valley,2026-03-04,10:00,2026-03-01,3,32,Wednesday,False,10,Sunny,60.0,0
mystery_valley,2026-03-04,10:00,2026-03-02,2,33,Wednesday,False,10,Sunny,60.0,0
mystery_valley,2026-03-04,10:00,2026-03-03,1,33,Wednesday,False,10,Sunny,60.0,0
mystery_valley,2026-03-04,10:00,2026-03-04,0,35,Wednesday,False,10,Sunny,60.0,0
mystery_valley,2026-03-04,12:00,2026-02-18,14,25,Wednesday,False,12,Sunny,60.0,0
mystery_valley,2026-03-04,12:00,2026-02-22,10,26,Wednesday,False,12,Sunny,60.0,0
mystery_valley,2026-03-04,12:00,2026-02-25,7,26,Wednesday,False,12,Sunny,60.0,0
mystery_valley,2026-03-04,12:00,2026-02-27,5,27,Wednesday,False,12,Sunny,60.0,0
mystery_valley,2026-03-04,12:00,2026-03-01,3,28,Wednesday,False,12,Sunny,60.0,0
mystery_valley,2026-03-04,12:00,2026-03-02,2,30,Wednesday,False,12,Sunny,60.0,0
mystery_valley,2026-03-04,12:00,2026-03-03,1,31,Wednesday,False,12,Sunny,60.0,0
mystery_valley,2026-03-04,12:00,2026-03-04,0,31,Wednesday,False,12,Sunny,60.0,0
mystery_valley,2026-03-04,14:00,2026-02-18,14,25,Wednesday,False,14,Sunny,60.0,0
mystery_valley,2026-03-04,14:00,2026-02-22,10,25,Wednesday,False,14,Sunny,60.0,0
mystery_valley,2026-03-04,14:00,2026-02-25,7,27,Wednesday,False,14,Sunny,60.0,0
mystery_valley,2026-03-04,14:00,2026-02-27,5,28,Wednesday,False,14,Sunny,60.0,0
mystery_valley,2026-03-04,14:00,2026-03-01,3,28,Wednesday,False,14,Sunny,60.0,0
mystery_valley,2026-03-04,14:00,2026-03-02,2,30,Wednesday,False,14,Sunny,60.0,0
mystery_valley,2026-03-04,14:00,2026-03-03,1,30,Wednesday,False,14,Sunny,60.0,0
mystery_valley,2026-03-04,14:00,2026-03-04,0,31,Wednesday,False,14,Sunny,60.0,0
mystery_valley,2026-03-04,16:00,2026-02-18,14,21,Wednesday,False,16,Sunny,60.0,0
mystery_valley,2026-03-04,16:00,2026-02-22,10,20,Wednesday,False,16,Sunny,60.0,0
mystery_valley,2026-03-04,16:00,2026-02-25,7,23,Wednesday,False,16,Sunny,60.0,0
mystery_valley,2026-03-04,16:00,2026-02-27,5,22,Wednesday,False,16,Sunny,60.0,0
mystery_valley,2026-03-04,16:00,2026-03-01,3,23,Wednesday,False,16,Sunny,60.0,0
mystery_valley,2026-03-04,16:00,2026-03-02,2,26,Wednesday,False,16,Sunny,60.0,0
mystery_valley,2026-03-04,16:00,2026-03-03,1,24,Wednesday,False,16,Sunny,60.0,0
mystery_valley,2026-03-04,16:00,2026-03-04,0,25,Wednesday,False,16,Sunny,60.0,0
mystery_valley,2026-03-05,07:00,2026-02-19,14,31,Thursday,False,7,Sunny,57.2,10
mystery_valley,2026-03-05,07:00,2026-02-23,10,33,Thursday,False,7,Sunny,57.2,10
mystery_valley,2026-03-05,07:00,2026-02-26,7,34,Thursday,False,7,Sunny,57.2,10
mystery_valley,2026-03-05,07:00,2026-02-28,5,34,Thursday,False,7,Sunny,57.2,10
mystery_valley,2026-03-05,07:00,2026-03-02,3,35,Thursday,False,7,Sunny,57.2,10
mystery_valley,2026-03-05,07:00,2026-03-03,2,36,Thursday,False,7,Sunny,57.2,10
mystery_valley,2026-03-05,07:00,2026-03-04,1,37,Thursday,False,7,Sunny,57.2,10
mystery_valley,2026-03-05,07:00,2026-03-05,0,37,Thursday,False,7,Sunny,57.2,10
mystery_valley,2026-03-05,08:00,2026-02-19,14,31,Thursday,False,8,Sunny,57.2,10
mystery_valley,2026-03-05,08:00,2026-02-23,10,32,Thursday,False,8,Sunny,57.2,10
mystery_valley,2026-03-05,08:00,2026-02-26,7,33,Thursday,False,8,Sunny,57.2,10
mystery_valley,2026-03-05,08:00,2026-02-28,5,34,Thursday,False,8,Sunny,57.2,10
mystery_valley,2026-03-05,08:00,2026-03-02,3,35,Thursday,False,8,Sunny,57.2,10
mystery_valley,2026-03-05,08:00,2026-03-03,2,37,Thursday,False,8,Sunny,57.2,10
mystery_valley,2026-03-05,08:00,2026-03-04,1,37,Thursday,False,8,Sunny,57.2,10
mystery_valley,2026-03-05,08:00,2026-03-05,0,37,Thursday,False,8,Sunny,57.2,10
mystery_valley,2026-03-05,09:00,2026-02-19,14,31,Thursday,False,9,Sunny,57.2,10
mystery_valley,2026-03-05,09:00,2026-02-23,10,32,Thursday,False,9,Sunny,57.2,10
mystery_valley,2026-03-05,09:00,2026-02-26,7,34,Thursday,False,9,Sunny,57.2,10
mystery_valley,2026-03-05,09:00,2026-02-28,5,35,Thursday,False,9,Sunny,57.2,10
mystery_valley,2026-03-05,09:00,2026-03-02,3,34,Thursday,False,9,Sunny,57.2,10
mystery_valley,2026-03-05,09:00,2026-03-03,2,37,Thursday,False,9,Sunny,57.2,10
mystery_valley,2026-03-05,09:00,2026-03-04,1,38,Thursday,False,9,Sunny,57.2,10
mystery_valley,2026-03-05,09:00,2026-03-05,0,37,Thursday,False,9,Sunny,57.2,10
mystery_valley,2026-03-05,10:00,2026-02-19,14,30,Thursday,False,10,Sunny,57.2,10
mystery_valley,2026-03-05,10:00,2026-02-23,10,31,Thursday,False,10,Sunny,57.2,10
mystery_valley,2026-03-05,10:00,2026-02-26,7,31,Thursday,False,10,Sunny,57.2,10
mystery_valley,2026-03-05,10:00,2026-02-28,5,32,Thursday,False,10,Sunny,57.2,10
mystery_valley,2026-03-05,10:00,2026-03-02,3,34,Thursday,False,10,Sunny,57.2,10
mystery_valley,2026-03-05,10:00,2026-03-03,2,36,Thursday,False,10,Sunny,57.2,10
mystery_valley,2026-03-05,10:00,2026-03-04,1,34,Thursday,False,10,Sunny,57.2,10
mystery_valley,2026-03-05,10:00,2026-03-05,0,37,Thursday,False,10,Sunny,57.2,10
mystery_valley,2026-03-05,12:00,2026-02-19,14,25,Thursday,False,12,Sunny,57.2,10
mystery_valley,2026-03-05,12:00,2026-02-23,10,28,Thursday,False,12,Sunny,57.2,10
mystery_valley,2026-03-05,12:00,2026-02-26,7,28,Thursday,False,12,Sunny,57.2,10
mystery_valley,2026-03-05,12:00,2026-02-28,5,28,Thursday,False,12,Sunny,57.2,10
mystery_valley,2026-03-05,12:00,2026-03-02,3,30,Thursday,False,12,Sunny,57.2,10
mystery_valley,2026-03-05,12:00,2026-03-03,2,30,Thursday,False,12,Sunny,57.2,10
mystery_valley,2026-03-05,12:00,2026-03-04,1,31,Thursday,False,12,Sunny,57.2,10
mystery_valley,2026-03-05,12:00,2026-03-05,0,32,Thursday,False,12,Sunny,57.2,10
mystery_valley,2026-03-05,14:00,2026-02-19,14,26,Thursday,False,14,Sunny,57.2,10
mystery_valley,2026-03-05,14:00,2026-02-23,10,26,Thursday,False,14,Sunny,57.2,10
mystery_valley,2026-03-05,14:00,2026-02-26,7,28,Thursday,False,14,Sunny,57.2,10
mystery_valley,2026-03-05,14:00,2026-02-28,5,29,Thursday,False,14,Sunny,57.2,10
mystery_valley,2026-03-05,14:00,2026-03-02,3,29,Thursday,False,14,Sunny,57.2,10
mystery_valley,2026-03-05,14:00,2026-03-03,2,31,Thursday,False,14,Sunny,57.2,10
mystery_valley,2026-03-05,14:00,2026-03-04,1,30,Thursday,False,14,Sunny,57.2,10
mystery_valley,2026-03-05,14:00,2026-03-05,0,32,Thursday,False,14,Sunny,57.2,10
mystery_valley,2026-03-05,16:00,2026-02-19,14,22,Thursday,False,16,Sunny,57.2,10
mystery_valley,2026-03-05,16:00,2026-02-23,10,22,Thursday,False,16,Sunny,57.2,10
mystery_valley,2026-03-05,16:00,2026-02-26,7,23,Thursday,False,16,Sunny,57.2,10
mystery_valley,2026-03-05,16:00,2026-02-28,5,23,Thursday,False,16,Sunny,57.2,10
mystery_valley,2026-03-05,16:00,2026-03-02,3,23,Thursday,False,16,Sunny,57.2,10
mystery_valley,2026-03-05,16:00,2026-03-03,2,25,Thursday,False,16,Sunny,57.2,10
mystery_valley,2026-03-05,16:00,2026-03-04,1,25,Thursday,False,16,Sunny,57.2,10
mystery_valley,2026-03-05,16:00,2026-03-05,0,25,Thursday,False,16,Sunny,57.2,10
mystery_valley,2026-03-06,07:00,2026-02-20,14,31,Friday,False,7,Overcast,61.1,54
mystery_valley,2026-03-06,07:00,2026-02-24,10,32,Friday,False,7,Overcast,61.1,54
mystery_valley,2026-03-06,07:00,2026-02-27,7,34,Friday,False,7,Overcast,61.1,54
mystery_valley,2026-03-06,07:00,2026-03-01,5,35,Friday,False,7,Overcast,61.1,54
mystery_valley,2026-03-06,07:00,2026-03-03,3,35,Friday,False,7,Overcast,61.1,54
mystery_valley,2026-03-06,07:00,2026-03-04,2,36,Friday,False,7,Overcast,61.1,54
mystery_valley,2026-03-06,07:00,2026-03-05,1,38,Friday,False,7,Overcast,61.1,54
mystery_valley,2026-03-06,07:00,2026-03-06,0,40,Friday,False,7,Overcast,61.1,54
mystery_valley,2026-03-06,08:00,2026-02-20,14,30,Friday,False,8,Overcast,61.1,54
mystery_valley,2026-03-06,08:00,2026-02-24,10,33,Friday,False,8,Overcast,61.1,54
mystery_valley,2026-03-06,08:00,2026-02-27,7,32,Friday,False,8,Overcast,61.1,54
mystery_valley,2026-03-06,08:00,2026-03-01,5,34,Friday,False,8,Overcast,61.1,54
mystery_valley,2026-03-06,08:00,2026-03-03,3,34,Friday,False,8,Overcast,61.1,54
mystery_valley,2026-03-06,08:00,2026-03-04,2,37,Friday,False,8,Overcast,61.1,54
mystery_valley,2026-03-06,08:00,2026-03-05,1,36,Friday,False,8,Overcast,61.1,54
mystery_valley,2026-03-06,08:00,2026-03-06,0,39,Friday,False,8,Overcast,61.1,54
mystery_valley,2026-03-06,09:00,2026-02-20,14,31,Friday,False,9,Overcast,61.1,54
mystery_valley,2026-03-06,09:00,2026-02-24,10,33,Friday,False,9,Overcast,61.1,54
mystery_valley,2026-03-06,09:00,2026-02-27,7,33,Friday,False,9,Overcast,61.1,54
mystery_valley,2026-03-06,09:00,2026-03-01,5,35,Friday,False,9,Overcast,61.1,54
mystery_valley,2026-03-06,09:00,2026-03-03,3,32,Friday,False,9,Overcast,61.1,54
mystery_valley,2026-03-06,09:00,2026-03-04,2,37,Friday,False,9,Overcast,61.1,54
mystery_valley,2026-03-06,09:00,2026-03-05,1,37,Friday,False,9,Overcast,61.1,54
mystery_valley,2026-03-06,09:00,2026-03-06,0,36,Friday,False,9,Overcast,61.1,54
mystery_valley,2026-03-06,10:00,2026-02-20,14,29,Friday,False,10,Overcast,61.1,54
mystery_valley,2026-03-06,10:00,2026-02-24,10,31,Friday,False,10,Overcast,61.1,54
mystery_valley,2026-03-06,10:00,2026-02-27,7,30,Friday,False,10,Overcast,61.1,54
mystery_valley,2026-03-06,10:00,2026-03-01,5,31,Friday,False,10,Overcast,61.1,54
mystery_valley,2026-03-06,10:00,2026-03-03,3,35,Friday,False,10,Overcast,61.1,54
mystery_valley,2026-03-06,10:00,2026-03-04,2,35,Friday,False,10,Overcast,61.1,54
mystery_valley,2026-03-06,10:00,2026-03-05,1,36,Friday,False,10,Overcast,61.1,54
mystery_valley,2026-03-06,10:00,2026-03-06,0,37,Friday,False,10,Overcast,61.1,54
mystery_valley,2026-03-06,12:00,2026-02-20,14,26,Friday,False,12,Overcast,61.1,54
mystery_valley,2026-03-06,12:00,2026-02-24,10,27,Friday,False,12,Overcast,61.1,54
mystery_valley,2026-03-06,12:00,2026-02-27,7,26,Friday,False,12,Overcast,61.1,54
mystery_valley,2026-03-06,12:00,2026-03-01,5,28,Friday,False,12,Overcast,61.1,54
mystery_valley,2026-03-06,12:00,2026-03-03,3,27,Friday,False,12,Overcast,61.1,54
mystery_valley,2026-03-06,12:00,2026-03-04,2,29,Friday,False,12,Overcast,61.1,54
mystery_valley,2026-03-06,12:00,2026-03-05,1,30,Friday,False,12,Overcast,61.1,54
mystery_valley,2026-03-06,12:00,2026-03-06,0,31,Friday,False,12,Overcast,61.1,54
mystery_valley,2026-03-06,14:00,2026-02-20,14,26,Friday,False,14,Overcast,61.1,54
mystery_valley,2026-03-06,14:00,2026-02-24,10,27,Friday,False,14,Overcast,61.1,54
mystery_valley,2026-03-06,14:00,2026-02-27,7,28,Friday,False,14,Overcast,61.1,54
mystery_valley,2026-03-06,14:00,2026-03-01,5,29,Friday,False,14,Overcast,61.1,54
mystery_valley,2026-03-06,14:00,2026-03-03,3,29,Friday,False,14,Overcast,61.1,54
mystery_valley,2026-03-06,14:00,2026-03-04,2,30,Friday,False,14,Overcast,61.1,54
mystery_valley,2026-03-06,14:00,2026-03-05,1,30,Friday,False,14,Overcast,61.1,54
mystery_valley,2026-03-06,14:00,2026-03-06,0,31,Friday,False,14,Overcast,61.1,54
mystery_valley,2026-03-06,16:00,2026-02-20,14,21,Friday,False,16,Overcast,61.1,54
mystery_valley,2026-03-06,16:00,2026-02-24,10,21,Friday,False,16,Overcast,61.1,54
mystery_valley,2026-03-06,16:00,2026-02-27,7,23,Friday,False,16,Overcast,61.1,54
mystery_valley,2026-03-06,16:00,2026-03-01,5,24,Friday,False,16,Overcast,61.1,54
mystery_valley,2026-03-06,16:00,2026-03-03,3,23,Friday,False,16,Overcast,61.1,54
mystery_valley,2026-03-06,16:00,2026-03-04,2,25,Friday,False,16,Overcast,61.1,54
mystery_valley,2026-03-06,16:00,2026-03-05,1,26,Friday,False,16,Overcast,61.1,54
mystery_valley,2026-03-06,16:00,2026-03-06,0,26,Friday,False,16,Overcast,61.1,54
mystery_valley,2026-03-07,07:00,2026-02-21,14,44,Saturday,True,7,Sunny,65.9,4
mystery_valley,2026-03-07,07:00,2026-02-25,10,45,Saturday,True,7,Sunny,65.9,4
mystery_valley,2026-03-07,07:00,2026-02-28,7,46,Saturday,True,7,Sunny,65.9,4
mystery_valley,2026-03-07,07:00,2026-03-02,5,50,Saturday,True,7,Sunny,65.9,4
mystery_valley,2026-03-07,07:00,2026-03-04,3,49,Saturday,True,7,Sunny,65.9,4
mystery_valley,2026-03-07,07:00,2026-03-05,2,52,Saturday,True,7,Sunny,65.9,4
mystery_valley,2026-03-07,07:00,2026-03-06,1,52,Saturday,True,7,Sunny,65.9,4
mystery_valley,2026-03-07,07:00,2026-03-07,0,56,Saturday,True,7,Sunny,65.9,4
mystery_valley,2026-03-07,08:00,2026-02-21,14,43,Saturday,True,8,Sunny,65.9,4
mystery_valley,2026-03-07,08:00,2026-02-25,10,44,Saturday,True,8,Sunny,65.9,4
mystery_valley,2026-03-07,08:00,2026-02-28,7,46,Saturday,True,8,Sunny,65.9,4
mystery_valley,2026-03-07,08:00,2026-03-02,5,49,Saturday,True,8,Sunny,65.9,4
mystery_valley,2026-03-07,08:00,2026-03-04,3,47,Saturday,True,8,Sunny,65.9,4
mystery_valley,2026-03-07,08:00,2026-03-05,2,52,Saturday,True,8,Sunny,65.9,4
mystery_valley,2026-03-07,08:00,2026-03-06,1,51,Saturday,True,8,Sunny,65.9,4
mystery_valley,2026-03-07,08:00,2026-03-07,0,51,Saturday,True,8,Sunny,65.9,4
mystery_valley,2026-03-07,09:00,2026-02-21,14,42,Saturday,True,9,Sunny,65.9,4
mystery_valley,2026-03-07,09:00,2026-02-25,10,45,Saturday,True,9,Sunny,65.9,4
mystery_valley,2026-03-07,09:00,2026-02-28,7,48,Saturday,True,9,Sunny,65.9,4
mystery_valley,2026-03-07,09:00,2026-03-02,5,49,Saturday,True,9,Sunny,65.9,4
mystery_valley,2026-03-07,09:00,2026-03-04,3,49,Saturday,True,9,Sunny,65.9,4
mystery_valley,2026-03-07,09:00,2026-03-05,2,53,Saturday,True,9,Sunny,65.9,4
mystery_valley,2026-03-07,09:00,2026-03-06,1,51,Saturday,True,9,Sunny,65.9,4
mystery_valley,2026-03-07,09:00,2026-03-07,0,51,Saturday,True,9,Sunny,65.9,4
mystery_valley,2026-03-07,10:00,2026-02-21,14,40,Saturday,True,10,Sunny,65.9,4
mystery_valley,2026-03-07,10:00,2026-02-25,10,40,Saturday,True,10,Sunny,65.9,4
mystery_valley,2026-03-07,10:00,2026-02-28,7,43,Saturday,True,10,Sunny,65.9,4
mystery_valley,2026-03-07,10:00,2026-03-02,5,45,Saturday,True,10,Sunny,65.9,4
mystery_valley,2026-03-07,10:00,2026-03-04,3,44,Saturday,True,10,Sunny,65.9,4
mystery_valley,2026-03-07,10:00,2026-03-05,2,47,Saturday,True,10,Sunny,65.9,4
mystery_valley,2026-03-07,10:00,2026-03-06,1,47,Saturday,True,10,Sunny,65.9,4
mystery_valley,2026-03-07,10:00,2026-03-07,0,50,Saturday,True,10,Sunny,65.9,4
mystery_valley,2026-03-07,12:00,2026-02-21,14,33,Saturday,True,12,Sunny,65.9,4
mystery_valley,2026-03-07,12:00,2026-02-25,10,36,Saturday,True,12,Sunny,65.9,4
mystery_valley,2026-03-07,12:00,2026-02-28,7,35,Saturday,True,12,Sunny,65.9,4
mystery_valley,2026-03-07,12:00,2026-03-02,5,38,Saturday,True,12,Sunny,65.9,4
mystery_valley,2026-03-07,12:00,2026-03-04,3,39,Saturday,True,12,Sunny,65.9,4
mystery_valley,2026-03-07,12:00,2026-03-05,2,40,Saturday,True,12,Sunny,65.9,4
mystery_valley,2026-03-07,12:00,2026-03-06,1,42,Saturday,True,12,Sunny,65.9,4
mystery_valley,2026-03-07,12:00,2026-03-07,0,40,Saturday,True,12,Sunny,65.9,4
mystery_valley,2026-03-07,14:00,2026-02-21,14,35,Saturday,True,14,Sunny,65.9,4
mystery_valley,2026-03-07,14:00,2026-02-25,10,37,Saturday,True,14,Sunny,65.9,4
mystery_valley,2026-03-07,14:00,2026-02-28,7,37,Saturday,True,14,Sunny,65.9,4
mystery_valley,2026-03-07,14:00,2026-03-02,5,38,Saturday,True,14,Sunny,65.9,4
mystery_valley,2026-03-07,14:00,2026-03-04,3,39,Saturday,True,14,Sunny,65.9,4
mystery_valley,2026-03-07,14:00,2026-03-05,2,40,Saturday,True,14,Sunny,65.9,4
mystery_valley,2026-03-07,14:00,2026-03-06,1,43,Saturday,True,14,Sunny,65.9,4
mystery_valley,2026-03-07,14:00,2026-03-07,0,41,Saturday,True,14,Sunny,65.9,4
mystery_valley,2026-03-07,16:00,2026-02-21,14,29,Saturday,True,16,Sunny,65.9,4
mystery_valley,2026-03-07,16:00,2026-02-25,10,29,Saturday,True,16,Sunny,65.9,4
mystery_valley,2026-03-07,16:00,2026-02-28,7,32,Saturday,True,16,Sunny,65.9,4
mystery_valley,2026-03-07,16:00,2026-03-02,5,33,Saturday,True,16,Sunny,65.9,4
mystery_valley,2026-03-07,16:00,2026-03-04,3,32,Saturday,True,16,Sunny,65.9,4
mystery_valley,2026-03-07,16:00,2026-03-05,2,34,Saturday,True,16,Sunny,65.9,4
mystery_valley,2026-03-07,16:00,2026-03-06,1,33,Saturday,True,16,Sunny,65.9,4
mystery_valley,2026-03-07,16:00,2026-03-07,0,34,Saturday,True,16,Sunny,65.9,4
mystery_valley,2026-03-08,07:00,2026-02-22,14,41,Sunday,True,7,Sunny,66.5,11
mystery_valley,2026-03-08,07:00,2026-02-26,10,45,Sunday,True,7,Sunny,66.5,11
mystery_valley,2026-03-08,07:00,2026-03-01,7,44,Sunday,True,7,Sunny,66.5,11
mystery_valley,2026-03-08,07:00,2026-03-03,5,48,Sunday,True,7,Sunny,66.5,11
mystery_valley,2026-03-08,07:00,2026-03-05,3,46,Sunday,True,7,Sunny,66.5,11
mystery_valley,2026-03-08,07:00,2026-03-06,2,49,Sunday,True,7,Sunny,66.5,11
mystery_valley,2026-03-08,07:00,2026-03-07,1,49,Sunday,True,7,Sunny,66.5,11
mystery_valley,2026-03-08,07:00,2026-03-08,0,50,Sunday,True,7,Sunny,66.5,11
mystery_valley,2026-03-08,08:00,2026-02-22,14,39,Sunday,True,8,Sunny,66.5,11
mystery_valley,2026-03-08,08:00,2026-02-26,10,42,Sunday,True,8,Sunny,66.5,11
mystery_valley,2026-03-08,08:00,2026-03-01,7,45,Sunday,True,8,Sunny,66.5,11
mystery_valley,2026-03-08,08:00,2026-03-03,5,46,Sunday,True,8,Sunny,66.5,11
mystery_valley,2026-03-08,08:00,2026-03-05,3,47,Sunday,True,8,Sunny,66.5,11
mystery_valley,2026-03-08,08:00,2026-03-06,2,50,Sunday,True,8,Sunny,66.5,11
mystery_valley,2026-03-08,08:00,2026-03-07,1,49,Sunday,True,8,Sunny,66.5,11
mystery_valley,2026-03-08,08:00,2026-03-08,0,49,Sunday,True,8,Sunny,66.5,11
mystery_valley,2026-03-08,09:00,2026-02-22,14,43,Sunday,True,9,Sunny,66.5,11
mystery_valley,2026-03-08,09:00,2026-02-26,10,42,Sunday,True,9,Sunny,66.5,11
mystery_valley,2026-03-08,09:00,2026-03-01,7,44,Sunday,True,9,Sunny,66.5,11
mystery_valley,2026-03-08,09:00,2026-03-03,5,45,Sunday,True,9,Sunny,66.5,11
mystery_valley,2026-03-08,09:00,2026-03-05,3,48,Sunday,True,9,Sunny,66.5,11
mystery_valley,2026-03-08,09:00,2026-03-06,2,51,Sunday,True,9,Sunny,66.5,11
mystery_valley,2026-03-08,09:00,2026-03-07,1,49,Sunday,True,9,Sunny,66.5,11
mystery_valley,2026-03-08,09:00,2026-03-08,0,51,Sunday,True,9,Sunny,66.5,11
mystery_valley,2026-03-08,10:00,2026-02-22,14,38,Sunday,True,10,Sunny,66.5,11
mystery_valley,2026-03-08,10:00,2026-02-26,10,41,Sunday,True,10,Sunny,66.5,11
mystery_valley,2026-03-08,10:00,2026-03-01,7,39,Sunday,True,10,Sunny,66.5,11
mystery_valley,2026-03-08,10:00,2026-03-03,5,43,Sunday,True,10,Sunny,66.5,11
mystery_valley,2026-03-08,10:00,2026-03-05,3,43,Sunday,True,10,Sunny,66.5,11
mystery_valley,2026-03-08,10:00,2026-03-06,2,44,Sunday,True,10,Sunny,66.5,11
mystery_valley,2026-03-08,10:00,2026-03-07,1,45,Sunday,True,10,Sunny,66.5,11
mystery_valley,2026-03-08,10:00,2026-03-08,0,47,Sunday,True,10,Sunny,66.5,11
mystery_valley,2026-03-08,12:00,2026-02-22,14,33,Sunday,True,12,Sunny,66.5,11
mystery_valley,2026-03-08,12:00,2026-02-26,10,35,Sunday,True,12,Sunny,66.5,11
mystery_valley,2026-03-08,12:00,2026-03-01,7,35,Sunday,True,12,Sunny,66.5,11
mystery_valley,2026-03-08,12:00,2026-03-03,5,36,Sunday,True,12,Sunny,66.5,11
mystery_valley,2026-03-08,12:00,2026-03-05,3,36,Sunday,True,12,Sunny,66.5,11
mystery_valley,2026-03-08,12:00,2026-03-06,2,39,Sunday,True,12,Sunny,66.5,11
mystery_valley,2026-03-08,12:00,2026-03-07,1,38,Sunday,True,12,Sunny,66.5,11
mystery_valley,2026-03-08,12:00,2026-03-08,0,39,Sunday,True,12,Sunny,66.5,11
mystery_valley,2026-03-08,14:00,2026-02-22,14,32,Sunday,True,14,Sunny,66.5,11
mystery_valley,2026-03-08,14:00,2026-02-26,10,34,Sunday,True,14,Sunny,66.5,11
mystery_valley,2026-03-08,14:00,2026-03-01,7,34,Sunday,True,14,Sunny,66.5,11
mystery_valley,2026-03-08,14:00,2026-03-03,5,36,Sunday,True,14,Sunny,66.5,11
mystery_valley,2026-03-08,14:00,2026-03-05,3,36,Sunday,True,14,Sunny,66.5,11
mystery_valley,2026-03-08,14:00,2026-03-06,2,39,Sunday,True,14,Sunny,66.5,11
mystery_valley,2026-03-08,14:00,2026-03-07,1,38,Sunday,True,14,Sunny,66.5,11
mystery_valley,2026-03-08,14:00,2026-03-08,0,39,Sunday,True,14,Sunny,66.5,11
mystery_valley,2026-03-08,16:00,2026-02-22,14,28,Sunday,True,16,Sunny,66.5,11
mystery_valley,2026-03-08,16:00,2026-02-26,10,28,Sunday,True,16,Sunny,66.5,11
mystery_valley,2026-03-08,16:00,2026-03-01,7,29,Sunday,True,16,Sunny,66.5,11
mystery_valley,2026-03-08,16:00,2026-03-03,5,29,Sunday,True,16,Sunny,66.5,11
mystery_valley,2026-03-08,16:00,2026-03-05,3,29,Sunday,True,16,Sunny,66.5,11
mystery_valley,2026-03-08,16:00,2026-03-06,2,32,Sunday,True,16,Sunny,66.5,11
mystery_valley,2026-03-08,16:00,2026-03-07,1,30,Sunday,True,16,Sunny,66.5,11
mystery_valley,2026-03-08,16:00,2026-03-08,0,33,Sunday,True,16,Sunny,66.5,11
mystery_valley,2026-03-09,07:00,2026-02-23,14,27,Monday,False,7,Partly Cloudy,61.4,27
mystery_valley,2026-03-09,07:00,2026-02-27,10,27,Monday,False,7,Partly Cloudy,61.4,27
mystery_valley,2026-03-09,07:00,2026-03-02,7,27,Monday,False,7,Partly Cloudy,61.4,27
mystery_valley,2026-03-09,07:00,2026-03-04,5,30,Monday,False,7,Partly Cloudy,61.4,27
mystery_valley,2026-03-09,07:00,2026-03-06,3,29,Monday,False,7,Partly Cloudy,61.4,27
mystery_valley,2026-03-09,07:00,2026-03-07,2,31,Monday,False,7,Partly Cloudy,61.4,27
mystery_valley,2026-03-09,07:00,2026-03-08,1,32,Monday,False,7,Partly Cloudy,61.4,27
mystery_valley,2026-03-09,07:00,2026-03-09,0,33,Monday,False,7,Partly Cloudy,61.4,27
mystery_valley,2026-03-09,08:00,2026-02-23,14,27,Monday,False,8,Partly Cloudy,61.4,27
mystery_valley,2026-03-09,08:00,2026-02-27,10,28,Monday,False,8,Partly Cloudy,61.4,27
mystery_valley,2026-03-09,08:00,2026-03-02,7,27,Monday,False,8,Partly Cloudy,61.4,27
mystery_valley,2026-03-09,08:00,2026-03-04,5,28,Monday,False,8,Partly Cloudy,61.4,27
mystery_valley,2026-03-09,08:00,2026-03-06,3,31,Monday,False,8,Partly Cloudy,61.4,27
mystery_valley,2026-03-09,08:00,2026-03-07,2,31,Monday,False,8,Partly Cloudy,61.4,27
mystery_valley,2026-03-09,08:00,2026-03-08,1,31,Monday,False,8,Partly Cloudy,61.4,27
mystery_valley,2026-03-09,08:00,2026-03-09,0,31,Monday,False,8,Partly Cloudy,61.4,27
mystery_valley,2026-03-09,09:00,2026-02-23,14,26,Monday,False,9,Partly Cloudy,61.4,27
mystery_valley,2026-03-09,09:00,2026-02-27,10,27,Monday,False,9,Partly Cloudy,61.4,27
mystery_valley,2026-03-09,09:00,2026-03-02,7,28,Monday,False,9,Partly Cloudy,61.4,27
mystery_valley,2026-03-09,09:00,2026-03-04,5,28,Monday,False,9,Partly Cloudy,61.4,27
mystery_valley,2026-03-09,09:00,2026-03-06,3,30,Monday,False,9,Partly Cloudy,61.4,27
mystery_valley,2026-03-09,09:00,2026-03-07,2,31,Monday,False,9,Partly Cloudy,61.4,27
mystery_valley,2026-03-09,09:00,2026-03-08,1,31,Monday,False,9,Partly Cloudy,61.4,27
mystery_valley,2026-03-09,09:00,2026-03-09,0,30,Monday,False,9,Partly Cloudy,61.4,27
mystery_valley,2026-03-09,10:00,2026-02-23,14,26,Monday,False,10,Partly Cloudy,61.4,27
mystery_valley,2026-03-09,10:00,2026-02-27,10,27,Monday,False,10,Partly Cloudy,61.4,27
mystery_valley,2026-03-09,10:00,2026-03-02,7,27,Monday,False,10,Partly Cloudy,61.4,27
mystery_valley,2026-03-09,10:00,2026-03-04,5,27,Monday,False,10,Partly Cloudy,61.4,27
mystery_valley,2026-03-09,10:00,2026-03-06,3,28,Monday,False,10,Partly Cloudy,61.4,27
mystery_valley,2026-03-09,10:00,2026-03-07,2,30,Monday,False,10,Partly Cloudy,61.4,27
mystery_valley,2026-03-09,10:00,2026-03-08,1,29,Monday,False,10,Partly Cloudy,61.4,27
mystery_valley,2026-03-09,10:00,2026-03-09,0,29,Monday,False,10,Partly Cloudy,61.4,27
mystery_valley,2026-03-09,12:00,2026-02-23,14,22,Monday,False,12,Partly Cloudy,61.4,27
mystery_valley,2026-03-09,12:00,2026-02-27,10,22,Monday,False,12,Partly Cloudy,61.4,27
mystery_valley,2026-03-09,12:00,2026-03-02,7,24,Monday,False,12,Partly Cloudy,61.4,27
mystery_valley,2026-03-09,12:00,2026-03-04,5,25,Monday,False,12,Partly Cloudy,61.4,27
mystery_valley,2026-03-09,12:00,2026-03-06,3,24,Monday,False,12,Partly Cloudy,61.4,27
mystery_valley,2026-03-09,12:00,2026-03-07,2,26,Monday,False,12,Partly Cloudy,61.4,27
mystery_valley,2026-03-09,12:00,2026-03-08,1,27,Monday,False,12,Partly Cloudy,61.4,27
mystery_valley,2026-03-09,12:00,2026-03-09,0,28,Monday,False,12,Partly Cloudy,61.4,27
mystery_valley,2026-03-09,14:00,2026-02-23,14,22,Monday,False,14,Partly Cloudy,61.4,27
mystery_valley,2026-03-09,14:00,2026-02-27,10,24,Monday,False,14,Partly Cloudy,61.4,27
mystery_valley,2026-03-09,14:00,2026-03-02,7,23,Monday,False,14,Partly Cloudy,61.4,27
mystery_valley,2026-03-09,14:00,2026-03-04,5,24,Monday,False,14,Partly Cloudy,61.4,27
mystery_valley,2026-03-09,14:00,2026-03-06,3,25,Monday,False,14,Partly Cloudy,61.4,27
mystery_valley,2026-03-09,14:00,2026-03-07,2,25,Monday,False,14,Partly Cloudy,61.4,27
mystery_valley,2026-03-09,14:00,2026-03-08,1,27,Monday,False,14,Partly Cloudy,61.4,27
mystery_valley,2026-03-09,14:00,2026-03-09,0,27,Monday,False,14,Partly Cloudy,61.4,27
mystery_valley,2026-03-09,16:00,2026-02-23,14,18,Monday,False,16,Partly Cloudy,61.4,27
mystery_valley,2026-03-09,16:00,2026-02-27,10,19,Monday,False,16,Partly Cloudy,61.4,27
mystery_valley,2026-03-09,16:00,2026-03-02,7,20,Monday,False,16,Partly Cloudy,61.4,27
mystery_valley,2026-03-09,16:00,2026-03-04,5,20,Monday,False,16,Partly Cloudy,61.4,27
mystery_valley,2026-03-09,16:00,2026-03-06,3,20,Monday,False,16,Partly Cloudy,61.4,27
mystery_valley,2026-03-09,16:00,2026-03-07,2,21,Monday,False,16,Partly Cloudy,61.4,27
mystery_valley,2026-03-09,16:00,2026-03-08,1,23,Monday,False,16,Partly Cloudy,61.4,27
mystery_valley,2026-03-09,16:00,2026-03-09,0,21,Monday,False,16,Partly Cloudy,61.4,27
mystery_valley,2026-03-10,07:00,2026-02-24,14,26,Tuesday,False,7,Overcast,70.8,37
mystery_valley,2026-03-10,07:00,2026-02-28,10,26,Tuesday,False,7,Overcast,70.8,37
mystery_valley,2026-03-10,07:00,2026-03-03,7,28,Tuesday,False,7,Overcast,70.8,37
mystery_valley,2026-03-10,07:00,2026-03-05,5,28,Tuesday,False,7,Overcast,70.8,37
mystery_valley,2026-03-10,07:00,2026-03-07,3,29,Tuesday,False,7,Overcast,70.8,37
mystery_valley,2026-03-10,07:00,2026-03-08,2,30,Tuesday,False,7,Overcast,70.8,37
mystery_valley,2026-03-10,07:00,2026-03-09,1,29,Tuesday,False,7,Overcast,70.8,37
mystery_valley,2026-03-10,07:00,2026-03-10,0,30,Tuesday,False,7,Overcast,70.8,37
mystery_valley,2026-03-10,08:00,2026-02-24,14,24,Tuesday,False,8,Overcast,70.8,37
mystery_valley,2026-03-10,08:00,2026-02-28,10,26,Tuesday,False,8,Overcast,70.8,37
mystery_valley,2026-03-10,08:00,2026-03-03,7,26,Tuesday,False,8,Overcast,70.8,37
mystery_valley,2026-03-10,08:00,2026-03-05,5,26,Tuesday,False,8,Overcast,70.8,37
mystery_valley,2026-03-10,08:00,2026-03-07,3,28,Tuesday,False,8,Overcast,70.8,37
mystery_valley,2026-03-10,08:00,2026-03-08,2,28,Tuesday,False,8,Overcast,70.8,37
mystery_valley,2026-03-10,08:00,2026-03-09,1,30,Tuesday,False,8,Overcast,70.8,37
mystery_valley,2026-03-10,08:00,2026-03-10,0,30,Tuesday,False,8,Overcast,70.8,37
mystery_valley,2026-03-10,09:00,2026-02-24,14,25,Tuesday,False,9,Overcast,70.8,37
mystery_valley,2026-03-10,09:00,2026-02-28,10,25,Tuesday,False,9,Overcast,70.8,37
mystery_valley,2026-03-10,09:00,2026-03-03,7,28,Tuesday,False,9,Overcast,70.8,37
mystery_valley,2026-03-10,09:00,2026-03-05,5,27,Tuesday,False,9,Overcast,70.8,37
mystery_valley,2026-03-10,09:00,2026-03-07,3,28,Tuesday,False,9,Overcast,70.8,37
mystery_valley,2026-03-10,09:00,2026-03-08,2,29,Tuesday,False,9,Overcast,70.8,37
mystery_valley,2026-03-10,09:00,2026-03-09,1,29,Tuesday,False,9,Overcast,70.8,37
mystery_valley,2026-03-10,09:00,2026-03-10,0,32,Tuesday,False,9,Overcast,70.8,37
mystery_valley,2026-03-10,10:00,2026-02-24,14,24,Tuesday,False,10,Overcast,70.8,37
mystery_valley,2026-03-10,10:00,2026-02-28,10,24,Tuesday,False,10,Overcast,70.8,37
mystery_valley,2026-03-10,10:00,2026-03-03,7,26,Tuesday,False,10,Overcast,70.8,37
mystery_valley,2026-03-10,10:00,2026-03-05,5,26,Tuesday,False,10,Overcast,70.8,37
mystery_valley,2026-03-10,10:00,2026-03-07,3,27,Tuesday,False,10,Overcast,70.8,37
mystery_valley,2026-03-10,10:00,2026-03-08,2,29,Tuesday,False,10,Overcast,70.8,37
mystery_valley,2026-03-10,10:00,2026-03-09,1,28,Tuesday,False,10,Overcast,70.8,37
mystery_valley,2026-03-10,10:00,2026-03-10,0,29,Tuesday,False,10,Overcast,70.8,37
mystery_valley,2026-03-10,12:00,2026-02-24,14,21,Tuesday,False,12,Overcast,70.8,37
mystery_valley,2026-03-10,12:00,2026-02-28,10,22,Tuesday,False,12,Overcast,70.8,37
mystery_valley,2026-03-10,12:00,2026-03-03,7,22,Tuesday,False,12,Overcast,70.8,37
mystery_valley,2026-03-10,12:00,2026-03-05,5,23,Tuesday,False,12,Overcast,70.8,37
mystery_valley,2026-03-10,12:00,2026-03-07,3,24,Tuesday,False,12,Overcast,70.8,37
mystery_valley,2026-03-10,12:00,2026-03-08,2,26,Tuesday,False,12,Overcast,70.8,37
mystery_valley,2026-03-10,12:00,2026-03-09,1,24,Tuesday,False,12,Overcast,70.8,37
mystery_valley,2026-03-10,12:00,2026-03-10,0,26,Tuesday,False,12,Overcast,70.8,37
mystery_valley,2026-03-10,14:00,2026-02-24,14,21,Tuesday,False,14,Overcast,70.8,37
mystery_valley,2026-03-10,14:00,2026-02-28,10,22,Tuesday,False,14,Overcast,70.8,37
mystery_valley,2026-03-10,14:00,2026-03-03,7,22,Tuesday,False,14,Overcast,70.8,37
mystery_valley,2026-03-10,14:00,2026-03-05,5,25,Tuesday,False,14,Overcast,70.8,37
mystery_valley,2026-03-10,14:00,2026-03-07,3,24,Tuesday,False,14,Overcast,70.8,37
mystery_valley,2026-03-10,14:00,2026-03-08,2,26,Tuesday,False,14,Overcast,70.8,37
mystery_valley,2026-03-10,14:00,2026-03-09,1,24,Tuesday,False,14,Overcast,70.8,37
mystery_valley,2026-03-10,14:00,2026-03-10,0,26,Tuesday,False,14,Overcast,70.8,37
mystery_valley,2026-03-10,16:00,2026-02-24,14,17,Tuesday,False,16,Overcast,70.8,37
mystery_valley,2026-03-10,16:00,2026-02-28,10,17,Tuesday,False,16,Overcast,70.8,37
mystery_valley,2026-03-10,16:00,2026-03-03,7,19,Tuesday,False,16,Overcast,70.8,37
mystery_valley,2026-03-10,16:00,2026-03-05,5,20,Tuesday,False,16,Overcast,70.8,37
mystery_valley,2026-03-10,16:00,2026-03-07,3,19,Tuesday,False,16,Overcast,70.8,37
mystery_valley,2026-03-10,16:00,2026-03-08,2,20,Tuesday,False,16,Overcast,70.8,37
mystery_valley,2026-03-10,16:00,2026-03-09,1,21,Tuesday,False,16,Overcast,70.8,37
mystery_valley,2026-03-10,16:00,2026-03-10,0,20,Tuesday,False,16,Overcast,70.8,37
bobby_jones,2026-02-11,07:00,2026-02-11,0,43,Wednesday,False,7,Partly Cloudy,60.5,21
bobby_jones,2026-02-11,08:00,2026-02-11,0,42,Wednesday,False,8,Partly Cloudy,60.5,21
bobby_jones,2026-02-11,09:00,2026-02-11,0,42,Wednesday,False,9,Partly Cloudy,60.5,21
bobby_jones,2026-02-11,10:00,2026-02-11,0,42,Wednesday,False,10,Partly Cloudy,60.5,21
bobby_jones,2026-02-11,12:00,2026-02-11,0,36,Wednesday,False,12,Partly Cloudy,60.5,21
bobby_jones,2026-02-11,14:00,2026-02-11,0,36,Wednesday,False,14,Partly Cloudy,60.5,21
bobby_jones,2026-02-11,16:00,2026-02-11,0,28,Wednesday,False,16,Partly Cloudy,60.5,21
bobby_jones,2026-02-12,07:00,2026-02-11,1,44,Thursday,False,7,Partly Cloudy,65.9,16
bobby_jones,2026-02-12,07:00,2026-02-12,0,44,Thursday,False,7,Partly Cloudy,65.9,16
bobby_jones,2026-02-12,08:00,2026-02-11,1,41,Thursday,False,8,Partly Cloudy,65.9,16
bobby_jones,2026-02-12,08:00,2026-02-12,0,47,Thursday,False,8,Partly Cloudy,65.9,16
bobby_jones,2026-02-12,09:00,2026-02-11,1,44,Thursday,False,9,Partly Cloudy,65.9,16
bobby_jones,2026-02-12,09:00,2026-02-12,0,45,Thursday,False,9,Partly Cloudy,65.9,16
bobby_jones,2026-02-12,10:00,2026-02-11,1,43,Thursday,False,10,Partly Cloudy,65.9,16
bobby_jones,2026-02-12,10:00,2026-02-12,0,43,Thursday,False,10,Partly Cloudy,65.9,16
bobby_jones,2026-02-12,12:00,2026-02-11,1,36,Thursday,False,12,Partly Cloudy,65.9,16
bobby_jones,2026-02-12,12:00,2026-02-12,0,37,Thursday,False,12,Partly Cloudy,65.9,16
bobby_jones,2026-02-12,14:00,2026-02-11,1,36,Thursday,False,14,Partly Cloudy,65.9,16
bobby_jones,2026-02-12,14:00,2026-02-12,0,37,Thursday,False,14,Partly Cloudy,65.9,16
bobby_jones,2026-02-12,16:00,2026-02-11,1,29,Thursday,False,16,Partly Cloudy,65.9,16
bobby_jones,2026-02-12,16:00,2026-02-12,0,30,Thursday,False,16,Partly Cloudy,65.9,16
bobby_jones,2026-02-13,07:00,2026-02-11,2,45,Friday,False,7,Partly Cloudy,48.4,21
bobby_jones,2026-02-13,07:00,2026-02-12,1,45,Friday,False,7,Partly Cloudy,48.4,21
bobby_jones,2026-02-13,07:00,2026-02-13,0,45,Friday,False,7,Partly Cloudy,48.4,21
bobby_jones,2026-02-13,08:00,2026-02-11,2,43,Friday,False,8,Partly Cloudy,48.4,21
bobby_jones,2026-02-13,08:00,2026-02-12,1,44,Friday,False,8,Partly Cloudy,48.4,21
bobby_jones,2026-02-13,08:00,2026-02-13,0,44,Friday,False,8,Partly Cloudy,48.4,21
bobby_jones,2026-02-13,09:00,2026-02-11,2,44,Friday,False,9,Partly Cloudy,48.4,21
bobby_jones,2026-02-13,09:00,2026-02-12,1,45,Friday,False,9,Partly Cloudy,48.4,21
bobby_jones,2026-02-13,09:00,2026-02-13,0,48,Friday,False,9,Partly Cloudy,48.4,21
bobby_jones,2026-02-13,10:00,2026-02-11,2,41,Friday,False,10,Partly Cloudy,48.4,21
bobby_jones,2026-02-13,10:00,2026-02-12,1,43,Friday,False,10,Partly Cloudy,48.4,21
bobby_jones,2026-02-13,10:00,2026-02-13,0,43,Friday,False,10,Partly Cloudy,48.4,21
bobby_jones,2026-02-13,12:00,2026-02-11,2,36,Friday,False,12,Partly Cloudy,48.4,21
bobby_jones,2026-02-13,12:00,2026-02-12,1,36,Friday,False,12,Partly Cloudy,48.4,21
bobby_jones,2026-02-13,12:00,2026-02-13,0,38,Friday,False,12,Partly Cloudy,48.4,21
bobby_jones,2026-02-13,14:00,2026-02-11,2,36,Friday,False,14,Partly Cloudy,48.4,21
bobby_jones,2026-02-13,14:00,2026-02-12,1,36,Friday,False,14,Partly Cloudy,48.4,21
bobby_jones,2026-02-13,14:00,2026-02-13,0,38,Friday,False,14,Partly Cloudy,48.4,21
bobby_jones,2026-02-13,16:00,2026-02-11,2,30,Friday,False,16,Partly Cloudy,48.4,21
bobby_jones,2026-02-13,16:00,2026-02-12,1,30,Friday,False,16,Partly Cloudy,48.4,21
bobby_jones,2026-02-13,16:00,2026-02-13,0,29,Friday,False,16,Partly Cloudy,48.4,21
bobby_jones,2026-02-14,07:00,2026-02-11,3,54,Saturday,True,7,Overcast,65.3,44
bobby_jones,2026-02-14,07:00,2026-02-12,2,57,Saturday,True,7,Overcast,65.3,44
bobby_jones,2026-02-14,07:00,2026-02-13,1,56,Saturday,True,7,Overcast,65.3,44
bobby_jones,2026-02-14,07:00,2026-02-14,0,59,Saturday,True,7,Overcast,65.3,44
bobby_jones,2026-02-14,08:00,2026-02-11,3,56,Saturday,True,8,Overcast,65.3,44
bobby_jones,2026-02-14,08:00,2026-02-12,2,57,Saturday,True,8,Overcast,65.3,44
bobby_jones,2026-02-14,08:00,2026-02-13,1,59,Saturday,True,8,Overcast,65.3,44
bobby_jones,2026-02-14,08:00,2026-02-14,0,62,Saturday,True,8,Overcast,65.3,44
bobby_jones,2026-02-14,09:00,2026-02-11,3,57,Saturday,True,9,Overcast,65.3,44
bobby_jones,2026-02-14,09:00,2026-02-12,2,55,Saturday,True,9,Overcast,65.3,44
bobby_jones,2026-02-14,09:00,2026-02-13,1,55,Saturday,True,9,Overcast,65.3,44
bobby_jones,2026-02-14,09:00,2026-02-14,0,58,Saturday,True,9,Overcast,65.3,44
bobby_jones,2026-02-14,10:00,2026-02-11,3,49,Saturday,True,10,Overcast,65.3,44
bobby_jones,2026-02-14,10:00,2026-02-12,2,54,Saturday,True,10,Overcast,65.3,44
bobby_jones,2026-02-14,10:00,2026-02-13,1,53,Saturday,True,10,Overcast,65.3,44
bobby_jones,2026-02-14,10:00,2026-02-14,0,52,Saturday,True,10,Overcast,65.3,44
bobby_jones,2026-02-14,12:00,2026-02-11,3,42,Saturday,True,12,Overcast,65.3,44
bobby_jones,2026-02-14,12:00,2026-02-12,2,44,Saturday,True,12,Overcast,65.3,44
bobby_jones,2026-02-14,12:00,2026-02-13,1,43,Saturday,True,12,Overcast,65.3,44
bobby_jones,2026-02-14,12:00,2026-02-14,0,46,Saturday,True,12,Overcast,65.3,44
bobby_jones,2026-02-14,14:00,2026-02-11,3,41,Saturday,True,14,Overcast,65.3,44
bobby_jones,2026-02-14,14:00,2026-02-12,2,42,Saturday,True,14,Overcast,65.3,44
bobby_jones,2026-02-14,14:00,2026-02-13,1,43,Saturday,True,14,Overcast,65.3,44
bobby_jones,2026-02-14,14:00,2026-02-14,0,46,Saturday,True,14,Overcast,65.3,44
bobby_jones,2026-02-14,16:00,2026-02-11,3,36,Saturday,True,16,Overcast,65.3,44
bobby_jones,2026-02-14,16:00,2026-02-12,2,37,Saturday,True,16,Overcast,65.3,44
bobby_jones,2026-02-14,16:00,2026-02-13,1,38,Saturday,True,16,Overcast,65.3,44
bobby_jones,2026-02-14,16:00,2026-02-14,0,39,Saturday,True,16,Overcast,65.3,44
bobby_jones,2026-02-15,07:00,2026-02-12,3,59,Sunday,True,7,Sunny,59.9,14
bobby_jones,2026-02-15,07:00,2026-02-13,2,61,Sunday,True,7,Sunny,59.9,14
bobby_jones,2026-02-15,07:00,2026-02-14,1,61,Sunday,True,7,Sunny,59.9,14
bobby_jones,2026-02-15,07:00,2026-02-15,0,63,Sunday,True,7,Sunny,59.9,14
bobby_jones,2026-02-15,08:00,2026-02-12,3,55,Sunday,True,8,Sunny,59.9,14
bobby_jones,2026-02-15,08:00,2026-02-13,2,63,Sunday,True,8,Sunny,59.9,14
bobby_jones,2026-02-15,08:00,2026-02-14,1,62,Sunday,True,8,Sunny,59.9,14
bobby_jones,2026-02-15,08:00,2026-02-15,0,61,Sunday,True,8,Sunny,59.9,14
bobby_jones,2026-02-15,09:00,2026-02-12,3,60,Sunday,True,9,Sunny,59.9,14
bobby_jones,2026-02-15,09:00,2026-02-13,2,60,Sunday,True,9,Sunny,59.9,14
bobby_jones,2026-02-15,09:00,2026-02-14,1,61,Sunday,True,9,Sunny,59.9,14
bobby_jones,2026-02-15,09:00,2026-02-15,0,64,Sunday,True,9,Sunny,59.9,14
bobby_jones,2026-02-15,10:00,2026-02-12,3,53,Sunday,True,10,Sunny,59.9,14
bobby_jones,2026-02-15,10:00,2026-02-13,2,58,Sunday,True,10,Sunny,59.9,14
bobby_jones,2026-02-15,10:00,2026-02-14,1,55,Sunday,True,10,Sunny,59.9,14
bobby_jones,2026-02-15,10:00,2026-02-15,0,60,Sunday,True,10,Sunny,59.9,14
bobby_jones,2026-02-15,12:00,2026-02-12,3,45,Sunday,True,12,Sunny,59.9,14
bobby_jones,2026-02-15,12:00,2026-02-13,2,49,Sunday,True,12,Sunny,59.9,14
bobby_jones,2026-02-15,12:00,2026-02-14,1,45,Sunday,True,12,Sunny,59.9,14
bobby_jones,2026-02-15,12:00,2026-02-15,0,48,Sunday,True,12,Sunny,59.9,14
bobby_jones,2026-02-15,14:00,2026-02-12,3,46,Sunday,True,14,Sunny,59.9,14
bobby_jones,2026-02-15,14:00,2026-02-13,2,47,Sunday,True,14,Sunny,59.9,14
bobby_jones,2026-02-15,14:00,2026-02-14,1,48,Sunday,True,14,Sunny,59.9,14
bobby_jones,2026-02-15,14:00,2026-02-15,0,49,Sunday,True,14,Sunny,59.9,14
bobby_jones,2026-02-15,16:00,2026-02-12,3,37,Sunday,True,16,Sunny,59.9,14
bobby_jones,2026-02-15,16:00,2026-02-13,2,39,Sunday,True,16,Sunny,59.9,14
bobby_jones,2026-02-15,16:00,2026-02-14,1,40,Sunday,True,16,Sunny,59.9,14
bobby_jones,2026-02-15,16:00,2026-02-15,0,40,Sunday,True,16,Sunny,59.9,14
bobby_jones,2026-02-16,07:00,2026-02-11,5,36,Monday,False,7,Sunny,52.7,7
bobby_jones,2026-02-16,07:00,2026-02-13,3,35,Monday,False,7,Sunny,52.7,7
bobby_jones,2026-02-16,07:00,2026-02-14,2,38,Monday,False,7,Sunny,52.7,7
bobby_jones,2026-02-16,07:00,2026-02-15,1,37,Monday,False,7,Sunny,52.7,7
bobby_jones,2026-02-16,07:00,2026-02-16,0,38,Monday,False,7,Sunny,52.7,7
bobby_jones,2026-02-16,08:00,2026-02-11,5,33,Monday,False,8,Sunny,52.7,7
bobby_jones,2026-02-16,08:00,2026-02-13,3,36,Monday,False,8,Sunny,52.7,7
bobby_jones,2026-02-16,08:00,2026-02-14,2,36,Monday,False,8,Sunny,52.7,7
bobby_jones,2026-02-16,08:00,2026-02-15,1,37,Monday,False,8,Sunny,52.7,7
bobby_jones,2026-02-16,08:00,2026-02-16,0,38,Monday,False,8,Sunny,52.7,7
bobby_jones,2026-02-16,09:00,2026-02-11,5,35,Monday,False,9,Sunny,52.7,7
bobby_jones,2026-02-16,09:00,2026-02-13,3,36,Monday,False,9,Sunny,52.7,7
bobby_jones,2026-02-16,09:00,2026-02-14,2,37,Monday,False,9,Sunny,52.7,7
bobby_jones,2026-02-16,09:00,2026-02-15,1,37,Monday,False,9,Sunny,52.7,7
bobby_jones,2026-02-16,09:00,2026-02-16,0,39,Monday,False,9,Sunny,52.7,7
bobby_jones,2026-02-16,10:00,2026-02-11,5,33,Monday,False,10,Sunny,52.7,7
bobby_jones,2026-02-16,10:00,2026-02-13,3,33,Monday,False,10,Sunny,52.7,7
bobby_jones,2026-02-16,10:00,2026-02-14,2,34,Monday,False,10,Sunny,52.7,7
bobby_jones,2026-02-16,10:00,2026-02-15,1,35,Monday,False,10,Sunny,52.7,7
bobby_jones,2026-02-16,10:00,2026-02-16,0,36,Monday,False,10,Sunny,52.7,7
bobby_jones,2026-02-16,12:00,2026-02-11,5,28,Monday,False,12,Sunny,52.7,7
bobby_jones,2026-02-16,12:00,2026-02-13,3,30,Monday,False,12,Sunny,52.7,7
bobby_jones,2026-02-16,12:00,2026-02-14,2,31,Monday,False,12,Sunny,52.7,7
bobby_jones,2026-02-16,12:00,2026-02-15,1,29,Monday,False,12,Sunny,52.7,7
bobby_jones,2026-02-16,12:00,2026-02-16,0,31,Monday,False,12,Sunny,52.7,7
bobby_jones,2026-02-16,14:00,2026-02-11,5,27,Monday,False,14,Sunny,52.7,7
bobby_jones,2026-02-16,14:00,2026-02-13,3,29,Monday,False,14,Sunny,52.7,7
bobby_jones,2026-02-16,14:00,2026-02-14,2,32,Monday,False,14,Sunny,52.7,7
bobby_jones,2026-02-16,14:00,2026-02-15,1,30,Monday,False,14,Sunny,52.7,7
bobby_jones,2026-02-16,14:00,2026-02-16,0,31,Monday,False,14,Sunny,52.7,7
bobby_jones,2026-02-16,16:00,2026-02-11,5,24,Monday,False,16,Sunny,52.7,7
bobby_jones,2026-02-16,16:00,2026-02-13,3,24,Monday,False,16,Sunny,52.7,7
bobby_jones,2026-02-16,16:00,2026-02-14,2,25,Monday,False,16,Sunny,52.7,7
bobby_jones,2026-02-16,16:00,2026-02-15,1,26,Monday,False,16,Sunny,52.7,7
bobby_jones,2026-02-16,16:00,2026-02-16,0,26,Monday,False,16,Sunny,52.7,7
bobby_jones,2026-02-17,07:00,2026-02-12,5,38,Tuesday,False,7,Sunny,59.0,1
bobby_jones,2026-02-17,07:00,2026-02-14,3,38,Tuesday,False,7,Sunny,59.0,1
bobby_jones,2026-02-17,07:00,2026-02-15,2,45,Tuesday,False,7,Sunny,59.0,1
bobby_jones,2026-02-17,07:00,2026-02-16,1,44,Tuesday,False,7,Sunny,59.0,1
bobby_jones,2026-02-17,07:00,2026-02-17,0,43,Tuesday,False,7,Sunny,59.0,1
bobby_jones,2026-02-17,08:00,2026-02-12,5,40,Tuesday,False,8,Sunny,59.0,1
bobby_jones,2026-02-17,08:00,2026-02-14,3,40,Tuesday,False,8,Sunny,59.0,1
bobby_jones,2026-02-17,08:00,2026-02-15,2,43,Tuesday,False,8,Sunny,59.0,1
bobby_jones,2026-02-17,08:00,2026-02-16,1,41,Tuesday,False,8,Sunny,59.0,1
bobby_jones,2026-02-17,08:00,2026-02-17,0,43,Tuesday,False,8,Sunny,59.0,1
bobby_jones,2026-02-17,09:00,2026-02-12,5,40,Tuesday,False,9,Sunny,59.0,1
bobby_jones,2026-02-17,09:00,2026-02-14,3,42,Tuesday,False,9,Sunny,59.0,1
bobby_jones,2026-02-17,09:00,2026-02-15,2,43,Tuesday,False,9,Sunny,59.0,1
bobby_jones,2026-02-17,09:00,2026-02-16,1,44,Tuesday,False,9,Sunny,59.0,1
bobby_jones,2026-02-17,09:00,2026-02-17,0,43,Tuesday,False,9,Sunny,59.0,1
bobby_jones,2026-02-17,10:00,2026-02-12,5,37,Tuesday,False,10,Sunny,59.0,1
bobby_jones,2026-02-17,10:00,2026-02-14,3,37,Tuesday,False,10,Sunny,59.0,1
bobby_jones,2026-02-17,10:00,2026-02-15,2,40,Tuesday,False,10,Sunny,59.0,1
bobby_jones,2026-02-17,10:00,2026-02-16,1,41,Tuesday,False,10,Sunny,59.0,1
bobby_jones,2026-02-17,10:00,2026-02-17,0,41,Tuesday,False,10,Sunny,59.0,1
bobby_jones,2026-02-17,12:00,2026-02-12,5,32,Tuesday,False,12,Sunny,59.0,1
bobby_jones,2026-02-17,12:00,2026-02-14,3,35,Tuesday,False,12,Sunny,59.0,1
bobby_jones,2026-02-17,12:00,2026-02-15,2,36,Tuesday,False,12,Sunny,59.0,1
bobby_jones,2026-02-17,12:00,2026-02-16,1,37,Tuesday,False,12,Sunny,59.0,1
bobby_jones,2026-02-17,12:00,2026-02-17,0,36,Tuesday,False,12,Sunny,59.0,1
bobby_jones,2026-02-17,14:00,2026-02-12,5,33,Tuesday,False,14,Sunny,59.0,1
bobby_jones,2026-02-17,14:00,2026-02-14,3,35,Tuesday,False,14,Sunny,59.0,1
bobby_jones,2026-02-17,14:00,2026-02-15,2,35,Tuesday,False,14,Sunny,59.0,1
bobby_jones,2026-02-17,14:00,2026-02-16,1,35,Tuesday,False,14,Sunny,59.0,1
bobby_jones,2026-02-17,14:00,2026-02-17,0,36,Tuesday,False,14,Sunny,59.0,1
bobby_jones,2026-02-17,16:00,2026-02-12,5,27,Tuesday,False,16,Sunny,59.0,1
bobby_jones,2026-02-17,16:00,2026-02-14,3,28,Tuesday,False,16,Sunny,59.0,1
bobby_jones,2026-02-17,16:00,2026-02-15,2,29,Tuesday,False,16,Sunny,59.0,1
bobby_jones,2026-02-17,16:00,2026-02-16,1,30,Tuesday,False,16,Sunny,59.0,1
bobby_jones,2026-02-17,16:00,2026-02-17,0,30,Tuesday,False,16,Sunny,59.0,1
bobby_jones,2026-02-18,07:00,2026-02-11,7,37,Wednesday,False,7,Partly Cloudy,56.5,28
bobby_jones,2026-02-18,07:00,2026-02-13,5,38,Wednesday,False,7,Partly Cloudy,56.5,28
bobby_jones,2026-02-18,07:00,2026-02-15,3,39,Wednesday,False,7,Partly Cloudy,56.5,28
bobby_jones,2026-02-18,07:00,2026-02-16,2,40,Wednesday,False,7,Partly Cloudy,56.5,28
bobby_jones,2026-02-18,07:00,2026-02-17,1,41,Wednesday,False,7,Partly Cloudy,56.5,28
bobby_jones,2026-02-18,07:00,2026-02-18,0,45,Wednesday,False,7,Partly Cloudy,56.5,28
bobby_jones,2026-02-18,08:00,2026-02-11,7,38,Wednesday,False,8,Partly Cloudy,56.5,28
bobby_jones,2026-02-18,08:00,2026-02-13,5,38,Wednesday,False,8,Partly Cloudy,56.5,28
bobby_jones,2026-02-18,08:00,2026-02-15,3,42,Wednesday,False,8,Partly Cloudy,56.5,28
bobby_jones,2026-02-18,08:00,2026-02-16,2,41,Wednesday,False,8,Partly Cloudy,56.5,28
bobby_jones,2026-02-18,08:00,2026-02-17,1,41,Wednesday,False,8,Partly Cloudy,56.5,28
bobby_jones,2026-02-18,08:00,2026-02-18,0,44,Wednesday,False,8,Partly Cloudy,56.5,28
bobby_jones,2026-02-18,09:00,2026-02-11,7,39,Wednesday,False,9,Partly Cloudy,56.5,28
bobby_jones,2026-02-18,09:00,2026-02-13,5,39,Wednesday,False,9,Partly Cloudy,56.5,28
bobby_jones,2026-02-18,09:00,2026-02-15,3,41,Wednesday,False,9,Partly Cloudy,56.5,28
bobby_jones,2026-02-18,09:00,2026-02-16,2,42,Wednesday,False,9,Partly Cloudy,56.5,28
bobby_jones,2026-02-18,09:00,2026-02-17,1,41,Wednesday,False,9,Partly Cloudy,56.5,28
bobby_jones,2026-02-18,09:00,2026-02-18,0,40,Wednesday,False,9,Partly Cloudy,56.5,28
bobby_jones,2026-02-18,10:00,2026-02-11,7,36,Wednesday,False,10,Partly Cloudy,56.5,28
bobby_jones,2026-02-18,10:00,2026-02-13,5,38,Wednesday,False,10,Partly Cloudy,56.5,28
bobby_jones,2026-02-18,10:00,2026-02-15,3,38,Wednesday,False,10,Partly Cloudy,56.5,28
bobby_jones,2026-02-18,10:00,2026-02-16,2,40,Wednesday,False,10,Partly Cloudy,56.5,28
bobby_jones,2026-02-18,10:00,2026-02-17,1,40,Wednesday,False,10,Partly Cloudy,56.5,28
bobby_jones,2026-02-18,10:00,2026-02-18,0,39,Wednesday,False,10,Partly Cloudy,56.5,28
bobby_jones,2026-02-18,12:00,2026-02-11,7,31,Wednesday,False,12,Partly Cloudy,56.5,28
bobby_jones,2026-02-18,12:00,2026-02-13,5,33,Wednesday,False,12,Partly Cloudy,56.5,28
bobby_jones,2026-02-18,12:00,2026-02-15,3,33,Wednesday,False,12,Partly Cloudy,56.5,28
bobby_jones,2026-02-18,12:00,2026-02-16,2,35,Wednesday,False,12,Partly Cloudy,56.5,28
bobby_jones,2026-02-18,12:00,2026-02-17,1,35,Wednesday,False,12,Partly Cloudy,56.5,28
bobby_jones,2026-02-18,12:00,2026-02-18,0,36,Wednesday,False,12,Partly Cloudy,56.5,28
bobby_jones,2026-02-18,14:00,2026-02-11,7,33,Wednesday,False,14,Partly Cloudy,56.5,28
bobby_jones,2026-02-18,14:00,2026-02-13,5,33,Wednesday,False,14,Partly Cloudy,56.5,28
bobby_jones,2026-02-18,14:00,2026-02-15,3,33,Wednesday,False,14,Partly Cloudy,56.5,28
bobby_jones,2026-02-18,14:00,2026-02-16,2,35,Wednesday,False,14,Partly Cloudy,56.5,28
bobby_jones,2026-02-18,14:00,2026-02-17,1,35,Wednesday,False,14,Partly Cloudy,56.5,28
bobby_jones,2026-02-18,14:00,2026-02-18,0,37,Wednesday,False,14,Partly Cloudy,56.5,28
bobby_jones,2026-02-18,16:00,2026-02-11,7,26,Wednesday,False,16,Partly Cloudy,56.5,28
bobby_jones,2026-02-18,16:00,2026-02-13,5,26,Wednesday,False,16,Partly Cloudy,56.5,28
bobby_jones,2026-02-18,16:00,2026-02-15,3,28,Wednesday,False,16,Partly Cloudy,56.5,28
bobby_jones,2026-02-18,16:00,2026-02-16,2,28,Wednesday,False,16,Partly Cloudy,56.5,28
bobby_jones,2026-02-18,16:00,2026-02-17,1,28,Wednesday,False,16,Partly Cloudy,56.5,28
bobby_jones,2026-02-18,16:00,2026-02-18,0,30,Wednesday,False,16,Partly Cloudy,56.5,28
bobby_jones,2026-02-19,07:00,2026-02-12,7,42,Thursday,False,7,Sunny,59.6,1
bobby_jones,2026-02-19,07:00,2026-02-14,5,42,Thursday,False,7,Sunny,59.6,1
bobby_jones,2026-02-19,07:00,2026-02-16,3,44,Thursday,False,7,Sunny,59.6,1
bobby_jones,2026-02-19,07:00,2026-02-17,2,47,Thursday,False,7,Sunny,59.6,1
bobby_jones,2026-02-19,07:00,2026-02-18,1,47,Thursday,False,7,Sunny,59.6,1
bobby_jones,2026-02-19,07:00,2026-02-19,0,46,Thursday,False,7,Sunny,59.6,1
bobby_jones,2026-02-19,08:00,2026-02-12,7,40,Thursday,False,8,Sunny,59.6,1
bobby_jones,2026-02-19,08:00,2026-02-14,5,42,Thursday,False,8,Sunny,59.6,1
bobby_jones,2026-02-19,08:00,2026-02-16,3,45,Thursday,False,8,Sunny,59.6,1
bobby_jones,2026-02-19,08:00,2026-02-17,2,47,Thursday,False,8,Sunny,59.6,1
bobby_jones,2026-02-19,08:00,2026-02-18,1,45,Thursday,False,8,Sunny,59.6,1
bobby_jones,2026-02-19,08:00,2026-02-19,0,50,Thursday,False,8,Sunny,59.6,1
bobby_jones,2026-02-19,09:00,2026-02-12,7,40,Thursday,False,9,Sunny,59.6,1
bobby_jones,2026-02-19,09:00,2026-02-14,5,44,Thursday,False,9,Sunny,59.6,1
bobby_jones,2026-02-19,09:00,2026-02-16,3,45,Thursday,False,9,Sunny,59.6,1
bobby_jones,2026-02-19,09:00,2026-02-17,2,46,Thursday,False,9,Sunny,59.6,1
bobby_jones,2026-02-19,09:00,2026-02-18,1,45,Thursday,False,9,Sunny,59.6,1
bobby_jones,2026-02-19,09:00,2026-02-19,0,46,Thursday,False,9,Sunny,59.6,1
bobby_jones,2026-02-19,10:00,2026-02-12,7,39,Thursday,False,10,Sunny,59.6,1
bobby_jones,2026-02-19,10:00,2026-02-14,5,42,Thursday,False,10,Sunny,59.6,1
bobby_jones,2026-02-19,10:00,2026-02-16,3,40,Thursday,False,10,Sunny,59.6,1
bobby_jones,2026-02-19,10:00,2026-02-17,2,42,Thursday,False,10,Sunny,59.6,1
bobby_jones,2026-02-19,10:00,2026-02-18,1,44,Thursday,False,10,Sunny,59.6,1
bobby_jones,2026-02-19,10:00,2026-02-19,0,46,Thursday,False,10,Sunny,59.6,1
bobby_jones,2026-02-19,12:00,2026-02-12,7,36,Thursday,False,12,Sunny,59.6,1
bobby_jones,2026-02-19,12:00,2026-02-14,5,35,Thursday,False,12,Sunny,59.6,1
bobby_jones,2026-02-19,12:00,2026-02-16,3,36,Thursday,False,12,Sunny,59.6,1
bobby_jones,2026-02-19,12:00,2026-02-17,2,40,Thursday,False,12,Sunny,59.6,1
bobby_jones,2026-02-19,12:00,2026-02-18,1,39,Thursday,False,12,Sunny,59.6,1
bobby_jones,2026-02-19,12:00,2026-02-19,0,39,Thursday,False,12,Sunny,59.6,1
bobby_jones,2026-02-19,14:00,2026-02-12,7,35,Thursday,False,14,Sunny,59.6,1
bobby_jones,2026-02-19,14:00,2026-02-14,5,35,Thursday,False,14,Sunny,59.6,1
bobby_jones,2026-02-19,14:00,2026-02-16,3,37,Thursday,False,14,Sunny,59.6,1
bobby_jones,2026-02-19,14:00,2026-02-17,2,37,Thursday,False,14,Sunny,59.6,1
bobby_jones,2026-02-19,14:00,2026-02-18,1,37,Thursday,False,14,Sunny,59.6,1
bobby_jones,2026-02-19,14:00,2026-02-19,0,39,Thursday,False,14,Sunny,59.6,1
bobby_jones,2026-02-19,16:00,2026-02-12,7,27,Thursday,False,16,Sunny,59.6,1
bobby_jones,2026-02-19,16:00,2026-02-14,5,29,Thursday,False,16,Sunny,59.6,1
bobby_jones,2026-02-19,16:00,2026-02-16,3,29,Thursday,False,16,Sunny,59.6,1
bobby_jones,2026-02-19,16:00,2026-02-17,2,32,Thursday,False,16,Sunny,59.6,1
bobby_jones,2026-02-19,16:00,2026-02-18,1,32,Thursday,False,16,Sunny,59.6,1
bobby_jones,2026-02-19,16:00,2026-02-19,0,32,Thursday,False,16,Sunny,59.6,1
bobby_jones,2026-02-20,07:00,2026-02-13,7,40,Friday,False,7,Partly Cloudy,53.8,23
bobby_jones,2026-02-20,07:00,2026-02-15,5,41,Friday,False,7,Partly Cloudy,53.8,23
bobby_jones,2026-02-20,07:00,2026-02-17,3,42,Friday,False,7,Partly Cloudy,53.8,23
bobby_jones,2026-02-20,07:00,2026-02-18,2,46,Friday,False,7,Partly Cloudy,53.8,23
bobby_jones,2026-02-20,07:00,2026-02-19,1,45,Friday,False,7,Partly Cloudy,53.8,23
bobby_jones,2026-02-20,07:00,2026-02-20,0,46,Friday,False,7,Partly Cloudy,53.8,23
bobby_jones,2026-02-20,08:00,2026-02-13,7,41,Friday,False,8,Partly Cloudy,53.8,23
bobby_jones,2026-02-20,08:00,2026-02-15,5,42,Friday,False,8,Partly Cloudy,53.8,23
bobby_jones,2026-02-20,08:00,2026-02-17,3,44,Friday,False,8,Partly Cloudy,53.8,23
bobby_jones,2026-02-20,08:00,2026-02-18,2,44,Friday,False,8,Partly Cloudy,53.8,23
bobby_jones,2026-02-20,08:00,2026-02-19,1,44,Friday,False,8,Partly Cloudy,53.8,23
bobby_jones,2026-02-20,08:00,2026-02-20,0,45,Friday,False,8,Partly Cloudy,53.8,23
bobby_jones,2026-02-20,09:00,2026-02-13,7,40,Friday,False,9,Partly Cloudy,53.8,23
bobby_jones,2026-02-20,09:00,2026-02-15,5,41,Friday,False,9,Partly Cloudy,53.8,23
bobby_jones,2026-02-20,09:00,2026-02-17,3,43,Friday,False,9,Partly Cloudy,53.8,23
bobby_jones,2026-02-20,09:00,2026-02-18,2,43,Friday,False,9,Partly Cloudy,53.8,23
bobby_jones,2026-02-20,09:00,2026-02-19,1,44,Friday,False,9,Partly Cloudy,53.8,23
bobby_jones,2026-02-20,09:00,2026-02-20,0,46,Friday,False,9,Partly Cloudy,53.8,23
bobby_jones,2026-02-20,10:00,2026-02-13,7,38,Friday,False,10,Partly Cloudy,53.8,23
bobby_jones,2026-02-20,10:00,2026-02-15,5,38,Friday,False,10,Partly Cloudy,53.8,23
bobby_jones,2026-02-20,10:00,2026-02-17,3,41,Friday,False,10,Partly Cloudy,53.8,23
bobby_jones,2026-02-20,10:00,2026-02-18,2,42,Friday,False,10,Partly Cloudy,53.8,23
bobby_jones,2026-02-20,10:00,2026-02-19,1,39,Friday,False,10,Partly Cloudy,53.8,23
bobby_jones,2026-02-20,10:00,2026-02-20,0,42,Friday,False,10,Partly Cloudy,53.8,23
bobby_jones,2026-02-20,12:00,2026-02-13,7,35,Friday,False,12,Partly Cloudy,53.8,23
bobby_jones,2026-02-20,12:00,2026-02-15,5,36,Friday,False,12,Partly Cloudy,53.8,23
bobby_jones,2026-02-20,12:00,2026-02-17,3,36,Friday,False,12,Partly Cloudy,53.8,23
bobby_jones,2026-02-20,12:00,2026-02-18,2,38,Friday,False,12,Partly Cloudy,53.8,23
bobby_jones,2026-02-20,12:00,2026-02-19,1,36,Friday,False,12,Partly Cloudy,53.8,23
bobby_jones,2026-02-20,12:00,2026-02-20,0,38,Friday,False,12,Partly Cloudy,53.8,23
bobby_jones,2026-02-20,14:00,2026-02-13,7,35,Friday,False,14,Partly Cloudy,53.8,23
bobby_jones,2026-02-20,14:00,2026-02-15,5,35,Friday,False,14,Partly Cloudy,53.8,23
bobby_jones,2026-02-20,14:00,2026-02-17,3,35,Friday,False,14,Partly Cloudy,53.8,23
bobby_jones,2026-02-20,14:00,2026-02-18,2,37,Friday,False,14,Partly Cloudy,53.8,23
bobby_jones,2026-02-20,14:00,2026-02-19,1,38,Friday,False,14,Partly Cloudy,53.8,23
bobby_jones,2026-02-20,14:00,2026-02-20,0,39,Friday,False,14,Partly Cloudy,53.8,23
bobby_jones,2026-02-20,16:00,2026-02-13,7,28,Friday,False,16,Partly Cloudy,53.8,23
bobby_jones,2026-02-20,16:00,2026-02-15,5,28,Friday,False,16,Partly Cloudy,53.8,23
bobby_jones,2026-02-20,16:00,2026-02-17,3,29,Friday,False,16,Partly Cloudy,53.8,23
bobby_jones,2026-02-20,16:00,2026-02-18,2,31,Friday,False,16,Partly Cloudy,53.8,23
bobby_jones,2026-02-20,16:00,2026-02-19,1,29,Friday,False,16,Partly Cloudy,53.8,23
bobby_jones,2026-02-20,16:00,2026-02-20,0,30,Friday,False,16,Partly Cloudy,53.8,23
bobby_jones,2026-02-21,07:00,2026-02-11,10,43,Saturday,True,7,Overcast,52.0,60
bobby_jones,2026-02-21,07:00,2026-02-14,7,48,Saturday,True,7,Overcast,52.0,60
bobby_jones,2026-02-21,07:00,2026-02-16,5,47,Saturday,True,7,Overcast,52.0,60
bobby_jones,2026-02-21,07:00,2026-02-18,3,49,Saturday,True,7,Overcast,52.0,60
bobby_jones,2026-02-21,07:00,2026-02-19,2,51,Saturday,True,7,Overcast,52.0,60
bobby_jones,2026-02-21,07:00,2026-02-20,1,55,Saturday,True,7,Overcast,52.0,60
bobby_jones,2026-02-21,07:00,2026-02-21,0,53,Saturday,True,7,Overcast,52.0,60
bobby_jones,2026-02-21,08:00,2026-02-11,10,43,Saturday,True,8,Overcast,52.0,60
bobby_jones,2026-02-21,08:00,2026-02-14,7,47,Saturday,True,8,Overcast,52.0,60
bobby_jones,2026-02-21,08:00,2026-02-16,5,47,Saturday,True,8,Overcast,52.0,60
bobby_jones,2026-02-21,08:00,2026-02-18,3,48,Saturday,True,8,Overcast,52.0,60
bobby_jones,2026-02-21,08:00,2026-02-19,2,50,Saturday,True,8,Overcast,52.0,60
bobby_jones,2026-02-21,08:00,2026-02-20,1,51,Saturday,True,8,Overcast,52.0,60
bobby_jones,2026-02-21,08:00,2026-02-21,0,53,Saturday,True,8,Overcast,52.0,60
bobby_jones,2026-02-21,09:00,2026-02-11,10,44,Saturday,True,9,Overcast,52.0,60
bobby_jones,2026-02-21,09:00,2026-02-14,7,46,Saturday,True,9,Overcast,52.0,60
bobby_jones,2026-02-21,09:00,2026-02-16,5,48,Saturday,True,9,Overcast,52.0,60
bobby_jones,2026-02-21,09:00,2026-02-18,3,46,Saturday,True,9,Overcast,52.0,60
bobby_jones,2026-02-21,09:00,2026-02-19,2,49,Saturday,True,9,Overcast,52.0,60
bobby_jones,2026-02-21,09:00,2026-02-20,1,53,Saturday,True,9,Overcast,52.0,60
bobby_jones,2026-02-21,09:00,2026-02-21,0,53,Saturday,True,9,Overcast,52.0,60
bobby_jones,2026-02-21,10:00,2026-02-11,10,40,Saturday,True,10,Overcast,52.0,60
bobby_jones,2026-02-21,10:00,2026-02-14,7,40,Saturday,True,10,Overcast,52.0,60
bobby_jones,2026-02-21,10:00,2026-02-16,5,43,Saturday,True,10,Overcast,52.0,60
bobby_jones,2026-02-21,10:00,2026-02-18,3,45,Saturday,True,10,Overcast,52.0,60
bobby_jones,2026-02-21,10:00,2026-02-19,2,50,Saturday,True,10,Overcast,52.0,60
bobby_jones,2026-02-21,10:00,2026-02-20,1,49,Saturday,True,10,Overcast,52.0,60
bobby_jones,2026-02-21,10:00,2026-02-21,0,47,Saturday,True,10,Overcast,52.0,60
bobby_jones,2026-02-21,12:00,2026-02-11,10,35,Saturday,True,12,Overcast,52.0,60
bobby_jones,2026-02-21,12:00,2026-02-14,7,35,Saturday,True,12,Overcast,52.0,60
bobby_jones,2026-02-21,12:00,2026-02-16,5,36,Saturday,True,12,Overcast,52.0,60
bobby_jones,2026-02-21,12:00,2026-02-18,3,38,Saturday,True,12,Overcast,52.0,60
bobby_jones,2026-02-21,12:00,2026-02-19,2,40,Saturday,True,12,Overcast,52.0,60
bobby_jones,2026-02-21,12:00,2026-02-20,1,42,Saturday,True,12,Overcast,52.0,60
bobby_jones,2026-02-21,12:00,2026-02-21,0,40,Saturday,True,12,Overcast,52.0,60
bobby_jones,2026-02-21,14:00,2026-02-11,10,35,Saturday,True,14,Overcast,52.0,60
bobby_jones,2026-02-21,14:00,2026-02-14,7,34,Saturday,True,14,Overcast,52.0,60
bobby_jones,2026-02-21,14:00,2026-02-16,5,38,Saturday,True,14,Overcast,52.0,60
bobby_jones,2026-02-21,14:00,2026-02-18,3,37,Saturday,True,14,Overcast,52.0,60
bobby_jones,2026-02-21,14:00,2026-02-19,2,41,Saturday,True,14,Overcast,52.0,60
bobby_jones,2026-02-21,14:00,2026-02-20,1,40,Saturday,True,14,Overcast,52.0,60
bobby_jones,2026-02-21,14:00,2026-02-21,0,40,Saturday,True,14,Overcast,52.0,60
bobby_jones,2026-02-21,16:00,2026-02-11,10,28,Saturday,True,16,Overcast,52.0,60
bobby_jones,2026-02-21,16:00,2026-02-14,7,29,Saturday,True,16,Overcast,52.0,60
bobby_jones,2026-02-21,16:00,2026-02-16,5,31,Saturday,True,16,Overcast,52.0,60
bobby_jones,2026-02-21,16:00,2026-02-18,3,32,Saturday,True,16,Overcast,52.0,60
bobby_jones,2026-02-21,16:00,2026-02-19,2,33,Saturday,True,16,Overcast,52.0,60
bobby_jones,2026-02-21,16:00,2026-02-20,1,34,Saturday,True,16,Overcast,52.0,60
bobby_jones,2026-02-21,16:00,2026-02-21,0,33,Saturday,True,16,Overcast,52.0,60
bobby_jones,2026-02-22,07:00,2026-02-12,10,50,Sunday,True,7,Sunny,59.8,6
bobby_jones,2026-02-22,07:00,2026-02-15,7,56,Sunday,True,7,Sunny,59.8,6
bobby_jones,2026-02-22,07:00,2026-02-17,5,59,Sunday,True,7,Sunny,59.8,6
bobby_jones,2026-02-22,07:00,2026-02-19,3,60,Sunday,True,7,Sunny,59.8,6
bobby_jones,2026-02-22,07:00,2026-02-20,2,59,Sunday,True,7,Sunny,59.8,6
bobby_jones,2026-02-22,07:00,2026-02-21,1,60,Sunday,True,7,Sunny,59.8,6
bobby_jones,2026-02-22,07:00,2026-02-22,0,64,Sunday,True,7,Sunny,59.8,6
bobby_jones,2026-02-22,08:00,2026-02-12,10,53,Sunday,True,8,Sunny,59.8,6
bobby_jones,2026-02-22,08:00,2026-02-15,7,55,Sunday,True,8,Sunny,59.8,6
bobby_jones,2026-02-22,08:00,2026-02-17,5,56,Sunday,True,8,Sunny,59.8,6
bobby_jones,2026-02-22,08:00,2026-02-19,3,57,Sunday,True,8,Sunny,59.8,6
bobby_jones,2026-02-22,08:00,2026-02-20,2,60,Sunday,True,8,Sunny,59.8,6
bobby_jones,2026-02-22,08:00,2026-02-21,1,63,Sunday,True,8,Sunny,59.8,6
bobby_jones,2026-02-22,08:00,2026-02-22,0,63,Sunday,True,8,Sunny,59.8,6
bobby_jones,2026-02-22,09:00,2026-02-12,10,55,Sunday,True,9,Sunny,59.8,6
bobby_jones,2026-02-22,09:00,2026-02-15,7,56,Sunday,True,9,Sunny,59.8,6
bobby_jones,2026-02-22,09:00,2026-02-17,5,59,Sunday,True,9,Sunny,59.8,6
bobby_jones,2026-02-22,09:00,2026-02-19,3,59,Sunday,True,9,Sunny,59.8,6
bobby_jones,2026-02-22,09:00,2026-02-20,2,62,Sunday,True,9,Sunny,59.8,6
bobby_jones,2026-02-22,09:00,2026-02-21,1,61,Sunday,True,9,Sunny,59.8,6
bobby_jones,2026-02-22,09:00,2026-02-22,0,68,Sunday,True,9,Sunny,59.8,6
bobby_jones,2026-02-22,10:00,2026-02-12,10,49,Sunday,True,10,Sunny,59.8,6
bobby_jones,2026-02-22,10:00,2026-02-15,7,48,Sunday,True,10,Sunny,59.8,6
bobby_jones,2026-02-22,10:00,2026-02-17,5,52,Sunday,True,10,Sunny,59.8,6
bobby_jones,2026-02-22,10:00,2026-02-19,3,52,Sunday,True,10,Sunny,59.8,6
bobby_jones,2026-02-22,10:00,2026-02-20,2,57,Sunday,True,10,Sunny,59.8,6
bobby_jones,2026-02-22,10:00,2026-02-21,1,57,Sunday,True,10,Sunny,59.8,6
bobby_jones,2026-02-22,10:00,2026-02-22,0,57,Sunday,True,10,Sunny,59.8,6
bobby_jones,2026-02-22,12:00,2026-02-12,10,41,Sunday,True,12,Sunny,59.8,6
bobby_jones,2026-02-22,12:00,2026-02-15,7,43,Sunday,True,12,Sunny,59.8,6
bobby_jones,2026-02-22,12:00,2026-02-17,5,44,Sunday,True,12,Sunny,59.8,6
bobby_jones,2026-02-22,12:00,2026-02-19,3,46,Sunday,True,12,Sunny,59.8,6
bobby_jones,2026-02-22,12:00,2026-02-20,2,49,Sunday,True,12,Sunny,59.8,6
bobby_jones,2026-02-22,12:00,2026-02-21,1,51,Sunday,True,12,Sunny,59.8,6
bobby_jones,2026-02-22,12:00,2026-02-22,0,49,Sunday,True,12,Sunny,59.8,6
bobby_jones,2026-02-22,14:00,2026-02-12,10,42,Sunday,True,14,Sunny,59.8,6
bobby_jones,2026-02-22,14:00,2026-02-15,7,43,Sunday,True,14,Sunny,59.8,6
bobby_jones,2026-02-22,14:00,2026-02-17,5,45,Sunday,True,14,Sunny,59.8,6
bobby_jones,2026-02-22,14:00,2026-02-19,3,47,Sunday,True,14,Sunny,59.8,6
bobby_jones,2026-02-22,14:00,2026-02-20,2,48,Sunday,True,14,Sunny,59.8,6
bobby_jones,2026-02-22,14:00,2026-02-21,1,50,Sunday,True,14,Sunny,59.8,6
bobby_jones,2026-02-22,14:00,2026-02-22,0,50,Sunday,True,14,Sunny,59.8,6
bobby_jones,2026-02-22,16:00,2026-02-12,10,35,Sunday,True,16,Sunny,59.8,6
bobby_jones,2026-02-22,16:00,2026-02-15,7,35,Sunday,True,16,Sunny,59.8,6
bobby_jones,2026-02-22,16:00,2026-02-17,5,38,Sunday,True,16,Sunny,59.8,6
bobby_jones,2026-02-22,16:00,2026-02-19,3,38,Sunday,True,16,Sunny,59.8,6
bobby_jones,2026-02-22,16:00,2026-02-20,2,40,Sunday,True,16,Sunny,59.8,6
bobby_jones,2026-02-22,16:00,2026-02-21,1,39,Sunday,True,16,Sunny,59.8,6
bobby_jones,2026-02-22,16:00,2026-02-22,0,41,Sunday,True,16,Sunny,59.8,6
bobby_jones,2026-02-23,07:00,2026-02-13,10,31,Monday,False,7,Overcast,58.4,53
bobby_jones,2026-02-23,07:00,2026-02-16,7,34,Monday,False,7,Overcast,58.4,53
bobby_jones,2026-02-23,07:00,2026-02-18,5,34,Monday,False,7,Overcast,58.4,53
bobby_jones,2026-02-23,07:00,2026-02-20,3,34,Monday,False,7,Overcast,58.4,53
bobby_jones,2026-02-23,07:00,2026-02-21,2,36,Monday,False,7,Overcast,58.4,53
bobby_jones,2026-02-23,07:00,2026-02-22,1,36,Monday,False,7,Overcast,58.4,53
bobby_jones,2026-02-23,07:00,2026-02-23,0,37,Monday,False,7,Overcast,58.4,53
bobby_jones,2026-02-23,08:00,2026-02-13,10,31,Monday,False,8,Overcast,58.4,53
bobby_jones,2026-02-23,08:00,2026-02-16,7,31,Monday,False,8,Overcast,58.4,53
bobby_jones,2026-02-23,08:00,2026-02-18,5,33,Monday,False,8,Overcast,58.4,53
bobby_jones,2026-02-23,08:00,2026-02-20,3,34,Monday,False,8,Overcast,58.4,53
bobby_jones,2026-02-23,08:00,2026-02-21,2,36,Monday,False,8,Overcast,58.4,53
bobby_jones,2026-02-23,08:00,2026-02-22,1,37,Monday,False,8,Overcast,58.4,53
bobby_jones,2026-02-23,08:00,2026-02-23,0,37,Monday,False,8,Overcast,58.4,53
bobby_jones,2026-02-23,09:00,2026-02-13,10,33,Monday,False,9,Overcast,58.4,53
bobby_jones,2026-02-23,09:00,2026-02-16,7,32,Monday,False,9,Overcast,58.4,53
bobby_jones,2026-02-23,09:00,2026-02-18,5,34,Monday,False,9,Overcast,58.4,53
bobby_jones,2026-02-23,09:00,2026-02-20,3,34,Monday,False,9,Overcast,58.4,53
bobby_jones,2026-02-23,09:00,2026-02-21,2,37,Monday,False,9,Overcast,58.4,53
bobby_jones,2026-02-23,09:00,2026-02-22,1,37,Monday,False,9,Overcast,58.4,53
bobby_jones,2026-02-23,09:00,2026-02-23,0,38,Monday,False,9,Overcast,58.4,53
bobby_jones,2026-02-23,10:00,2026-02-13,10,29,Monday,False,10,Overcast,58.4,53
bobby_jones,2026-02-23,10:00,2026-02-16,7,32,Monday,False,10,Overcast,58.4,53
bobby_jones,2026-02-23,10:00,2026-02-18,5,31,Monday,False,10,Overcast,58.4,53
bobby_jones,2026-02-23,10:00,2026-02-20,3,33,Monday,False,10,Overcast,58.4,53
bobby_jones,2026-02-23,10:00,2026-02-21,2,35,Monday,False,10,Overcast,58.4,53
bobby_jones,2026-02-23,10:00,2026-02-22,1,34,Monday,False,10,Overcast,58.4,53
bobby_jones,2026-02-23,10:00,2026-02-23,0,36,Monday,False,10,Overcast,58.4,53
bobby_jones,2026-02-23,12:00,2026-02-13,10,26,Monday,False,12,Overcast,58.4,53
bobby_jones,2026-02-23,12:00,2026-02-16,7,29,Monday,False,12,Overcast,58.4,53
bobby_jones,2026-02-23,12:00,2026-02-18,5,28,Monday,False,12,Overcast,58.4,53
bobby_jones,2026-02-23,12:00,2026-02-20,3,30,Monday,False,12,Overcast,58.4,53
bobby_jones,2026-02-23,12:00,2026-02-21,2,31,Monday,False,12,Overcast,58.4,53
bobby_jones,2026-02-23,12:00,2026-02-22,1,30,Monday,False,12,Overcast,58.4,53
bobby_jones,2026-02-23,12:00,2026-02-23,0,30,Monday,False,12,Overcast,58.4,53
bobby_jones,2026-02-23,14:00,2026-02-13,10,27,Monday,False,14,Overcast,58.4,53
bobby_jones,2026-02-23,14:00,2026-02-16,7,27,Monday,False,14,Overcast,58.4,53
bobby_jones,2026-02-23,14:00,2026-02-18,5,29,Monday,False,14,Overcast,58.4,53
bobby_jones,2026-02-23,14:00,2026-02-20,3,29,Monday,False,14,Overcast,58.4,53
bobby_jones,2026-02-23,14:00,2026-02-21,2,30,Monday,False,14,Overcast,58.4,53
bobby_jones,2026-02-23,14:00,2026-02-22,1,29,Monday,False,14,Overcast,58.4,53
bobby_jones,2026-02-23,14:00,2026-02-23,0,32,Monday,False,14,Overcast,58.4,53
bobby_jones,2026-02-23,16:00,2026-02-13,10,21,Monday,False,16,Overcast,58.4,53
bobby_jones,2026-02-23,16:00,2026-02-16,7,23,Monday,False,16,Overcast,58.4,53
bobby_jones,2026-02-23,16:00,2026-02-18,5,24,Monday,False,16,Overcast,58.4,53
bobby_jones,2026-02-23,16:00,2026-02-20,3,23,Monday,False,16,Overcast,58.4,53
bobby_jones,2026-02-23,16:00,2026-02-21,2,25,Monday,False,16,Overcast,58.4,53
bobby_jones,2026-02-23,16:00,2026-02-22,1,25,Monday,False,16,Overcast,58.4,53
bobby_jones,2026-02-23,16:00,2026-02-23,0,25,Monday,False,16,Overcast,58.4,53
bobby_jones,2026-02-24,07:00,2026-02-14,10,37,Tuesday,False,7,Partly Cloudy,55.4,16
bobby_jones,2026-02-24,07:00,2026-02-17,7,36,Tuesday,False,7,Partly Cloudy,55.4,16
bobby_jones,2026-02-24,07:00,2026-02-19,5,38,Tuesday,False,7,Partly Cloudy,55.4,16
bobby_jones,2026-02-24,07:00,2026-02-21,3,39,Tuesday,False,7,Partly Cloudy,55.4,16
bobby_jones,2026-02-24,07:00,2026-02-22,2,41,Tuesday,False,7,Partly Cloudy,55.4,16
bobby_jones,2026-02-24,07:00,2026-02-23,1,41,Tuesday,False,7,Partly Cloudy,55.4,16
bobby_jones,2026-02-24,07:00,2026-02-24,0,40,Tuesday,False,7,Partly Cloudy,55.4,16
bobby_jones,2026-02-24,08:00,2026-02-14,10,37,Tuesday,False,8,Partly Cloudy,55.4,16
bobby_jones,2026-02-24,08:00,2026-02-17,7,37,Tuesday,False,8,Partly Cloudy,55.4,16
bobby_jones,2026-02-24,08:00,2026-02-19,5,38,Tuesday,False,8,Partly Cloudy,55.4,16
bobby_jones,2026-02-24,08:00,2026-02-21,3,37,Tuesday,False,8,Partly Cloudy,55.4,16
bobby_jones,2026-02-24,08:00,2026-02-22,2,39,Tuesday,False,8,Partly Cloudy,55.4,16
bobby_jones,2026-02-24,08:00,2026-02-23,1,41,Tuesday,False,8,Partly Cloudy,55.4,16
bobby_jones,2026-02-24,08:00,2026-02-24,0,39,Tuesday,False,8,Partly Cloudy,55.4,16
bobby_jones,2026-02-24,09:00,2026-02-14,10,36,Tuesday,False,9,Partly Cloudy,55.4,16
bobby_jones,2026-02-24,09:00,2026-02-17,7,35,Tuesday,False,9,Partly Cloudy,55.4,16
bobby_jones,2026-02-24,09:00,2026-02-19,5,37,Tuesday,False,9,Partly Cloudy,55.4,16
bobby_jones,2026-02-24,09:00,2026-02-21,3,37,Tuesday,False,9,Partly Cloudy,55.4,16
bobby_jones,2026-02-24,09:00,2026-02-22,2,40,Tuesday,False,9,Partly Cloudy,55.4,16
bobby_jones,2026-02-24,09:00,2026-02-23,1,41,Tuesday,False,9,Partly Cloudy,55.4,16
bobby_jones,2026-02-24,09:00,2026-02-24,0,42,Tuesday,False,9,Partly Cloudy,55.4,16
bobby_jones,2026-02-24,10:00,2026-02-14,10,34,Tuesday,False,10,Partly Cloudy,55.4,16
bobby_jones,2026-02-24,10:00,2026-02-17,7,35,Tuesday,False,10,Partly Cloudy,55.4,16
bobby_jones,2026-02-24,10:00,2026-02-19,5,36,Tuesday,False,10,Partly Cloudy,55.4,16
bobby_jones,2026-02-24,10:00,2026-02-21,3,37,Tuesday,False,10,Partly Cloudy,55.4,16
bobby_jones,2026-02-24,10:00,2026-02-22,2,36,Tuesday,False,10,Partly Cloudy,55.4,16
bobby_jones,2026-02-24,10:00,2026-02-23,1,39,Tuesday,False,10,Partly Cloudy,55.4,16
bobby_jones,2026-02-24,10:00,2026-02-24,0,40,Tuesday,False,10,Partly Cloudy,55.4,16
bobby_jones,2026-02-24,12:00,2026-02-14,10,29,Tuesday,False,12,Partly Cloudy,55.4,16
bobby_jones,2026-02-24,12:00,2026-02-17,7,29,Tuesday,False,12,Partly Cloudy,55.4,16
bobby_jones,2026-02-24,12:00,2026-02-19,5,32,Tuesday,False,12,Partly Cloudy,55.4,16
bobby_jones,2026-02-24,12:00,2026-02-21,3,32,Tuesday,False,12,Partly Cloudy,55.4,16
bobby_jones,2026-02-24,12:00,2026-02-22,2,33,Tuesday,False,12,Partly Cloudy,55.4,16
bobby_jones,2026-02-24,12:00,2026-02-23,1,34,Tuesday,False,12,Partly Cloudy,55.4,16
bobby_jones,2026-02-24,12:00,2026-02-24,0,36,Tuesday,False,12,Partly Cloudy,55.4,16
bobby_jones,2026-02-24,14:00,2026-02-14,10,31,Tuesday,False,14,Partly Cloudy,55.4,16
bobby_jones,2026-02-24,14:00,2026-02-17,7,31,Tuesday,False,14,Partly Cloudy,55.4,16
bobby_jones,2026-02-24,14:00,2026-02-19,5,32,Tuesday,False,14,Partly Cloudy,55.4,16
bobby_jones,2026-02-24,14:00,2026-02-21,3,31,Tuesday,False,14,Partly Cloudy,55.4,16
bobby_jones,2026-02-24,14:00,2026-02-22,2,33,Tuesday,False,14,Partly Cloudy,55.4,16
bobby_jones,2026-02-24,14:00,2026-02-23,1,34,Tuesday,False,14,Partly Cloudy,55.4,16
bobby_jones,2026-02-24,14:00,2026-02-24,0,36,Tuesday,False,14,Partly Cloudy,55.4,16
bobby_jones,2026-02-24,16:00,2026-02-14,10,25,Tuesday,False,16,Partly Cloudy,55.4,16
bobby_jones,2026-02-24,16:00,2026-02-17,7,26,Tuesday,False,16,Partly Cloudy,55.4,16
bobby_jones,2026-02-24,16:00,2026-02-19,5,25,Tuesday,False,16,Partly Cloudy,55.4,16
bobby_jones,2026-02-24,16:00,2026-02-21,3,25,Tuesday,False,16,Partly Cloudy,55.4,16
bobby_jones,2026-02-24,16:00,2026-02-22,2,28,Tuesday,False,16,Partly Cloudy,55.4,16
bobby_jones,2026-02-24,16:00,2026-02-23,1,29,Tuesday,False,16,Partly Cloudy,55.4,16
bobby_jones,2026-02-24,16:00,2026-02-24,0,28,Tuesday,False,16,Partly Cloudy,55.4,16
bobby_jones,2026-02-25,07:00,2026-02-11,14,31,Wednesday,False,7,Partly Cloudy,55.4,16
bobby_jones,2026-02-25,07:00,2026-02-15,10,36,Wednesday,False,7,Partly Cloudy,55.4,16
bobby_jones,2026-02-25,07:00,2026-02-18,7,38,Wednesday,False,7,Partly Cloudy,55.4,16
bobby_jones,2026-02-25,07:00,2026-02-20,5,38,Wednesday,False,7,Partly Cloudy,55.4,16
bobby_jones,2026-02-25,07:00,2026-02-22,3,40,Wednesday,False,7,Partly Cloudy,55.4,16
bobby_jones,2026-02-25,07:00,2026-02-23,2,44,Wednesday,False,7,Partly Cloudy,55.4,16
bobby_jones,2026-02-25,07:00,2026-02-24,1,43,Wednesday,False,7,Partly Cloudy,55.4,16
bobby_jones,2026-02-25,07:00,2026-02-25,0,44,Wednesday,False,7,Partly Cloudy,55.4,16
bobby_jones,2026-02-25,08:00,2026-02-11,14,35,Wednesday,False,8,Partly Cloudy,55.4,16
bobby_jones,2026-02-25,08:00,2026-02-15,10,36,Wednesday,False,8,Partly Cloudy,55.4,16
bobby_jones,2026-02-25,08:00,2026-02-18,7,39,Wednesday,False,8,Partly Cloudy,55.4,16
bobby_jones,2026-02-25,08:00,2026-02-20,5,39,Wednesday,False,8,Partly Cloudy,55.4,16
bobby_jones,2026-02-25,08:00,2026-02-22,3,40,Wednesday,False,8,Partly Cloudy,55.4,16
bobby_jones,2026-02-25,08:00,2026-02-23,2,40,Wednesday,False,8,Partly Cloudy,55.4,16
bobby_jones,2026-02-25,08:00,2026-02-24,1,41,Wednesday,False,8,Partly Cloudy,55.4,16
bobby_jones,2026-02-25,08:00,2026-02-25,0,44,Wednesday,False,8,Partly Cloudy,55.4,16
bobby_jones,2026-02-25,09:00,2026-02-11,14,34,Wednesday,False,9,Partly Cloudy,55.4,16
bobby_jones,2026-02-25,09:00,2026-02-15,10,37,Wednesday,False,9,Partly Cloudy,55.4,16
bobby_jones,2026-02-25,09:00,2026-02-18,7,38,Wednesday,False,9,Partly Cloudy,55.4,16
bobby_jones,2026-02-25,09:00,2026-02-20,5,40,Wednesday,False,9,Partly Cloudy,55.4,16
bobby_jones,2026-02-25,09:00,2026-02-22,3,40,Wednesday,False,9,Partly Cloudy,55.4,16
bobby_jones,2026-02-25,09:00,2026-02-23,2,43,Wednesday,False,9,Partly Cloudy,55.4,16
bobby_jones,2026-02-25,09:00,2026-02-24,1,41,Wednesday,False,9,Partly Cloudy,55.4,16
bobby_jones,2026-02-25,09:00,2026-02-25,0,41,Wednesday,False,9,Partly Cloudy,55.4,16
bobby_jones,2026-02-25,10:00,2026-02-11,14,33,Wednesday,False,10,Partly Cloudy,55.4,16
bobby_jones,2026-02-25,10:00,2026-02-15,10,36,Wednesday,False,10,Partly Cloudy,55.4,16
bobby_jones,2026-02-25,10:00,2026-02-18,7,35,Wednesday,False,10,Partly Cloudy,55.4,16
bobby_jones,2026-02-25,10:00,2026-02-20,5,36,Wednesday,False,10,Partly Cloudy,55.4,16
bobby_jones,2026-02-25,10:00,2026-02-22,3,37,Wednesday,False,10,Partly Cloudy,55.4,16
bobby_jones,2026-02-25,10:00,2026-02-23,2,38,Wednesday,False,10,Partly Cloudy,55.4,16
bobby_jones,2026-02-25,10:00,2026-02-24,1,39,Wednesday,False,10,Partly Cloudy,55.4,16
bobby_jones,2026-02-25,10:00,2026-02-25,0,42,Wednesday,False,10,Partly Cloudy,55.4,16
bobby_jones,2026-02-25,12:00,2026-02-11,14,29,Wednesday,False,12,Partly Cloudy,55.4,16
bobby_jones,2026-02-25,12:00,2026-02-15,10,29,Wednesday,False,12,Partly Cloudy,55.4,16
bobby_jones,2026-02-25,12:00,2026-02-18,7,31,Wednesday,False,12,Partly Cloudy,55.4,16
bobby_jones,2026-02-25,12:00,2026-02-20,5,33,Wednesday,False,12,Partly Cloudy,55.4,16
bobby_jones,2026-02-25,12:00,2026-02-22,3,32,Wednesday,False,12,Partly Cloudy,55.4,16
bobby_jones,2026-02-25,12:00,2026-02-23,2,36,Wednesday,False,12,Partly Cloudy,55.4,16
bobby_jones,2026-02-25,12:00,2026-02-24,1,34,Wednesday,False,12,Partly Cloudy,55.4,16
bobby_jones,2026-02-25,12:00,2026-02-25,0,36,Wednesday,False,12,Partly Cloudy,55.4,16
bobby_jones,2026-02-25,14:00,2026-02-11,14,29,Wednesday,False,14,Partly Cloudy,55.4,16
bobby_jones,2026-02-25,14:00,2026-02-15,10,30,Wednesday,False,14,Partly Cloudy,55.4,16
bobby_jones,2026-02-25,14:00,2026-02-18,7,32,Wednesday,False,14,Partly Cloudy,55.4,16
bobby_jones,2026-02-25,14:00,2026-02-20,5,33,Wednesday,False,14,Partly Cloudy,55.4,16
bobby_jones,2026-02-25,14:00,2026-02-22,3,33,Wednesday,False,14,Partly Cloudy,55.4,16
bobby_jones,2026-02-25,14:00,2026-02-23,2,35,Wednesday,False,14,Partly Cloudy,55.4,16
bobby_jones,2026-02-25,14:00,2026-02-24,1,35,Wednesday,False,14,Partly Cloudy,55.4,16
bobby_jones,2026-02-25,14:00,2026-02-25,0,36,Wednesday,False,14,Partly Cloudy,55.4,16
bobby_jones,2026-02-25,16:00,2026-02-11,14,24,Wednesday,False,16,Partly Cloudy,55.4,16
bobby_jones,2026-02-25,16:00,2026-02-15,10,25,Wednesday,False,16,Partly Cloudy,55.4,16
bobby_jones,2026-02-25,16:00,2026-02-18,7,25,Wednesday,False,16,Partly Cloudy,55.4,16
bobby_jones,2026-02-25,16:00,2026-02-20,5,26,Wednesday,False,16,Partly Cloudy,55.4,16
bobby_jones,2026-02-25,16:00,2026-02-22,3,28,Wednesday,False,16,Partly Cloudy,55.4,16
bobby_jones,2026-02-25,16:00,2026-02-23,2,29,Wednesday,False,16,Partly Cloudy,55.4,16
bobby_jones,2026-02-25,16:00,2026-02-24,1,29,Wednesday,False,16,Partly Cloudy,55.4,16
bobby_jones,2026-02-25,16:00,2026-02-25,0,30,Wednesday,False,16,Partly Cloudy,55.4,16
bobby_jones,2026-02-26,07:00,2026-02-12,14,34,Thursday,False,7,Sunny,54.5,2
bobby_jones,2026-02-26,07:00,2026-02-16,10,37,Thursday,False,7,Sunny,54.5,2
bobby_jones,2026-02-26,07:00,2026-02-19,7,37,Thursday,False,7,Sunny,54.5,2
bobby_jones,2026-02-26,07:00,2026-02-21,5,39,Thursday,False,7,Sunny,54.5,2
bobby_jones,2026-02-26,07:00,2026-02-23,3,39,Thursday,False,7,Sunny,54.5,2
bobby_jones,2026-02-26,07:00,2026-02-24,2,42,Thursday,False,7,Sunny,54.5,2
bobby_jones,2026-02-26,07:00,2026-02-25,1,42,Thursday,False,7,Sunny,54.5,2
bobby_jones,2026-02-26,07:00,2026-02-26,0,43,Thursday,False,7,Sunny,54.5,2
bobby_jones,2026-02-26,08:00,2026-02-12,14,33,Thursday,False,8,Sunny,54.5,2
bobby_jones,2026-02-26,08:00,2026-02-16,10,35,Thursday,False,8,Sunny,54.5,2
bobby_jones,2026-02-26,08:00,2026-02-19,7,38,Thursday,False,8,Sunny,54.5,2
bobby_jones,2026-02-26,08:00,2026-02-21,5,39,Thursday,False,8,Sunny,54.5,2
bobby_jones,2026-02-26,08:00,2026-02-23,3,39,Thursday,False,8,Sunny,54.5,2
bobby_jones,2026-02-26,08:00,2026-02-24,2,42,Thursday,False,8,Sunny,54.5,2
bobby_jones,2026-02-26,08:00,2026-02-25,1,40,Thursday,False,8,Sunny,54.5,2
bobby_jones,2026-02-26,08:00,2026-02-26,0,46,Thursday,False,8,Sunny,54.5,2
bobby_jones,2026-02-26,09:00,2026-02-12,14,36,Thursday,False,9,Sunny,54.5,2
bobby_jones,2026-02-26,09:00,2026-02-16,10,37,Thursday,False,9,Sunny,54.5,2
bobby_jones,2026-02-26,09:00,2026-02-19,7,37,Thursday,False,9,Sunny,54.5,2
bobby_jones,2026-02-26,09:00,2026-02-21,5,38,Thursday,False,9,Sunny,54.5,2
bobby_jones,2026-02-26,09:00,2026-02-23,3,38,Thursday,False,9,Sunny,54.5,2
bobby_jones,2026-02-26,09:00,2026-02-24,2,41,Thursday,False,9,Sunny,54.5,2
bobby_jones,2026-02-26,09:00,2026-02-25,1,40,Thursday,False,9,Sunny,54.5,2
bobby_jones,2026-02-26,09:00,2026-02-26,0,42,Thursday,False,9,Sunny,54.5,2
bobby_jones,2026-02-26,10:00,2026-02-12,14,32,Thursday,False,10,Sunny,54.5,2
bobby_jones,2026-02-26,10:00,2026-02-16,10,35,Thursday,False,10,Sunny,54.5,2
bobby_jones,2026-02-26,10:00,2026-02-19,7,35,Thursday,False,10,Sunny,54.5,2
bobby_jones,2026-02-26,10:00,2026-02-21,5,37,Thursday,False,10,Sunny,54.5,2
bobby_jones,2026-02-26,10:00,2026-02-23,3,38,Thursday,False,10,Sunny,54.5,2
bobby_jones,2026-02-26,10:00,2026-02-24,2,40,Thursday,False,10,Sunny,54.5,2
bobby_jones,2026-02-26,10:00,2026-02-25,1,42,Thursday,False,10,Sunny,54.5,2
bobby_jones,2026-02-26,10:00,2026-02-26,0,41,Thursday,False,10,Sunny,54.5,2
bobby_jones,2026-02-26,12:00,2026-02-12,14,28,Thursday,False,12,Sunny,54.5,2
bobby_jones,2026-02-26,12:00,2026-02-16,10,31,Thursday,False,12,Sunny,54.5,2
bobby_jones,2026-02-26,12:00,2026-02-19,7,31,Thursday,False,12,Sunny,54.5,2
bobby_jones,2026-02-26,12:00,2026-02-21,5,31,Thursday,False,12,Sunny,54.5,2
bobby_jones,2026-02-26,12:00,2026-02-23,3,32,Thursday,False,12,Sunny,54.5,2
bobby_jones,2026-02-26,12:00,2026-02-24,2,35,Thursday,False,12,Sunny,54.5,2
bobby_jones,2026-02-26,12:00,2026-02-25,1,35,Thursday,False,12,Sunny,54.5,2
bobby_jones,2026-02-26,12:00,2026-02-26,0,35,Thursday,False,12,Sunny,54.5,2
bobby_jones,2026-02-26,14:00,2026-02-12,14,30,Thursday,False,14,Sunny,54.5,2
bobby_jones,2026-02-26,14:00,2026-02-16,10,31,Thursday,False,14,Sunny,54.5,2
bobby_jones,2026-02-26,14:00,2026-02-19,7,32,Thursday,False,14,Sunny,54.5,2
bobby_jones,2026-02-26,14:00,2026-02-21,5,33,Thursday,False,14,Sunny,54.5,2
bobby_jones,2026-02-26,14:00,2026-02-23,3,33,Thursday,False,14,Sunny,54.5,2
bobby_jones,2026-02-26,14:00,2026-02-24,2,36,Thursday,False,14,Sunny,54.5,2
bobby_jones,2026-02-26,14:00,2026-02-25,1,34,Thursday,False,14,Sunny,54.5,2
bobby_jones,2026-02-26,14:00,2026-02-26,0,38,Thursday,False,14,Sunny,54.5,2
bobby_jones,2026-02-26,16:00,2026-02-12,14,23,Thursday,False,16,Sunny,54.5,2
bobby_jones,2026-02-26,16:00,2026-02-16,10,25,Thursday,False,16,Sunny,54.5,2
bobby_jones,2026-02-26,16:00,2026-02-19,7,25,Thursday,False,16,Sunny,54.5,2
bobby_jones,2026-02-26,16:00,2026-02-21,5,26,Thursday,False,16,Sunny,54.5,2
bobby_jones,2026-02-26,16:00,2026-02-23,3,29,Thursday,False,16,Sunny,54.5,2
bobby_jones,2026-02-26,16:00,2026-02-24,2,28,Thursday,False,16,Sunny,54.5,2
bobby_jones,2026-02-26,16:00,2026-02-25,1,29,Thursday,False,16,Sunny,54.5,2
bobby_jones,2026-02-26,16:00,2026-02-26,0,29,Thursday,False,16,Sunny,54.5,2
bobby_jones,2026-02-27,07:00,2026-02-13,14,44,Friday,False,7,Sunny,58.0,10
bobby_jones,2026-02-27,07:00,2026-02-17,10,45,Friday,False,7,Sunny,58.0,10
bobby_jones,2026-02-27,07:00,2026-02-20,7,47,Friday,False,7,Sunny,58.0,10
bobby_jones,2026-02-27,07:00,2026-02-22,5,49,Friday,False,7,Sunny,58.0,10
bobby_jones,2026-02-27,07:00,2026-02-24,3,48,Friday,False,7,Sunny,58.0,10
bobby_jones,2026-02-27,07:00,2026-02-25,2,55,Friday,False,7,Sunny,58.0,10
bobby_jones,2026-02-27,07:00,2026-02-26,1,53,Friday,False,7,Sunny,58.0,10
bobby_jones,2026-02-27,07:00,2026-02-27,0,53,Friday,False,7,Sunny,58.0,10
bobby_jones,2026-02-27,08:00,2026-02-13,14,43,Friday,False,8,Sunny,58.0,10
bobby_jones,2026-02-27,08:00,2026-02-17,10,45,Friday,False,8,Sunny,58.0,10
bobby_jones,2026-02-27,08:00,2026-02-20,7,45,Friday,False,8,Sunny,58.0,10
bobby_jones,2026-02-27,08:00,2026-02-22,5,50,Friday,False,8,Sunny,58.0,10
bobby_jones,2026-02-27,08:00,2026-02-24,3,50,Friday,False,8,Sunny,58.0,10
bobby_jones,2026-02-27,08:00,2026-02-25,2,52,Friday,False,8,Sunny,58.0,10
bobby_jones,2026-02-27,08:00,2026-02-26,1,53,Friday,False,8,Sunny,58.0,10
bobby_jones,2026-02-27,08:00,2026-02-27,0,52,Friday,False,8,Sunny,58.0,10
bobby_jones,2026-02-27,09:00,2026-02-13,14,42,Friday,False,9,Sunny,58.0,10
bobby_jones,2026-02-27,09:00,2026-02-17,10,45,Friday,False,9,Sunny,58.0,10
bobby_jones,2026-02-27,09:00,2026-02-20,7,47,Friday,False,9,Sunny,58.0,10
bobby_jones,2026-02-27,09:00,2026-02-22,5,49,Friday,False,9,Sunny,58.0,10
bobby_jones,2026-02-27,09:00,2026-02-24,3,47,Friday,False,9,Sunny,58.0,10
bobby_jones,2026-02-27,09:00,2026-02-25,2,51,Friday,False,9,Sunny,58.0,10
bobby_jones,2026-02-27,09:00,2026-02-26,1,48,Friday,False,9,Sunny,58.0,10
bobby_jones,2026-02-27,09:00,2026-02-27,0,52,Friday,False,9,Sunny,58.0,10
bobby_jones,2026-02-27,10:00,2026-02-13,14,42,Friday,False,10,Sunny,58.0,10
bobby_jones,2026-02-27,10:00,2026-02-17,10,44,Friday,False,10,Sunny,58.0,10
bobby_jones,2026-02-27,10:00,2026-02-20,7,43,Friday,False,10,Sunny,58.0,10
bobby_jones,2026-02-27,10:00,2026-02-22,5,46,Friday,False,10,Sunny,58.0,10
bobby_jones,2026-02-27,10:00,2026-02-24,3,47,Friday,False,10,Sunny,58.0,10
bobby_jones,2026-02-27,10:00,2026-02-25,2,51,Friday,False,10,Sunny,58.0,10
bobby_jones,2026-02-27,10:00,2026-02-26,1,51,Friday,False,10,Sunny,58.0,10
bobby_jones,2026-02-27,10:00,2026-02-27,0,51,Friday,False,10,Sunny,58.0,10
bobby_jones,2026-02-27,12:00,2026-02-13,14,36,Friday,False,12,Sunny,58.0,10
bobby_jones,2026-02-27,12:00,2026-02-17,10,37,Friday,False,12,Sunny,58.0,10
bobby_jones,2026-02-27,12:00,2026-02-20,7,39,Friday,False,12,Sunny,58.0,10
bobby_jones,2026-02-27,12:00,2026-02-22,5,43,Friday,False,12,Sunny,58.0,10
bobby_jones,2026-02-27,12:00,2026-02-24,3,43,Friday,False,12,Sunny,58.0,10
bobby_jones,2026-02-27,12:00,2026-02-25,2,44,Friday,False,12,Sunny,58.0,10
bobby_jones,2026-02-27,12:00,2026-02-26,1,44,Friday,False,12,Sunny,58.0,10
bobby_jones,2026-02-27,12:00,2026-02-27,0,44,Friday,False,12,Sunny,58.0,10
bobby_jones,2026-02-27,14:00,2026-02-13,14,36,Friday,False,14,Sunny,58.0,10
bobby_jones,2026-02-27,14:00,2026-02-17,10,38,Friday,False,14,Sunny,58.0,10
bobby_jones,2026-02-27,14:00,2026-02-20,7,39,Friday,False,14,Sunny,58.0,10
bobby_jones,2026-02-27,14:00,2026-02-22,5,41,Friday,False,14,Sunny,58.0,10
bobby_jones,2026-02-27,14:00,2026-02-24,3,42,Friday,False,14,Sunny,58.0,10
bobby_jones,2026-02-27,14:00,2026-02-25,2,44,Friday,False,14,Sunny,58.0,10
bobby_jones,2026-02-27,14:00,2026-02-26,1,42,Friday,False,14,Sunny,58.0,10
bobby_jones,2026-02-27,14:00,2026-02-27,0,44,Friday,False,14,Sunny,58.0,10
bobby_jones,2026-02-27,16:00,2026-02-13,14,29,Friday,False,16,Sunny,58.0,10
bobby_jones,2026-02-27,16:00,2026-02-17,10,31,Friday,False,16,Sunny,58.0,10
bobby_jones,2026-02-27,16:00,2026-02-20,7,30,Friday,False,16,Sunny,58.0,10
bobby_jones,2026-02-27,16:00,2026-02-22,5,33,Friday,False,16,Sunny,58.0,10
bobby_jones,2026-02-27,16:00,2026-02-24,3,35,Friday,False,16,Sunny,58.0,10
bobby_jones,2026-02-27,16:00,2026-02-25,2,36,Friday,False,16,Sunny,58.0,10
bobby_jones,2026-02-27,16:00,2026-02-26,1,35,Friday,False,16,Sunny,58.0,10
bobby_jones,2026-02-27,16:00,2026-02-27,0,36,Friday,False,16,Sunny,58.0,10
bobby_jones,2026-02-28,07:00,2026-02-14,14,55,Saturday,True,7,Sunny,60.0,5
bobby_jones,2026-02-28,07:00,2026-02-18,10,57,Saturday,True,7,Sunny,60.0,5
bobby_jones,2026-02-28,07:00,2026-02-21,7,58,Saturday,True,7,Sunny,60.0,5
bobby_jones,2026-02-28,07:00,2026-02-23,5,59,Saturday,True,7,Sunny,60.0,5
bobby_jones,2026-02-28,07:00,2026-02-25,3,61,Saturday,True,7,Sunny,60.0,5
bobby_jones,2026-02-28,07:00,2026-02-26,2,64,Saturday,True,7,Sunny,60.0,5
bobby_jones,2026-02-28,07:00,2026-02-27,1,66,Saturday,True,7,Sunny,60.0,5
bobby_jones,2026-02-28,07:00,2026-02-28,0,68,Saturday,True,7,Sunny,60.0,5
bobby_jones,2026-02-28,08:00,2026-02-14,14,52,Saturday,True,8,Sunny,60.0,5
bobby_jones,2026-02-28,08:00,2026-02-18,10,55,Saturday,True,8,Sunny,60.0,5
bobby_jones,2026-02-28,08:00,2026-02-21,7,60,Saturday,True,8,Sunny,60.0,5
bobby_jones,2026-02-28,08:00,2026-02-23,5,60,Saturday,True,8,Sunny,60.0,5
bobby_jones,2026-02-28,08:00,2026-02-25,3,60,Saturday,True,8,Sunny,60.0,5
bobby_jones,2026-02-28,08:00,2026-02-26,2,66,Saturday,True,8,Sunny,60.0,5
bobby_jones,2026-02-28,08:00,2026-02-27,1,65,Saturday,True,8,Sunny,60.0,5
bobby_jones,2026-02-28,08:00,2026-02-28,0,70,Saturday,True,8,Sunny,60.0,5
bobby_jones,2026-02-28,09:00,2026-02-14,14,54,Saturday,True,9,Sunny,60.0,5
bobby_jones,2026-02-28,09:00,2026-02-18,10,58,Saturday,True,9,Sunny,60.0,5
bobby_jones,2026-02-28,09:00,2026-02-21,7,56,Saturday,True,9,Sunny,60.0,5
bobby_jones,2026-02-28,09:00,2026-02-23,5,62,Saturday,True,9,Sunny,60.0,5
bobby_jones,2026-02-28,09:00,2026-02-25,3,63,Saturday,True,9,Sunny,60.0,5
bobby_jones,2026-02-28,09:00,2026-02-26,2,67,Saturday,True,9,Sunny,60.0,5
bobby_jones,2026-02-28,09:00,2026-02-27,1,66,Saturday,True,9,Sunny,60.0,5
bobby_jones,2026-02-28,09:00,2026-02-28,0,66,Saturday,True,9,Sunny,60.0,5
bobby_jones,2026-02-28,10:00,2026-02-14,14,48,Saturday,True,10,Sunny,60.0,5
bobby_jones,2026-02-28,10:00,2026-02-18,10,51,Saturday,True,10,Sunny,60.0,5
bobby_jones,2026-02-28,10:00,2026-02-21,7,51,Saturday,True,10,Sunny,60.0,5
bobby_jones,2026-02-28,10:00,2026-02-23,5,54,Saturday,True,10,Sunny,60.0,5
bobby_jones,2026-02-28,10:00,2026-02-25,3,57,Saturday,True,10,Sunny,60.0,5
bobby_jones,2026-02-28,10:00,2026-02-26,2,59,Saturday,True,10,Sunny,60.0,5
bobby_jones,2026-02-28,10:00,2026-02-27,1,58,Saturday,True,10,Sunny,60.0,5
bobby_jones,2026-02-28,10:00,2026-02-28,0,59,Saturday,True,10,Sunny,60.0,5
bobby_jones,2026-02-28,12:00,2026-02-14,14,40,Saturday,True,12,Sunny,60.0,5
bobby_jones,2026-02-28,12:00,2026-02-18,10,44,Saturday,True,12,Sunny,60.0,5
bobby_jones,2026-02-28,12:00,2026-02-21,7,46,Saturday,True,12,Sunny,60.0,5
bobby_jones,2026-02-28,12:00,2026-02-23,5,46,Saturday,True,12,Sunny,60.0,5
bobby_jones,2026-02-28,12:00,2026-02-25,3,47,Saturday,True,12,Sunny,60.0,5
bobby_jones,2026-02-28,12:00,2026-02-26,2,52,Saturday,True,12,Sunny,60.0,5
bobby_jones,2026-02-28,12:00,2026-02-27,1,52,Saturday,True,12,Sunny,60.0,5
bobby_jones,2026-02-28,12:00,2026-02-28,0,50,Saturday,True,12,Sunny,60.0,5
bobby_jones,2026-02-28,14:00,2026-02-14,14,42,Saturday,True,14,Sunny,60.0,5
bobby_jones,2026-02-28,14:00,2026-02-18,10,46,Saturday,True,14,Sunny,60.0,5
bobby_jones,2026-02-28,14:00,2026-02-21,7,45,Saturday,True,14,Sunny,60.0,5
bobby_jones,2026-02-28,14:00,2026-02-23,5,47,Saturday,True,14,Sunny,60.0,5
bobby_jones,2026-02-28,14:00,2026-02-25,3,49,Saturday,True,14,Sunny,60.0,5
bobby_jones,2026-02-28,14:00,2026-02-26,2,52,Saturday,True,14,Sunny,60.0,5
bobby_jones,2026-02-28,14:00,2026-02-27,1,52,Saturday,True,14,Sunny,60.0,5
bobby_jones,2026-02-28,14:00,2026-02-28,0,51,Saturday,True,14,Sunny,60.0,5
bobby_jones,2026-02-28,16:00,2026-02-14,14,36,Saturday,True,16,Sunny,60.0,5
bobby_jones,2026-02-28,16:00,2026-02-18,10,38,Saturday,True,16,Sunny,60.0,5
bobby_jones,2026-02-28,16:00,2026-02-21,7,38,Saturday,True,16,Sunny,60.0,5
bobby_jones,2026-02-28,16:00,2026-02-23,5,39,Saturday,True,16,Sunny,60.0,5
bobby_jones,2026-02-28,16:00,2026-02-25,3,41,Saturday,True,16,Sunny,60.0,5
bobby_jones,2026-02-28,16:00,2026-02-26,2,44,Saturday,True,16,Sunny,60.0,5
bobby_jones,2026-02-28,16:00,2026-02-27,1,44,Saturday,True,16,Sunny,60.0,5
bobby_jones,2026-02-28,16:00,2026-02-28,0,43,Saturday,True,16,Sunny,60.0,5
bobby_jones,2026-03-01,07:00,2026-02-15,14,59,Sunday,True,7,Sunny,64.9,0
bobby_jones,2026-03-01,07:00,2026-02-19,10,60,Sunday,True,7,Sunny,64.9,0
bobby_jones,2026-03-01,07:00,2026-02-22,7,64,Sunday,True,7,Sunny,64.9,0
bobby_jones,2026-03-01,07:00,2026-02-24,5,64,Sunday,True,7,Sunny,64.9,0
bobby_jones,2026-03-01,07:00,2026-02-26,3,67,Sunday,True,7,Sunny,64.9,0
bobby_jones,2026-03-01,07:00,2026-02-27,2,72,Sunday,True,7,Sunny,64.9,0
bobby_jones,2026-03-01,07:00,2026-02-28,1,72,Sunday,True,7,Sunny,64.9,0
bobby_jones,2026-03-01,07:00,2026-03-01,0,70,Sunday,True,7,Sunny,64.9,0
bobby_jones,2026-03-01,08:00,2026-02-15,14,62,Sunday,True,8,Sunny,64.9,0
bobby_jones,2026-03-01,08:00,2026-02-19,10,60,Sunday,True,8,Sunny,64.9,0
bobby_jones,2026-03-01,08:00,2026-02-22,7,63,Sunday,True,8,Sunny,64.9,0
bobby_jones,2026-03-01,08:00,2026-02-24,5,64,Sunday,True,8,Sunny,64.9,0
bobby_jones,2026-03-01,08:00,2026-02-26,3,66,Sunday,True,8,Sunny,64.9,0
bobby_jones,2026-03-01,08:00,2026-02-27,2,69,Sunday,True,8,Sunny,64.9,0
bobby_jones,2026-03-01,08:00,2026-02-28,1,69,Sunday,True,8,Sunny,64.9,0
bobby_jones,2026-03-01,08:00,2026-03-01,0,68,Sunday,True,8,Sunny,64.9,0
bobby_jones,2026-03-01,09:00,2026-02-15,14,60,Sunday,True,9,Sunny,64.9,0
bobby_jones,2026-03-01,09:00,2026-02-19,10,62,Sunday,True,9,Sunny,64.9,0
bobby_jones,2026-03-01,09:00,2026-02-22,7,68,Sunday,True,9,Sunny,64.9,0
bobby_jones,2026-03-01,09:00,2026-02-24,5,67,Sunday,True,9,Sunny,64.9,0
bobby_jones,2026-03-01,09:00,2026-02-26,3,67,Sunday,True,9,Sunny,64.9,0
bobby_jones,2026-03-01,09:00,2026-02-27,2,69,Sunday,True,9,Sunny,64.9,0
bobby_jones,2026-03-01,09:00,2026-02-28,1,71,Sunday,True,9,Sunny,64.9,0
bobby_jones,2026-03-01,09:00,2026-03-01,0,74,Sunday,True,9,Sunny,64.9,0
bobby_jones,2026-03-01,10:00,2026-02-15,14,54,Sunday,True,10,Sunny,64.9,0
bobby_jones,2026-03-01,10:00,2026-02-19,10,57,Sunday,True,10,Sunny,64.9,0
bobby_jones,2026-03-01,10:00,2026-02-22,7,61,Sunday,True,10,Sunny,64.9,0
bobby_jones,2026-03-01,10:00,2026-02-24,5,60,Sunday,True,10,Sunny,64.9,0
bobby_jones,2026-03-01,10:00,2026-02-26,3,59,Sunday,True,10,Sunny,64.9,0
bobby_jones,2026-03-01,10:00,2026-02-27,2,66,Sunday,True,10,Sunny,64.9,0
bobby_jones,2026-03-01,10:00,2026-02-28,1,65,Sunday,True,10,Sunny,64.9,0
bobby_jones,2026-03-01,10:00,2026-03-01,0,64,Sunday,True,10,Sunny,64.9,0
bobby_jones,2026-03-01,12:00,2026-02-15,14,47,Sunday,True,12,Sunny,64.9,0
bobby_jones,2026-03-01,12:00,2026-02-19,10,47,Sunday,True,12,Sunny,64.9,0
bobby_jones,2026-03-01,12:00,2026-02-22,7,51,Sunday,True,12,Sunny,64.9,0
bobby_jones,2026-03-01,12:00,2026-02-24,5,54,Sunday,True,12,Sunny,64.9,0
bobby_jones,2026-03-01,12:00,2026-02-26,3,53,Sunday,True,12,Sunny,64.9,0
bobby_jones,2026-03-01,12:00,2026-02-27,2,57,Sunday,True,12,Sunny,64.9,0
bobby_jones,2026-03-01,12:00,2026-02-28,1,54,Sunday,True,12,Sunny,64.9,0
bobby_jones,2026-03-01,12:00,2026-03-01,0,55,Sunday,True,12,Sunny,64.9,0
bobby_jones,2026-03-01,14:00,2026-02-15,14,49,Sunday,True,14,Sunny,64.9,0
bobby_jones,2026-03-01,14:00,2026-02-19,10,49,Sunday,True,14,Sunny,64.9,0
bobby_jones,2026-03-01,14:00,2026-02-22,7,51,Sunday,True,14,Sunny,64.9,0
bobby_jones,2026-03-01,14:00,2026-02-24,5,53,Sunday,True,14,Sunny,64.9,0
bobby_jones,2026-03-01,14:00,2026-02-26,3,52,Sunday,True,14,Sunny,64.9,0
bobby_jones,2026-03-01,14:00,2026-02-27,2,57,Sunday,True,14,Sunny,64.9,0
bobby_jones,2026-03-01,14:00,2026-02-28,1,56,Sunday,True,14,Sunny,64.9,0
bobby_jones,2026-03-01,14:00,2026-03-01,0,55,Sunday,True,14,Sunny,64.9,0
bobby_jones,2026-03-01,16:00,2026-02-15,14,40,Sunday,True,16,Sunny,64.9,0
bobby_jones,2026-03-01,16:00,2026-02-19,10,42,Sunday,True,16,Sunny,64.9,0
bobby_jones,2026-03-01,16:00,2026-02-22,7,40,Sunday,True,16,Sunny,64.9,0
bobby_jones,2026-03-01,16:00,2026-02-24,5,43,Sunday,True,16,Sunny,64.9,0
bobby_jones,2026-03-01,16:00,2026-02-26,3,44,Sunday,True,16,Sunny,64.9,0
bobby_jones,2026-03-01,16:00,2026-02-27,2,48,Sunday,True,16,Sunny,64.9,0
bobby_jones,2026-03-01,16:00,2026-02-28,1,45,Sunday,True,16,Sunny,64.9,0
bobby_jones,2026-03-01,16:00,2026-03-01,0,52,Sunday,True,16,Sunny,64.9,0
bobby_jones,2026-03-02,07:00,2026-02-16,14,40,Monday,False,7,Sunny,66.5,8
bobby_jones,2026-03-02,07:00,2026-02-20,10,43,Monday,False,7,Sunny,66.5,8
bobby_jones,2026-03-02,07:00,2026-02-23,7,45,Monday,False,7,Sunny,66.5,8
bobby_jones,2026-03-02,07:00,2026-02-25,5,44,Monday,False,7,Sunny,66.5,8
bobby_jones,2026-03-02,07:00,2026-02-27,3,45,Monday,False,7,Sunny,66.5,8
bobby_jones,2026-03-02,07:00,2026-02-28,2,47,Monday,False,7,Sunny,66.5,8
bobby_jones,2026-03-02,07:00,2026-03-01,1,47,Monday,False,7,Sunny,66.5,8
bobby_jones,2026-03-02,07:00,2026-03-02,0,49,Monday,False,7,Sunny,66.5,8
bobby_jones,2026-03-02,08:00,2026-02-16,14,40,Monday,False,8,Sunny,66.5,8
bobby_jones,2026-03-02,08:00,2026-02-20,10,41,Monday,False,8,Sunny,66.5,8
bobby_jones,2026-03-02,08:00,2026-02-23,7,43,Monday,False,8,Sunny,66.5,8
bobby_jones,2026-03-02,08:00,2026-02-25,5,45,Monday,False,8,Sunny,66.5,8
bobby_jones,2026-03-02,08:00,2026-02-27,3,44,Monday,False,8,Sunny,66.5,8
bobby_jones,2026-03-02,08:00,2026-02-28,2,47,Monday,False,8,Sunny,66.5,8
bobby_jones,2026-03-02,08:00,2026-03-01,1,49,Monday,False,8,Sunny,66.5,8
bobby_jones,2026-03-02,08:00,2026-03-02,0,49,Monday,False,8,Sunny,66.5,8
bobby_jones,2026-03-02,09:00,2026-02-16,14,39,Monday,False,9,Sunny,66.5,8
bobby_jones,2026-03-02,09:00,2026-02-20,10,42,Monday,False,9,Sunny,66.5,8
bobby_jones,2026-03-02,09:00,2026-02-23,7,44,Monday,False,9,Sunny,66.5,8
bobby_jones,2026-03-02,09:00,2026-02-25,5,46,Monday,False,9,Sunny,66.5,8
bobby_jones,2026-03-02,09:00,2026-02-27,3,45,Monday,False,9,Sunny,66.5,8
bobby_jones,2026-03-02,09:00,2026-02-28,2,47,Monday,False,9,Sunny,66.5,8
bobby_jones,2026-03-02,09:00,2026-03-01,1,47,Monday,False,9,Sunny,66.5,8
bobby_jones,2026-03-02,09:00,2026-03-02,0,48,Monday,False,9,Sunny,66.5,8
bobby_jones,2026-03-02,10:00,2026-02-16,14,38,Monday,False,10,Sunny,66.5,8
bobby_jones,2026-03-02,10:00,2026-02-20,10,40,Monday,False,10,Sunny,66.5,8
bobby_jones,2026-03-02,10:00,2026-02-23,7,42,Monday,False,10,Sunny,66.5,8
bobby_jones,2026-03-02,10:00,2026-02-25,5,42,Monday,False,10,Sunny,66.5,8
bobby_jones,2026-03-02,10:00,2026-02-27,3,42,Monday,False,10,Sunny,66.5,8
bobby_jones,2026-03-02,10:00,2026-02-28,2,46,Monday,False,10,Sunny,66.5,8
bobby_jones,2026-03-02,10:00,2026-03-01,1,46,Monday,False,10,Sunny,66.5,8
bobby_jones,2026-03-02,10:00,2026-03-02,0,47,Monday,False,10,Sunny,66.5,8
bobby_jones,2026-03-02,12:00,2026-02-16,14,32,Monday,False,12,Sunny,66.5,8
bobby_jones,2026-03-02,12:00,2026-02-20,10,35,Monday,False,12,Sunny,66.5,8
bobby_jones,2026-03-02,12:00,2026-02-23,7,35,Monday,False,12,Sunny,66.5,8
bobby_jones,2026-03-02,12:00,2026-02-25,5,38,Monday,False,12,Sunny,66.5,8
bobby_jones,2026-03-02,12:00,2026-02-27,3,38,Monday,False,12,Sunny,66.5,8
bobby_jones,2026-03-02,12:00,2026-02-28,2,39,Monday,False,12,Sunny,66.5,8
bobby_jones,2026-03-02,12:00,2026-03-01,1,38,Monday,False,12,Sunny,66.5,8
bobby_jones,2026-03-02,12:00,2026-03-02,0,42,Monday,False,12,Sunny,66.5,8
bobby_jones,2026-03-02,14:00,2026-02-16,14,33,Monday,False,14,Sunny,66.5,8
bobby_jones,2026-03-02,14:00,2026-02-20,10,35,Monday,False,14,Sunny,66.5,8
bobby_jones,2026-03-02,14:00,2026-02-23,7,35,Monday,False,14,Sunny,66.5,8
bobby_jones,2026-03-02,14:00,2026-02-25,5,36,Monday,False,14,Sunny,66.5,8
bobby_jones,2026-03-02,14:00,2026-02-27,3,38,Monday,False,14,Sunny,66.5,8
bobby_jones,2026-03-02,14:00,2026-02-28,2,40,Monday,False,14,Sunny,66.5,8
bobby_jones,2026-03-02,14:00,2026-03-01,1,40,Monday,False,14,Sunny,66.5,8
bobby_jones,2026-03-02,14:00,2026-03-02,0,41,Monday,False,14,Sunny,66.5,8
bobby_jones,2026-03-02,16:00,2026-02-16,14,27,Monday,False,16,Sunny,66.5,8
bobby_jones,2026-03-02,16:00,2026-02-20,10,28,Monday,False,16,Sunny,66.5,8
bobby_jones,2026-03-02,16:00,2026-02-23,7,30,Monday,False,16,Sunny,66.5,8
bobby_jones,2026-03-02,16:00,2026-02-25,5,30,Monday,False,16,Sunny,66.5,8
bobby_jones,2026-03-02,16:00,2026-02-27,3,32,Monday,False,16,Sunny,66.5,8
bobby_jones,2026-03-02,16:00,2026-02-28,2,33,Monday,False,16,Sunny,66.5,8
bobby_jones,2026-03-02,16:00,2026-03-01,1,33,Monday,False,16,Sunny,66.5,8
bobby_jones,2026-03-02,16:00,2026-03-02,0,33,Monday,False,16,Sunny,66.5,8
bobby_jones,2026-03-03,07:00,2026-02-17,14,41,Tuesday,False,7,Sunny,69.0,4
bobby_jones,2026-03-03,07:00,2026-02-21,10,42,Tuesday,False,7,Sunny,69.0,4
bobby_jones,2026-03-03,07:00,2026-02-24,7,43,Tuesday,False,7,Sunny,69.0,4
bobby_jones,2026-03-03,07:00,2026-02-26,5,46,Tuesday,False,7,Sunny,69.0,4
bobby_jones,2026-03-03,07:00,2026-02-28,3,47,Tuesday,False,7,Sunny,69.0,4
bobby_jones,2026-03-03,07:00,2026-03-01,2,47,Tuesday,False,7,Sunny,69.0,4
bobby_jones,2026-03-03,07:00,2026-03-02,1,48,Tuesday,False,7,Sunny,69.0,4
bobby_jones,2026-03-03,07:00,2026-03-03,0,53,Tuesday,False,7,Sunny,69.0,4
bobby_jones,2026-03-03,08:00,2026-02-17,14,42,Tuesday,False,8,Sunny,69.0,4
bobby_jones,2026-03-03,08:00,2026-02-21,10,45,Tuesday,False,8,Sunny,69.0,4
bobby_jones,2026-03-03,08:00,2026-02-24,7,44,Tuesday,False,8,Sunny,69.0,4
bobby_jones,2026-03-03,08:00,2026-02-26,5,45,Tuesday,False,8,Sunny,69.0,4
bobby_jones,2026-03-03,08:00,2026-02-28,3,48,Tuesday,False,8,Sunny,69.0,4
bobby_jones,2026-03-03,08:00,2026-03-01,2,50,Tuesday,False,8,Sunny,69.0,4
bobby_jones,2026-03-03,08:00,2026-03-02,1,49,Tuesday,False,8,Sunny,69.0,4
bobby_jones,2026-03-03,08:00,2026-03-03,0,49,Tuesday,False,8,Sunny,69.0,4
bobby_jones,2026-03-03,09:00,2026-02-17,14,42,Tuesday,False,9,Sunny,69.0,4
bobby_jones,2026-03-03,09:00,2026-02-21,10,46,Tuesday,False,9,Sunny,69.0,4
bobby_jones,2026-03-03,09:00,2026-02-24,7,43,Tuesday,False,9,Sunny,69.0,4
bobby_jones,2026-03-03,09:00,2026-02-26,5,47,Tuesday,False,9,Sunny,69.0,4
bobby_jones,2026-03-03,09:00,2026-02-28,3,46,Tuesday,False,9,Sunny,69.0,4
bobby_jones,2026-03-03,09:00,2026-03-01,2,49,Tuesday,False,9,Sunny,69.0,4
bobby_jones,2026-03-03,09:00,2026-03-02,1,49,Tuesday,False,9,Sunny,69.0,4
bobby_jones,2026-03-03,09:00,2026-03-03,0,49,Tuesday,False,9,Sunny,69.0,4
bobby_jones,2026-03-03,10:00,2026-02-17,14,39,Tuesday,False,10,Sunny,69.0,4
bobby_jones,2026-03-03,10:00,2026-02-21,10,39,Tuesday,False,10,Sunny,69.0,4
bobby_jones,2026-03-03,10:00,2026-02-24,7,43,Tuesday,False,10,Sunny,69.0,4
bobby_jones,2026-03-03,10:00,2026-02-26,5,46,Tuesday,False,10,Sunny,69.0,4
bobby_jones,2026-03-03,10:00,2026-02-28,3,44,Tuesday,False,10,Sunny,69.0,4
bobby_jones,2026-03-03,10:00,2026-03-01,2,46,Tuesday,False,10,Sunny,69.0,4
bobby_jones,2026-03-03,10:00,2026-03-02,1,47,Tuesday,False,10,Sunny,69.0,4
bobby_jones,2026-03-03,10:00,2026-03-03,0,49,Tuesday,False,10,Sunny,69.0,4
bobby_jones,2026-03-03,12:00,2026-02-17,14,35,Tuesday,False,12,Sunny,69.0,4
bobby_jones,2026-03-03,12:00,2026-02-21,10,37,Tuesday,False,12,Sunny,69.0,4
bobby_jones,2026-03-03,12:00,2026-02-24,7,37,Tuesday,False,12,Sunny,69.0,4
bobby_jones,2026-03-03,12:00,2026-02-26,5,39,Tuesday,False,12,Sunny,69.0,4
bobby_jones,2026-03-03,12:00,2026-02-28,3,36,Tuesday,False,12,Sunny,69.0,4
bobby_jones,2026-03-03,12:00,2026-03-01,2,42,Tuesday,False,12,Sunny,69.0,4
bobby_jones,2026-03-03,12:00,2026-03-02,1,40,Tuesday,False,12,Sunny,69.0,4
bobby_jones,2026-03-03,12:00,2026-03-03,0,42,Tuesday,False,12,Sunny,69.0,4
bobby_jones,2026-03-03,14:00,2026-02-17,14,35,Tuesday,False,14,Sunny,69.0,4
bobby_jones,2026-03-03,14:00,2026-02-21,10,35,Tuesday,False,14,Sunny,69.0,4
bobby_jones,2026-03-03,14:00,2026-02-24,7,38,Tuesday,False,14,Sunny,69.0,4
bobby_jones,2026-03-03,14:00,2026-02-26,5,38,Tuesday,False,14,Sunny,69.0,4
bobby_jones,2026-03-03,14:00,2026-02-28,3,41,Tuesday,False,14,Sunny,69.0,4
bobby_jones,2026-03-03,14:00,2026-03-01,2,40,Tuesday,False,14,Sunny,69.0,4
bobby_jones,2026-03-03,14:00,2026-03-02,1,39,Tuesday,False,14,Sunny,69.0,4
bobby_jones,2026-03-03,14:00,2026-03-03,0,42,Tuesday,False,14,Sunny,69.0,4
bobby_jones,2026-03-03,16:00,2026-02-17,14,29,Tuesday,False,16,Sunny,69.0,4
bobby_jones,2026-03-03,16:00,2026-02-21,10,30,Tuesday,False,16,Sunny,69.0,4
bobby_jones,2026-03-03,16:00,2026-02-24,7,30,Tuesday,False,16,Sunny,69.0,4
bobby_jones,2026-03-03,16:00,2026-02-26,5,30,Tuesday,False,16,Sunny,69.0,4
bobby_jones,2026-03-03,16:00,2026-02-28,3,32,Tuesday,False,16,Sunny,69.0,4
bobby_jones,2026-03-03,16:00,2026-03-01,2,34,Tuesday,False,16,Sunny,69.0,4
bobby_jones,2026-03-03,16:00,2026-03-02,1,34,Tuesday,False,16,Sunny,69.0,4
bobby_jones,2026-03-03,16:00,2026-03-03,0,36,Tuesday,False,16,Sunny,69.0,4
bobby_jones,2026-03-04,07:00,2026-02-18,14,42,Wednesday,False,7,Sunny,60.0,0
bobby_jones,2026-03-04,07:00,2026-02-22,10,43,Wednesday,False,7,Sunny,60.0,0
bobby_jones,2026-03-04,07:00,2026-02-25,7,48,Wednesday,False,7,Sunny,60.0,0
bobby_jones,2026-03-04,07:00,2026-02-27,5,48,Wednesday,False,7,Sunny,60.0,0
bobby_jones,2026-03-04,07:00,2026-03-01,3,49,Wednesday,False,7,Sunny,60.0,0
bobby_jones,2026-03-04,07:00,2026-03-02,2,52,Wednesday,False,7,Sunny,60.0,0
bobby_jones,2026-03-04,07:00,2026-03-03,1,53,Wednesday,False,7,Sunny,60.0,0
bobby_jones,2026-03-04,07:00,2026-03-04,0,52,Wednesday,False,7,Sunny,60.0,0
bobby_jones,2026-03-04,08:00,2026-02-18,14,44,Wednesday,False,8,Sunny,60.0,0
bobby_jones,2026-03-04,08:00,2026-02-22,10,45,Wednesday,False,8,Sunny,60.0,0
bobby_jones,2026-03-04,08:00,2026-02-25,7,45,Wednesday,False,8,Sunny,60.0,0
bobby_jones,2026-03-04,08:00,2026-02-27,5,47,Wednesday,False,8,Sunny,60.0,0
bobby_jones,2026-03-04,08:00,2026-03-01,3,49,Wednesday,False,8,Sunny,60.0,0
bobby_jones,2026-03-04,08:00,2026-03-02,2,50,Wednesday,False,8,Sunny,60.0,0
bobby_jones,2026-03-04,08:00,2026-03-03,1,52,Wednesday,False,8,Sunny,60.0,0
bobby_jones,2026-03-04,08:00,2026-03-04,0,53,Wednesday,False,8,Sunny,60.0,0
bobby_jones,2026-03-04,09:00,2026-02-18,14,43,Wednesday,False,9,Sunny,60.0,0
bobby_jones,2026-03-04,09:00,2026-02-22,10,46,Wednesday,False,9,Sunny,60.0,0
bobby_jones,2026-03-04,09:00,2026-02-25,7,47,Wednesday,False,9,Sunny,60.0,0
bobby_jones,2026-03-04,09:00,2026-02-27,5,48,Wednesday,False,9,Sunny,60.0,0
bobby_jones,2026-03-04,09:00,2026-03-01,3,49,Wednesday,False,9,Sunny,60.0,0
bobby_jones,2026-03-04,09:00,2026-03-02,2,51,Wednesday,False,9,Sunny,60.0,0
bobby_jones,2026-03-04,09:00,2026-03-03,1,51,Wednesday,False,9,Sunny,60.0,0
bobby_jones,2026-03-04,09:00,2026-03-04,0,54,Wednesday,False,9,Sunny,60.0,0
bobby_jones,2026-03-04,10:00,2026-02-18,14,40,Wednesday,False,10,Sunny,60.0,0
bobby_jones,2026-03-04,10:00,2026-02-22,10,42,Wednesday,False,10,Sunny,60.0,0
bobby_jones,2026-03-04,10:00,2026-02-25,7,45,Wednesday,False,10,Sunny,60.0,0
bobby_jones,2026-03-04,10:00,2026-02-27,5,45,Wednesday,False,10,Sunny,60.0,0
bobby_jones,2026-03-04,10:00,2026-03-01,3,47,Wednesday,False,10,Sunny,60.0,0
bobby_jones,2026-03-04,10:00,2026-03-02,2,48,Wednesday,False,10,Sunny,60.0,0
bobby_jones,2026-03-04,10:00,2026-03-03,1,47,Wednesday,False,10,Sunny,60.0,0
bobby_jones,2026-03-04,10:00,2026-03-04,0,50,Wednesday,False,10,Sunny,60.0,0
bobby_jones,2026-03-04,12:00,2026-02-18,14,37,Wednesday,False,12,Sunny,60.0,0
bobby_jones,2026-03-04,12:00,2026-02-22,10,37,Wednesday,False,12,Sunny,60.0,0
bobby_jones,2026-03-04,12:00,2026-02-25,7,37,Wednesday,False,12,Sunny,60.0,0
bobby_jones,2026-03-04,12:00,2026-02-27,5,40,Wednesday,False,12,Sunny,60.0,0
bobby_jones,2026-03-04,12:00,2026-03-01,3,40,Wednesday,False,12,Sunny,60.0,0
bobby_jones,2026-03-04,12:00,2026-03-02,2,40,Wednesday,False,12,Sunny,60.0,0
bobby_jones,2026-03-04,12:00,2026-03-03,1,43,Wednesday,False,12,Sunny,60.0,0
bobby_jones,2026-03-04,12:00,2026-03-04,0,45,Wednesday,False,12,Sunny,60.0,0
bobby_jones,2026-03-04,14:00,2026-02-18,14,37,Wednesday,False,14,Sunny,60.0,0
bobby_jones,2026-03-04,14:00,2026-02-22,10,39,Wednesday,False,14,Sunny,60.0,0
bobby_jones,2026-03-04,14:00,2026-02-25,7,39,Wednesday,False,14,Sunny,60.0,0
bobby_jones,2026-03-04,14:00,2026-02-27,5,41,Wednesday,False,14,Sunny,60.0,0
bobby_jones,2026-03-04,14:00,2026-03-01,3,39,Wednesday,False,14,Sunny,60.0,0
bobby_jones,2026-03-04,14:00,2026-03-02,2,45,Wednesday,False,14,Sunny,60.0,0
bobby_jones,2026-03-04,14:00,2026-03-03,1,44,Wednesday,False,14,Sunny,60.0,0
bobby_jones,2026-03-04,14:00,2026-03-04,0,44,Wednesday,False,14,Sunny,60.0,0
bobby_jones,2026-03-04,16:00,2026-02-18,14,30,Wednesday,False,16,Sunny,60.0,0
bobby_jones,2026-03-04,16:00,2026-02-22,10,31,Wednesday,False,16,Sunny,60.0,0
bobby_jones,2026-03-04,16:00,2026-02-25,7,33,Wednesday,False,16,Sunny,60.0,0
bobby_jones,2026-03-04,16:00,2026-02-27,5,33,Wednesday,False,16,Sunny,60.0,0
bobby_jones,2026-03-04,16:00,2026-03-01,3,33,Wednesday,False,16,Sunny,60.0,0
bobby_jones,2026-03-04,16:00,2026-03-02,2,35,Wednesday,False,16,Sunny,60.0,0
bobby_jones,2026-03-04,16:00,2026-03-03,1,36,Wednesday,False,16,Sunny,60.0,0
bobby_jones,2026-03-04,16:00,2026-03-04,0,34,Wednesday,False,16,Sunny,60.0,0
bobby_jones,2026-03-05,07:00,2026-02-19,14,41,Thursday,False,7,Sunny,57.2,10
bobby_jones,2026-03-05,07:00,2026-02-23,10,48,Thursday,False,7,Sunny,57.2,10
bobby_jones,2026-03-05,07:00,2026-02-26,7,48,Thursday,False,7,Sunny,57.2,10
bobby_jones,2026-03-05,07:00,2026-02-28,5,50,Thursday,False,7,Sunny,57.2,10
bobby_jones,2026-03-05,07:00,2026-03-02,3,49,Thursday,False,7,Sunny,57.2,10
bobby_jones,2026-03-05,07:00,2026-03-03,2,51,Thursday,False,7,Sunny,57.2,10
bobby_jones,2026-03-05,07:00,2026-03-04,1,52,Thursday,False,7,Sunny,57.2,10
bobby_jones,2026-03-05,07:00,2026-03-05,0,55,Thursday,False,7,Sunny,57.2,10
bobby_jones,2026-03-05,08:00,2026-02-19,14,44,Thursday,False,8,Sunny,57.2,10
bobby_jones,2026-03-05,08:00,2026-02-23,10,48,Thursday,False,8,Sunny,57.2,10
bobby_jones,2026-03-05,08:00,2026-02-26,7,47,Thursday,False,8,Sunny,57.2,10
bobby_jones,2026-03-05,08:00,2026-02-28,5,49,Thursday,False,8,Sunny,57.2,10
bobby_jones,2026-03-05,08:00,2026-03-02,3,51,Thursday,False,8,Sunny,57.2,10
bobby_jones,2026-03-05,08:00,2026-03-03,2,53,Thursday,False,8,Sunny,57.2,10
bobby_jones,2026-03-05,08:00,2026-03-04,1,53,Thursday,False,8,Sunny,57.2,10
bobby_jones,2026-03-05,08:00,2026-03-05,0,54,Thursday,False,8,Sunny,57.2,10
bobby_jones,2026-03-05,09:00,2026-02-19,14,44,Thursday,False,9,Sunny,57.2,10
bobby_jones,2026-03-05,09:00,2026-02-23,10,47,Thursday,False,9,Sunny,57.2,10
bobby_jones,2026-03-05,09:00,2026-02-26,7,49,Thursday,False,9,Sunny,57.2,10
bobby_jones,2026-03-05,09:00,2026-02-28,5,50,Thursday,False,9,Sunny,57.2,10
bobby_jones,2026-03-05,09:00,2026-03-02,3,50,Thursday,False,9,Sunny,57.2,10
bobby_jones,2026-03-05,09:00,2026-03-03,2,53,Thursday,False,9,Sunny,57.2,10
bobby_jones,2026-03-05,09:00,2026-03-04,1,55,Thursday,False,9,Sunny,57.2,10
bobby_jones,2026-03-05,09:00,2026-03-05,0,53,Thursday,False,9,Sunny,57.2,10
bobby_jones,2026-03-05,10:00,2026-02-19,14,44,Thursday,False,10,Sunny,57.2,10
bobby_jones,2026-03-05,10:00,2026-02-23,10,44,Thursday,False,10,Sunny,57.2,10
bobby_jones,2026-03-05,10:00,2026-02-26,7,46,Thursday,False,10,Sunny,57.2,10
bobby_jones,2026-03-05,10:00,2026-02-28,5,48,Thursday,False,10,Sunny,57.2,10
bobby_jones,2026-03-05,10:00,2026-03-02,3,46,Thursday,False,10,Sunny,57.2,10
bobby_jones,2026-03-05,10:00,2026-03-03,2,52,Thursday,False,10,Sunny,57.2,10
bobby_jones,2026-03-05,10:00,2026-03-04,1,53,Thursday,False,10,Sunny,57.2,10
bobby_jones,2026-03-05,10:00,2026-03-05,0,53,Thursday,False,10,Sunny,57.2,10
bobby_jones,2026-03-05,12:00,2026-02-19,14,35,Thursday,False,12,Sunny,57.2,10
bobby_jones,2026-03-05,12:00,2026-02-23,10,40,Thursday,False,12,Sunny,57.2,10
bobby_jones,2026-03-05,12:00,2026-02-26,7,42,Thursday,False,12,Sunny,57.2,10
bobby_jones,2026-03-05,12:00,2026-02-28,5,43,Thursday,False,12,Sunny,57.2,10
bobby_jones,2026-03-05,12:00,2026-03-02,3,41,Thursday,False,12,Sunny,57.2,10
bobby_jones,2026-03-05,12:00,2026-03-03,2,46,Thursday,False,12,Sunny,57.2,10
bobby_jones,2026-03-05,12:00,2026-03-04,1,47,Thursday,False,12,Sunny,57.2,10
bobby_jones,2026-03-05,12:00,2026-03-05,0,46,Thursday,False,12,Sunny,57.2,10
bobby_jones,2026-03-05,14:00,2026-02-19,14,36,Thursday,False,14,Sunny,57.2,10
bobby_jones,2026-03-05,14:00,2026-02-23,10,40,Thursday,False,14,Sunny,57.2,10
bobby_jones,2026-03-05,14:00,2026-02-26,7,41,Thursday,False,14,Sunny,57.2,10
bobby_jones,2026-03-05,14:00,2026-02-28,5,41,Thursday,False,14,Sunny,57.2,10
bobby_jones,2026-03-05,14:00,2026-03-02,3,41,Thursday,False,14,Sunny,57.2,10
bobby_jones,2026-03-05,14:00,2026-03-03,2,46,Thursday,False,14,Sunny,57.2,10
bobby_jones,2026-03-05,14:00,2026-03-04,1,44,Thursday,False,14,Sunny,57.2,10
bobby_jones,2026-03-05,14:00,2026-03-05,0,46,Thursday,False,14,Sunny,57.2,10
bobby_jones,2026-03-05,16:00,2026-02-19,14,32,Thursday,False,16,Sunny,57.2,10
bobby_jones,2026-03-05,16:00,2026-02-23,10,31,Thursday,False,16,Sunny,57.2,10
bobby_jones,2026-03-05,16:00,2026-02-26,7,34,Thursday,False,16,Sunny,57.2,10
bobby_jones,2026-03-05,16:00,2026-02-28,5,34,Thursday,False,16,Sunny,57.2,10
bobby_jones,2026-03-05,16:00,2026-03-02,3,35,Thursday,False,16,Sunny,57.2,10
bobby_jones,2026-03-05,16:00,2026-03-03,2,37,Thursday,False,16,Sunny,57.2,10
bobby_jones,2026-03-05,16:00,2026-03-04,1,36,Thursday,False,16,Sunny,57.2,10
bobby_jones,2026-03-05,16:00,2026-03-05,0,36,Thursday,False,16,Sunny,57.2,10
bobby_jones,2026-03-06,07:00,2026-02-20,14,42,Friday,False,7,Overcast,61.1,54
bobby_jones,2026-03-06,07:00,2026-02-24,10,48,Friday,False,7,Overcast,61.1,54
bobby_jones,2026-03-06,07:00,2026-02-27,7,47,Friday,False,7,Overcast,61.1,54
bobby_jones,2026-03-06,07:00,2026-03-01,5,50,Friday,False,7,Overcast,61.1,54
bobby_jones,2026-03-06,07:00,2026-03-03,3,50,Friday,False,7,Overcast,61.1,54
bobby_jones,2026-03-06,07:00,2026-03-04,2,51,Friday,False,7,Overcast,61.1,54
bobby_jones,2026-03-06,07:00,2026-03-05,1,54,Friday,False,7,Overcast,61.1,54
bobby_jones,2026-03-06,07:00,2026-03-06,0,55,Friday,False,7,Overcast,61.1,54
bobby_jones,2026-03-06,08:00,2026-02-20,14,44,Friday,False,8,Overcast,61.1,54
bobby_jones,2026-03-06,08:00,2026-02-24,10,47,Friday,False,8,Overcast,61.1,54
bobby_jones,2026-03-06,08:00,2026-02-27,7,47,Friday,False,8,Overcast,61.1,54
bobby_jones,2026-03-06,08:00,2026-03-01,5,51,Friday,False,8,Overcast,61.1,54
bobby_jones,2026-03-06,08:00,2026-03-03,3,52,Friday,False,8,Overcast,61.1,54
bobby_jones,2026-03-06,08:00,2026-03-04,2,54,Friday,False,8,Overcast,61.1,54
bobby_jones,2026-03-06,08:00,2026-03-05,1,52,Friday,False,8,Overcast,61.1,54
bobby_jones,2026-03-06,08:00,2026-03-06,0,54,Friday,False,8,Overcast,61.1,54
bobby_jones,2026-03-06,09:00,2026-02-20,14,46,Friday,False,9,Overcast,61.1,54
bobby_jones,2026-03-06,09:00,2026-02-24,10,48,Friday,False,9,Overcast,61.1,54
bobby_jones,2026-03-06,09:00,2026-02-27,7,50,Friday,False,9,Overcast,61.1,54
bobby_jones,2026-03-06,09:00,2026-03-01,5,48,Friday,False,9,Overcast,61.1,54
bobby_jones,2026-03-06,09:00,2026-03-03,3,49,Friday,False,9,Overcast,61.1,54
bobby_jones,2026-03-06,09:00,2026-03-04,2,53,Friday,False,9,Overcast,61.1,54
bobby_jones,2026-03-06,09:00,2026-03-05,1,53,Friday,False,9,Overcast,61.1,54
bobby_jones,2026-03-06,09:00,2026-03-06,0,54,Friday,False,9,Overcast,61.1,54
bobby_jones,2026-03-06,10:00,2026-02-20,14,42,Friday,False,10,Overcast,61.1,54
bobby_jones,2026-03-06,10:00,2026-02-24,10,45,Friday,False,10,Overcast,61.1,54
bobby_jones,2026-03-06,10:00,2026-02-27,7,45,Friday,False,10,Overcast,61.1,54
bobby_jones,2026-03-06,10:00,2026-03-01,5,45,Friday,False,10,Overcast,61.1,54
bobby_jones,2026-03-06,10:00,2026-03-03,3,47,Friday,False,10,Overcast,61.1,54
bobby_jones,2026-03-06,10:00,2026-03-04,2,51,Friday,False,10,Overcast,61.1,54
bobby_jones,2026-03-06,10:00,2026-03-05,1,54,Friday,False,10,Overcast,61.1,54
bobby_jones,2026-03-06,10:00,2026-03-06,0,50,Friday,False,10,Overcast,61.1,54
bobby_jones,2026-03-06,12:00,2026-02-20,14,37,Friday,False,12,Overcast,61.1,54
bobby_jones,2026-03-06,12:00,2026-02-24,10,41,Friday,False,12,Overcast,61.1,54
bobby_jones,2026-03-06,12:00,2026-02-27,7,39,Friday,False,12,Overcast,61.1,54
bobby_jones,2026-03-06,12:00,2026-03-01,5,42,Friday,False,12,Overcast,61.1,54
bobby_jones,2026-03-06,12:00,2026-03-03,3,44,Friday,False,12,Overcast,61.1,54
bobby_jones,2026-03-06,12:00,2026-03-04,2,43,Friday,False,12,Overcast,61.1,54
bobby_jones,2026-03-06,12:00,2026-03-05,1,44,Friday,False,12,Overcast,61.1,54
bobby_jones,2026-03-06,12:00,2026-03-06,0,45,Friday,False,12,Overcast,61.1,54
bobby_jones,2026-03-06,14:00,2026-02-20,14,36,Friday,False,14,Overcast,61.1,54
bobby_jones,2026-03-06,14:00,2026-02-24,10,40,Friday,False,14,Overcast,61.1,54
bobby_jones,2026-03-06,14:00,2026-02-27,7,39,Friday,False,14,Overcast,61.1,54
bobby_jones,2026-03-06,14:00,2026-03-01,5,40,Friday,False,14,Overcast,61.1,54
bobby_jones,2026-03-06,14:00,2026-03-03,3,42,Friday,False,14,Overcast,61.1,54
bobby_jones,2026-03-06,14:00,2026-03-04,2,45,Friday,False,14,Overcast,61.1,54
bobby_jones,2026-03-06,14:00,2026-03-05,1,44,Friday,False,14,Overcast,61.1,54
bobby_jones,2026-03-06,14:00,2026-03-06,0,45,Friday,False,14,Overcast,61.1,54
bobby_jones,2026-03-06,16:00,2026-02-20,14,31,Friday,False,16,Overcast,61.1,54
bobby_jones,2026-03-06,16:00,2026-02-24,10,32,Friday,False,16,Overcast,61.1,54
bobby_jones,2026-03-06,16:00,2026-02-27,7,33,Friday,False,16,Overcast,61.1,54
bobby_jones,2026-03-06,16:00,2026-03-01,5,34,Friday,False,16,Overcast,61.1,54
bobby_jones,2026-03-06,16:00,2026-03-03,3,35,Friday,False,16,Overcast,61.1,54
bobby_jones,2026-03-06,16:00,2026-03-04,2,36,Friday,False,16,Overcast,61.1,54
bobby_jones,2026-03-06,16:00,2026-03-05,1,38,Friday,False,16,Overcast,61.1,54
bobby_jones,2026-03-06,16:00,2026-03-06,0,36,Friday,False,16,Overcast,61.1,54
bobby_jones,2026-03-07,07:00,2026-02-21,14,61,Saturday,True,7,Sunny,65.9,4
bobby_jones,2026-03-07,07:00,2026-02-25,10,64,Saturday,True,7,Sunny,65.9,4
bobby_jones,2026-03-07,07:00,2026-02-28,7,67,Saturday,True,7,Sunny,65.9,4
bobby_jones,2026-03-07,07:00,2026-03-02,5,70,Saturday,True,7,Sunny,65.9,4
bobby_jones,2026-03-07,07:00,2026-03-04,3,69,Saturday,True,7,Sunny,65.9,4
bobby_jones,2026-03-07,07:00,2026-03-05,2,75,Saturday,True,7,Sunny,65.9,4
bobby_jones,2026-03-07,07:00,2026-03-06,1,76,Saturday,True,7,Sunny,65.9,4
bobby_jones,2026-03-07,07:00,2026-03-07,0,74,Saturday,True,7,Sunny,65.9,4
bobby_jones,2026-03-07,08:00,2026-02-21,14,62,Saturday,True,8,Sunny,65.9,4
bobby_jones,2026-03-07,08:00,2026-02-25,10,66,Saturday,True,8,Sunny,65.9,4
bobby_jones,2026-03-07,08:00,2026-02-28,7,66,Saturday,True,8,Sunny,65.9,4
bobby_jones,2026-03-07,08:00,2026-03-02,5,69,Saturday,True,8,Sunny,65.9,4
bobby_jones,2026-03-07,08:00,2026-03-04,3,73,Saturday,True,8,Sunny,65.9,4
bobby_jones,2026-03-07,08:00,2026-03-05,2,78,Saturday,True,8,Sunny,65.9,4
bobby_jones,2026-03-07,08:00,2026-03-06,1,75,Saturday,True,8,Sunny,65.9,4
bobby_jones,2026-03-07,08:00,2026-03-07,0,76,Saturday,True,8,Sunny,65.9,4
bobby_jones,2026-03-07,09:00,2026-02-21,14,62,Saturday,True,9,Sunny,65.9,4
bobby_jones,2026-03-07,09:00,2026-02-25,10,67,Saturday,True,9,Sunny,65.9,4
bobby_jones,2026-03-07,09:00,2026-02-28,7,69,Saturday,True,9,Sunny,65.9,4
bobby_jones,2026-03-07,09:00,2026-03-02,5,68,Saturday,True,9,Sunny,65.9,4
bobby_jones,2026-03-07,09:00,2026-03-04,3,73,Saturday,True,9,Sunny,65.9,4
bobby_jones,2026-03-07,09:00,2026-03-05,2,73,Saturday,True,9,Sunny,65.9,4
bobby_jones,2026-03-07,09:00,2026-03-06,1,73,Saturday,True,9,Sunny,65.9,4
bobby_jones,2026-03-07,09:00,2026-03-07,0,76,Saturday,True,9,Sunny,65.9,4
bobby_jones,2026-03-07,10:00,2026-02-21,14,58,Saturday,True,10,Sunny,65.9,4
bobby_jones,2026-03-07,10:00,2026-02-25,10,60,Saturday,True,10,Sunny,65.9,4
bobby_jones,2026-03-07,10:00,2026-02-28,7,62,Saturday,True,10,Sunny,65.9,4
bobby_jones,2026-03-07,10:00,2026-03-02,5,64,Saturday,True,10,Sunny,65.9,4
bobby_jones,2026-03-07,10:00,2026-03-04,3,66,Saturday,True,10,Sunny,65.9,4
bobby_jones,2026-03-07,10:00,2026-03-05,2,68,Saturday,True,10,Sunny,65.9,4
bobby_jones,2026-03-07,10:00,2026-03-06,1,69,Saturday,True,10,Sunny,65.9,4
bobby_jones,2026-03-07,10:00,2026-03-07,0,69,Saturday,True,10,Sunny,65.9,4
bobby_jones,2026-03-07,12:00,2026-02-21,14,50,Saturday,True,12,Sunny,65.9,4
bobby_jones,2026-03-07,12:00,2026-02-25,10,52,Saturday,True,12,Sunny,65.9,4
bobby_jones,2026-03-07,12:00,2026-02-28,7,54,Saturday,True,12,Sunny,65.9,4
bobby_jones,2026-03-07,12:00,2026-03-02,5,55,Saturday,True,12,Sunny,65.9,4
bobby_jones,2026-03-07,12:00,2026-03-04,3,56,Saturday,True,12,Sunny,65.9,4
bobby_jones,2026-03-07,12:00,2026-03-05,2,60,Saturday,True,12,Sunny,65.9,4
bobby_jones,2026-03-07,12:00,2026-03-06,1,55,Saturday,True,12,Sunny,65.9,4
bobby_jones,2026-03-07,12:00,2026-03-07,0,61,Saturday,True,12,Sunny,65.9,4
bobby_jones,2026-03-07,14:00,2026-02-21,14,51,Saturday,True,14,Sunny,65.9,4
bobby_jones,2026-03-07,14:00,2026-02-25,10,50,Saturday,True,14,Sunny,65.9,4
bobby_jones,2026-03-07,14:00,2026-02-28,7,52,Saturday,True,14,Sunny,65.9,4
bobby_jones,2026-03-07,14:00,2026-03-02,5,56,Saturday,True,14,Sunny,65.9,4
bobby_jones,2026-03-07,14:00,2026-03-04,3,54,Saturday,True,14,Sunny,65.9,4
bobby_jones,2026-03-07,14:00,2026-03-05,2,57,Saturday,True,14,Sunny,65.9,4
bobby_jones,2026-03-07,14:00,2026-03-06,1,59,Saturday,True,14,Sunny,65.9,4
bobby_jones,2026-03-07,14:00,2026-03-07,0,59,Saturday,True,14,Sunny,65.9,4
bobby_jones,2026-03-07,16:00,2026-02-21,14,42,Saturday,True,16,Sunny,65.9,4
bobby_jones,2026-03-07,16:00,2026-02-25,10,42,Saturday,True,16,Sunny,65.9,4
bobby_jones,2026-03-07,16:00,2026-02-28,7,44,Saturday,True,16,Sunny,65.9,4
bobby_jones,2026-03-07,16:00,2026-03-02,5,46,Saturday,True,16,Sunny,65.9,4
bobby_jones,2026-03-07,16:00,2026-03-04,3,48,Saturday,True,16,Sunny,65.9,4
bobby_jones,2026-03-07,16:00,2026-03-05,2,50,Saturday,True,16,Sunny,65.9,4
bobby_jones,2026-03-07,16:00,2026-03-06,1,48,Saturday,True,16,Sunny,65.9,4
bobby_jones,2026-03-07,16:00,2026-03-07,0,48,Saturday,True,16,Sunny,65.9,4
bobby_jones,2026-03-08,07:00,2026-02-22,14,61,Sunday,True,7,Sunny,66.5,11
bobby_jones,2026-03-08,07:00,2026-02-26,10,61,Sunday,True,7,Sunny,66.5,11
bobby_jones,2026-03-08,07:00,2026-03-01,7,64,Sunday,True,7,Sunny,66.5,11
bobby_jones,2026-03-08,07:00,2026-03-03,5,64,Sunday,True,7,Sunny,66.5,11
bobby_jones,2026-03-08,07:00,2026-03-05,3,69,Sunday,True,7,Sunny,66.5,11
bobby_jones,2026-03-08,07:00,2026-03-06,2,70,Sunday,True,7,Sunny,66.5,11
bobby_jones,2026-03-08,07:00,2026-03-07,1,71,Sunday,True,7,Sunny,66.5,11
bobby_jones,2026-03-08,07:00,2026-03-08,0,73,Sunday,True,7,Sunny,66.5,11
bobby_jones,2026-03-08,08:00,2026-02-22,14,60,Sunday,True,8,Sunny,66.5,11
bobby_jones,2026-03-08,08:00,2026-02-26,10,63,Sunday,True,8,Sunny,66.5,11
bobby_jones,2026-03-08,08:00,2026-03-01,7,64,Sunday,True,8,Sunny,66.5,11
bobby_jones,2026-03-08,08:00,2026-03-03,5,65,Sunday,True,8,Sunny,66.5,11
bobby_jones,2026-03-08,08:00,2026-03-05,3,64,Sunday,True,8,Sunny,66.5,11
bobby_jones,2026-03-08,08:00,2026-03-06,2,71,Sunday,True,8,Sunny,66.5,11
bobby_jones,2026-03-08,08:00,2026-03-07,1,71,Sunday,True,8,Sunny,66.5,11
bobby_jones,2026-03-08,08:00,2026-03-08,0,72,Sunday,True,8,Sunny,66.5,11
bobby_jones,2026-03-08,09:00,2026-02-22,14,59,Sunday,True,9,Sunny,66.5,11
bobby_jones,2026-03-08,09:00,2026-02-26,10,63,Sunday,True,9,Sunny,66.5,11
bobby_jones,2026-03-08,09:00,2026-03-01,7,66,Sunday,True,9,Sunny,66.5,11
bobby_jones,2026-03-08,09:00,2026-03-03,5,64,Sunday,True,9,Sunny,66.5,11
bobby_jones,2026-03-08,09:00,2026-03-05,3,67,Sunday,True,9,Sunny,66.5,11
bobby_jones,2026-03-08,09:00,2026-03-06,2,73,Sunday,True,9,Sunny,66.5,11
bobby_jones,2026-03-08,09:00,2026-03-07,1,74,Sunday,True,9,Sunny,66.5,11
bobby_jones,2026-03-08,09:00,2026-03-08,0,71,Sunday,True,9,Sunny,66.5,11
bobby_jones,2026-03-08,10:00,2026-02-22,14,56,Sunday,True,10,Sunny,66.5,11
bobby_jones,2026-03-08,10:00,2026-02-26,10,55,Sunday,True,10,Sunny,66.5,11
bobby_jones,2026-03-08,10:00,2026-03-01,7,60,Sunday,True,10,Sunny,66.5,11
bobby_jones,2026-03-08,10:00,2026-03-03,5,60,Sunday,True,10,Sunny,66.5,11
bobby_jones,2026-03-08,10:00,2026-03-05,3,64,Sunday,True,10,Sunny,66.5,11
bobby_jones,2026-03-08,10:00,2026-03-06,2,64,Sunday,True,10,Sunny,66.5,11
bobby_jones,2026-03-08,10:00,2026-03-07,1,64,Sunday,True,10,Sunny,66.5,11
bobby_jones,2026-03-08,10:00,2026-03-08,0,66,Sunday,True,10,Sunny,66.5,11
bobby_jones,2026-03-08,12:00,2026-02-22,14,45,Sunday,True,12,Sunny,66.5,11
bobby_jones,2026-03-08,12:00,2026-02-26,10,46,Sunday,True,12,Sunny,66.5,11
bobby_jones,2026-03-08,12:00,2026-03-01,7,51,Sunday,True,12,Sunny,66.5,11
bobby_jones,2026-03-08,12:00,2026-03-03,5,53,Sunday,True,12,Sunny,66.5,11
bobby_jones,2026-03-08,12:00,2026-03-05,3,54,Sunday,True,12,Sunny,66.5,11
bobby_jones,2026-03-08,12:00,2026-03-06,2,54,Sunday,True,12,Sunny,66.5,11
bobby_jones,2026-03-08,12:00,2026-03-07,1,56,Sunday,True,12,Sunny,66.5,11
bobby_jones,2026-03-08,12:00,2026-03-08,0,56,Sunday,True,12,Sunny,66.5,11
bobby_jones,2026-03-08,14:00,2026-02-22,14,47,Sunday,True,14,Sunny,66.5,11
bobby_jones,2026-03-08,14:00,2026-02-26,10,50,Sunday,True,14,Sunny,66.5,11
bobby_jones,2026-03-08,14:00,2026-03-01,7,51,Sunday,True,14,Sunny,66.5,11
bobby_jones,2026-03-08,14:00,2026-03-03,5,54,Sunday,True,14,Sunny,66.5,11
bobby_jones,2026-03-08,14:00,2026-03-05,3,53,Sunday,True,14,Sunny,66.5,11
bobby_jones,2026-03-08,14:00,2026-03-06,2,55,Sunday,True,14,Sunny,66.5,11
bobby_jones,2026-03-08,14:00,2026-03-07,1,56,Sunday,True,14,Sunny,66.5,11
bobby_jones,2026-03-08,14:00,2026-03-08,0,55,Sunday,True,14,Sunny,66.5,11
bobby_jones,2026-03-08,16:00,2026-02-22,14,38,Sunday,True,16,Sunny,66.5,11
bobby_jones,2026-03-08,16:00,2026-02-26,10,40,Sunday,True,16,Sunny,66.5,11
bobby_jones,2026-03-08,16:00,2026-03-01,7,42,Sunday,True,16,Sunny,66.5,11
bobby_jones,2026-03-08,16:00,2026-03-03,5,43,Sunday,True,16,Sunny,66.5,11
bobby_jones,2026-03-08,16:00,2026-03-05,3,42,Sunday,True,16,Sunny,66.5,11
bobby_jones,2026-03-08,16:00,2026-03-06,2,45,Sunday,True,16,Sunny,66.5,11
bobby_jones,2026-03-08,16:00,2026-03-07,1,48,Sunday,True,16,Sunny,66.5,11
bobby_jones,2026-03-08,16:00,2026-03-08,0,45,Sunday,True,16,Sunny,66.5,11
bobby_jones,2026-03-09,07:00,2026-02-23,14,39,Monday,False,7,Partly Cloudy,61.4,27
bobby_jones,2026-03-09,07:00,2026-02-27,10,39,Monday,False,7,Partly Cloudy,61.4,27
bobby_jones,2026-03-09,07:00,2026-03-02,7,41,Monday,False,7,Partly Cloudy,61.4,27
bobby_jones,2026-03-09,07:00,2026-03-04,5,44,Monday,False,7,Partly Cloudy,61.4,27
bobby_jones,2026-03-09,07:00,2026-03-06,3,43,Monday,False,7,Partly Cloudy,61.4,27
bobby_jones,2026-03-09,07:00,2026-03-07,2,46,Monday,False,7,Partly Cloudy,61.4,27
bobby_jones,2026-03-09,07:00,2026-03-08,1,45,Monday,False,7,Partly Cloudy,61.4,27
bobby_jones,2026-03-09,07:00,2026-03-09,0,46,Monday,False,7,Partly Cloudy,61.4,27
bobby_jones,2026-03-09,08:00,2026-02-23,14,38,Monday,False,8,Partly Cloudy,61.4,27
bobby_jones,2026-03-09,08:00,2026-02-27,10,40,Monday,False,8,Partly Cloudy,61.4,27
bobby_jones,2026-03-09,08:00,2026-03-02,7,40,Monday,False,8,Partly Cloudy,61.4,27
bobby_jones,2026-03-09,08:00,2026-03-04,5,41,Monday,False,8,Partly Cloudy,61.4,27
bobby_jones,2026-03-09,08:00,2026-03-06,3,43,Monday,False,8,Partly Cloudy,61.4,27
bobby_jones,2026-03-09,08:00,2026-03-07,2,45,Monday,False,8,Partly Cloudy,61.4,27
bobby_jones,2026-03-09,08:00,2026-03-08,1,43,Monday,False,8,Partly Cloudy,61.4,27
bobby_jones,2026-03-09,08:00,2026-03-09,0,47,Monday,False,8,Partly Cloudy,61.4,27
bobby_jones,2026-03-09,09:00,2026-02-23,14,37,Monday,False,9,Partly Cloudy,61.4,27
bobby_jones,2026-03-09,09:00,2026-02-27,10,40,Monday,False,9,Partly Cloudy,61.4,27
bobby_jones,2026-03-09,09:00,2026-03-02,7,39,Monday,False,9,Partly Cloudy,61.4,27
bobby_jones,2026-03-09,09:00,2026-03-04,5,44,Monday,False,9,Partly Cloudy,61.4,27
bobby_jones,2026-03-09,09:00,2026-03-06,3,43,Monday,False,9,Partly Cloudy,61.4,27
bobby_jones,2026-03-09,09:00,2026-03-07,2,44,Monday,False,9,Partly Cloudy,61.4,27
bobby_jones,2026-03-09,09:00,2026-03-08,1,45,Monday,False,9,Partly Cloudy,61.4,27
bobby_jones,2026-03-09,09:00,2026-03-09,0,47,Monday,False,9,Partly Cloudy,61.4,27
bobby_jones,2026-03-09,10:00,2026-02-23,14,37,Monday,False,10,Partly Cloudy,61.4,27
bobby_jones,2026-03-09,10:00,2026-02-27,10,38,Monday,False,10,Partly Cloudy,61.4,27
bobby_jones,2026-03-09,10:00,2026-03-02,7,38,Monday,False,10,Partly Cloudy,61.4,27
bobby_jones,2026-03-09,10:00,2026-03-04,5,39,Monday,False,10,Partly Cloudy,61.4,27
bobby_jones,2026-03-09,10:00,2026-03-06,3,41,Monday,False,10,Partly Cloudy,61.4,27
bobby_jones,2026-03-09,10:00,2026-03-07,2,44,Monday,False,10,Partly Cloudy,61.4,27
bobby_jones,2026-03-09,10:00,2026-03-08,1,44,Monday,False,10,Partly Cloudy,61.4,27
bobby_jones,2026-03-09,10:00,2026-03-09,0,45,Monday,False,10,Partly Cloudy,61.4,27
bobby_jones,2026-03-09,12:00,2026-02-23,14,33,Monday,False,12,Partly Cloudy,61.4,27
bobby_jones,2026-03-09,12:00,2026-02-27,10,35,Monday,False,12,Partly Cloudy,61.4,27
bobby_jones,2026-03-09,12:00,2026-03-02,7,35,Monday,False,12,Partly Cloudy,61.4,27
bobby_jones,2026-03-09,12:00,2026-03-04,5,36,Monday,False,12,Partly Cloudy,61.4,27
bobby_jones,2026-03-09,12:00,2026-03-06,3,35,Monday,False,12,Partly Cloudy,61.4,27
bobby_jones,2026-03-09,12:00,2026-03-07,2,39,Monday,False,12,Partly Cloudy,61.4,27
bobby_jones,2026-03-09,12:00,2026-03-08,1,38,Monday,False,12,Partly Cloudy,61.4,27
bobby_jones,2026-03-09,12:00,2026-03-09,0,40,Monday,False,12,Partly Cloudy,61.4,27
bobby_jones,2026-03-09,14:00,2026-02-23,14,33,Monday,False,14,Partly Cloudy,61.4,27
bobby_jones,2026-03-09,14:00,2026-02-27,10,34,Monday,False,14,Partly Cloudy,61.4,27
bobby_jones,2026-03-09,14:00,2026-03-02,7,34,Monday,False,14,Partly Cloudy,61.4,27
bobby_jones,2026-03-09,14:00,2026-03-04,5,34,Monday,False,14,Partly Cloudy,61.4,27
bobby_jones,2026-03-09,14:00,2026-03-06,3,36,Monday,False,14,Partly Cloudy,61.4,27
bobby_jones,2026-03-09,14:00,2026-03-07,2,38,Monday,False,14,Partly Cloudy,61.4,27
bobby_jones,2026-03-09,14:00,2026-03-08,1,38,Monday,False,14,Partly Cloudy,61.4,27
bobby_jones,2026-03-09,14:00,2026-03-09,0,39,Monday,False,14,Partly Cloudy,61.4,27
bobby_jones,2026-03-09,16:00,2026-02-23,14,27,Monday,False,16,Partly Cloudy,61.4,27
bobby_jones,2026-03-09,16:00,2026-02-27,10,28,Monday,False,16,Partly Cloudy,61.4,27
bobby_jones,2026-03-09,16:00,2026-03-02,7,28,Monday,False,16,Partly Cloudy,61.4,27
bobby_jones,2026-03-09,16:00,2026-03-04,5,28,Monday,False,16,Partly Cloudy,61.4,27
bobby_jones,2026-03-09,16:00,2026-03-06,3,30,Monday,False,16,Partly Cloudy,61.4,27
bobby_jones,2026-03-09,16:00,2026-03-07,2,33,Monday,False,16,Partly Cloudy,61.4,27
bobby_jones,2026-03-09,16:00,2026-03-08,1,31,Monday,False,16,Partly Cloudy,61.4,27
bobby_jones,2026-03-09,16:00,2026-03-09,0,32,Monday,False,16,Partly Cloudy,61.4,27
bobby_jones,2026-03-10,07:00,2026-02-24,14,37,Tuesday,False,7,Overcast,70.8,37
bobby_jones,2026-03-10,07:00,2026-02-28,10,38,Tuesday,False,7,Overcast,70.8,37
bobby_jones,2026-03-10,07:00,2026-03-03,7,40,Tuesday,False,7,Overcast,70.8,37
bobby_jones,2026-03-10,07:00,2026-03-05,5,42,Tuesday,False,7,Overcast,70.8,37
bobby_jones,2026-03-10,07:00,2026-03-07,3,41,Tuesday,False,7,Overcast,70.8,37
bobby_jones,2026-03-10,07:00,2026-03-08,2,45,Tuesday,False,7,Overcast,70.8,37
bobby_jones,2026-03-10,07:00,2026-03-09,1,43,Tuesday,False,7,Overcast,70.8,37
bobby_jones,2026-03-10,07:00,2026-03-10,0,46,Tuesday,False,7,Overcast,70.8,37
bobby_jones,2026-03-10,08:00,2026-02-24,14,37,Tuesday,False,8,Overcast,70.8,37
bobby_jones,2026-03-10,08:00,2026-02-28,10,39,Tuesday,False,8,Overcast,70.8,37
bobby_jones,2026-03-10,08:00,2026-03-03,7,40,Tuesday,False,8,Overcast,70.8,37
bobby_jones,2026-03-10,08:00,2026-03-05,5,43,Tuesday,False,8,Overcast,70.8,37
bobby_jones,2026-03-10,08:00,2026-03-07,3,42,Tuesday,False,8,Overcast,70.8,37
bobby_jones,2026-03-10,08:00,2026-03-08,2,42,Tuesday,False,8,Overcast,70.8,37
bobby_jones,2026-03-10,08:00,2026-03-09,1,43,Tuesday,False,8,Overcast,70.8,37
bobby_jones,2026-03-10,08:00,2026-03-10,0,44,Tuesday,False,8,Overcast,70.8,37
bobby_jones,2026-03-10,09:00,2026-02-24,14,38,Tuesday,False,9,Overcast,70.8,37
bobby_jones,2026-03-10,09:00,2026-02-28,10,39,Tuesday,False,9,Overcast,70.8,37
bobby_jones,2026-03-10,09:00,2026-03-03,7,41,Tuesday,False,9,Overcast,70.8,37
bobby_jones,2026-03-10,09:00,2026-03-05,5,39,Tuesday,False,9,Overcast,70.8,37
bobby_jones,2026-03-10,09:00,2026-03-07,3,42,Tuesday,False,9,Overcast,70.8,37
bobby_jones,2026-03-10,09:00,2026-03-08,2,42,Tuesday,False,9,Overcast,70.8,37
bobby_jones,2026-03-10,09:00,2026-03-09,1,41,Tuesday,False,9,Overcast,70.8,37
bobby_jones,2026-03-10,09:00,2026-03-10,0,44,Tuesday,False,9,Overcast,70.8,37
bobby_jones,2026-03-10,10:00,2026-02-24,14,36,Tuesday,False,10,Overcast,70.8,37
bobby_jones,2026-03-10,10:00,2026-02-28,10,35,Tuesday,False,10,Overcast,70.8,37
bobby_jones,2026-03-10,10:00,2026-03-03,7,37,Tuesday,False,10,Overcast,70.8,37
bobby_jones,2026-03-10,10:00,2026-03-05,5,39,Tuesday,False,10,Overcast,70.8,37
bobby_jones,2026-03-10,10:00,2026-03-07,3,40,Tuesday,False,10,Overcast,70.8,37
bobby_jones,2026-03-10,10:00,2026-03-08,2,43,Tuesday,False,10,Overcast,70.8,37
bobby_jones,2026-03-10,10:00,2026-03-09,1,41,Tuesday,False,10,Overcast,70.8,37
bobby_jones,2026-03-10,10:00,2026-03-10,0,42,Tuesday,False,10,Overcast,70.8,37
bobby_jones,2026-03-10,12:00,2026-02-24,14,29,Tuesday,False,12,Overcast,70.8,37
bobby_jones,2026-03-10,12:00,2026-02-28,10,31,Tuesday,False,12,Overcast,70.8,37
bobby_jones,2026-03-10,12:00,2026-03-03,7,32,Tuesday,False,12,Overcast,70.8,37
bobby_jones,2026-03-10,12:00,2026-03-05,5,32,Tuesday,False,12,Overcast,70.8,37
bobby_jones,2026-03-10,12:00,2026-03-07,3,36,Tuesday,False,12,Overcast,70.8,37
bobby_jones,2026-03-10,12:00,2026-03-08,2,36,Tuesday,False,12,Overcast,70.8,37
bobby_jones,2026-03-10,12:00,2026-03-09,1,38,Tuesday,False,12,Overcast,70.8,37
bobby_jones,2026-03-10,12:00,2026-03-10,0,36,Tuesday,False,12,Overcast,70.8,37
bobby_jones,2026-03-10,14:00,2026-02-24,14,30,Tuesday,False,14,Overcast,70.8,37
bobby_jones,2026-03-10,14:00,2026-02-28,10,31,Tuesday,False,14,Overcast,70.8,37
bobby_jones,2026-03-10,14:00,2026-03-03,7,32,Tuesday,False,14,Overcast,70.8,37
bobby_jones,2026-03-10,14:00,2026-03-05,5,34,Tuesday,False,14,Overcast,70.8,37
bobby_jones,2026-03-10,14:00,2026-03-07,3,35,Tuesday,False,14,Overcast,70.8,37
bobby_jones,2026-03-10,14:00,2026-03-08,2,37,Tuesday,False,14,Overcast,70.8,37
bobby_jones,2026-03-10,14:00,2026-03-09,1,37,Tuesday,False,14,Overcast,70.8,37
bobby_jones,2026-03-10,14:00,2026-03-10,0,38,Tuesday,False,14,Overcast,70.8,37
bobby_jones,2026-03-10,16:00,2026-02-24,14,24,Tuesday,False,16,Overcast,70.8,37
bobby_jones,2026-03-10,16:00,2026-02-28,10,26,Tuesday,False,16,Overcast,70.8,37
bobby_jones,2026-03-10,16:00,2026-03-03,7,27,Tuesday,False,16,Overcast,70.8,37
bobby_jones,2026-03-10,16:00,2026-03-05,5,30,Tuesday,False,16,Overcast,70.8,37
bobby_jones,2026-03-10,16:00,2026-03-07,3,29,Tuesday,False,16,Overcast,70.8,37
bobby_jones,2026-03-10,16:00,2026-03-08,2,30,Tuesday,False,16,Overcast,70.8,37
bobby_jones,2026-03-10,16:00,2026-03-09,1,30,Tuesday,False,16,Overcast,70.8,37
bobby_jones,2026-03-10,16:00,2026-03-10,0,30,Tuesday,False,16,Overcast,70.8,37
sugar_creek,2026-02-11,07:00,2026-02-11,0,45,Wednesday,False,7,Partly Cloudy,60.5,21
sugar_creek,2026-02-11,08:00,2026-02-11,0,46,Wednesday,False,8,Partly Cloudy,60.5,21
sugar_creek,2026-02-11,09:00,2026-02-11,0,45,Wednesday,False,9,Partly Cloudy,60.5,21
sugar_creek,2026-02-11,10:00,2026-02-11,0,42,Wednesday,False,10,Partly Cloudy,60.5,21
sugar_creek,2026-02-11,12:00,2026-02-11,0,38,Wednesday,False,12,Partly Cloudy,60.5,21
sugar_creek,2026-02-11,14:00,2026-02-11,0,37,Wednesday,False,14,Partly Cloudy,60.5,21
sugar_creek,2026-02-11,16:00,2026-02-11,0,30,Wednesday,False,16,Partly Cloudy,60.5,21
sugar_creek,2026-02-12,07:00,2026-02-11,1,45,Thursday,False,7,Partly Cloudy,65.9,16
sugar_creek,2026-02-12,07:00,2026-02-12,0,45,Thursday,False,7,Partly Cloudy,65.9,16
sugar_creek,2026-02-12,08:00,2026-02-11,1,44,Thursday,False,8,Partly Cloudy,65.9,16
sugar_creek,2026-02-12,08:00,2026-02-12,0,46,Thursday,False,8,Partly Cloudy,65.9,16
sugar_creek,2026-02-12,09:00,2026-02-11,1,47,Thursday,False,9,Partly Cloudy,65.9,16
sugar_creek,2026-02-12,09:00,2026-02-12,0,49,Thursday,False,9,Partly Cloudy,65.9,16
sugar_creek,2026-02-12,10:00,2026-02-11,1,42,Thursday,False,10,Partly Cloudy,65.9,16
sugar_creek,2026-02-12,10:00,2026-02-12,0,46,Thursday,False,10,Partly Cloudy,65.9,16
sugar_creek,2026-02-12,12:00,2026-02-11,1,37,Thursday,False,12,Partly Cloudy,65.9,16
sugar_creek,2026-02-12,12:00,2026-02-12,0,40,Thursday,False,12,Partly Cloudy,65.9,16
sugar_creek,2026-02-12,14:00,2026-02-11,1,38,Thursday,False,14,Partly Cloudy,65.9,16
sugar_creek,2026-02-12,14:00,2026-02-12,0,40,Thursday,False,14,Partly Cloudy,65.9,16
sugar_creek,2026-02-12,16:00,2026-02-11,1,30,Thursday,False,16,Partly Cloudy,65.9,16
sugar_creek,2026-02-12,16:00,2026-02-12,0,31,Thursday,False,16,Partly Cloudy,65.9,16
sugar_creek,2026-02-13,07:00,2026-02-11,2,45,Friday,False,7,Partly Cloudy,48.4,21
sugar_creek,2026-02-13,07:00,2026-02-12,1,47,Friday,False,7,Partly Cloudy,48.4,21
sugar_creek,2026-02-13,07:00,2026-02-13,0,50,Friday,False,7,Partly Cloudy,48.4,21
sugar_creek,2026-02-13,08:00,2026-02-11,2,45,Friday,False,8,Partly Cloudy,48.4,21
sugar_creek,2026-02-13,08:00,2026-02-12,1,46,Friday,False,8,Partly Cloudy,48.4,21
sugar_creek,2026-02-13,08:00,2026-02-13,0,47,Friday,False,8,Partly Cloudy,48.4,21
sugar_creek,2026-02-13,09:00,2026-02-11,2,46,Friday,False,9,Partly Cloudy,48.4,21
sugar_creek,2026-02-13,09:00,2026-02-12,1,44,Friday,False,9,Partly Cloudy,48.4,21
sugar_creek,2026-02-13,09:00,2026-02-13,0,49,Friday,False,9,Partly Cloudy,48.4,21
sugar_creek,2026-02-13,10:00,2026-02-11,2,44,Friday,False,10,Partly Cloudy,48.4,21
sugar_creek,2026-02-13,10:00,2026-02-12,1,45,Friday,False,10,Partly Cloudy,48.4,21
sugar_creek,2026-02-13,10:00,2026-02-13,0,45,Friday,False,10,Partly Cloudy,48.4,21
sugar_creek,2026-02-13,12:00,2026-02-11,2,39,Friday,False,12,Partly Cloudy,48.4,21
sugar_creek,2026-02-13,12:00,2026-02-12,1,40,Friday,False,12,Partly Cloudy,48.4,21
sugar_creek,2026-02-13,12:00,2026-02-13,0,40,Friday,False,12,Partly Cloudy,48.4,21
sugar_creek,2026-02-13,14:00,2026-02-11,2,39,Friday,False,14,Partly Cloudy,48.4,21
sugar_creek,2026-02-13,14:00,2026-02-12,1,38,Friday,False,14,Partly Cloudy,48.4,21
sugar_creek,2026-02-13,14:00,2026-02-13,0,39,Friday,False,14,Partly Cloudy,48.4,21
sugar_creek,2026-02-13,16:00,2026-02-11,2,31,Friday,False,16,Partly Cloudy,48.4,21
sugar_creek,2026-02-13,16:00,2026-02-12,1,31,Friday,False,16,Partly Cloudy,48.4,21
sugar_creek,2026-02-13,16:00,2026-02-13,0,34,Friday,False,16,Partly Cloudy,48.4,21
sugar_creek,2026-02-14,07:00,2026-02-11,3,59,Saturday,True,7,Overcast,65.3,44
sugar_creek,2026-02-14,07:00,2026-02-12,2,57,Saturday,True,7,Overcast,65.3,44
sugar_creek,2026-02-14,07:00,2026-02-13,1,60,Saturday,True,7,Overcast,65.3,44
sugar_creek,2026-02-14,07:00,2026-02-14,0,60,Saturday,True,7,Overcast,65.3,44
sugar_creek,2026-02-14,08:00,2026-02-11,3,58,Saturday,True,8,Overcast,65.3,44
sugar_creek,2026-02-14,08:00,2026-02-12,2,59,Saturday,True,8,Overcast,65.3,44
sugar_creek,2026-02-14,08:00,2026-02-13,1,59,Saturday,True,8,Overcast,65.3,44
sugar_creek,2026-02-14,08:00,2026-02-14,0,60,Saturday,True,8,Overcast,65.3,44
sugar_creek,2026-02-14,09:00,2026-02-11,3,54,Saturday,True,9,Overcast,65.3,44
sugar_creek,2026-02-14,09:00,2026-02-12,2,60,Saturday,True,9,Overcast,65.3,44
sugar_creek,2026-02-14,09:00,2026-02-13,1,60,Saturday,True,9,Overcast,65.3,44
sugar_creek,2026-02-14,09:00,2026-02-14,0,62,Saturday,True,9,Overcast,65.3,44
sugar_creek,2026-02-14,10:00,2026-02-11,3,51,Saturday,True,10,Overcast,65.3,44
sugar_creek,2026-02-14,10:00,2026-02-12,2,54,Saturday,True,10,Overcast,65.3,44
sugar_creek,2026-02-14,10:00,2026-02-13,1,55,Saturday,True,10,Overcast,65.3,44
sugar_creek,2026-02-14,10:00,2026-02-14,0,57,Saturday,True,10,Overcast,65.3,44
sugar_creek,2026-02-14,12:00,2026-02-11,3,43,Saturday,True,12,Overcast,65.3,44
sugar_creek,2026-02-14,12:00,2026-02-12,2,46,Saturday,True,12,Overcast,65.3,44
sugar_creek,2026-02-14,12:00,2026-02-13,1,45,Saturday,True,12,Overcast,65.3,44
sugar_creek,2026-02-14,12:00,2026-02-14,0,48,Saturday,True,12,Overcast,65.3,44
sugar_creek,2026-02-14,14:00,2026-02-11,3,45,Saturday,True,14,Overcast,65.3,44
sugar_creek,2026-02-14,14:00,2026-02-12,2,46,Saturday,True,14,Overcast,65.3,44
sugar_creek,2026-02-14,14:00,2026-02-13,1,46,Saturday,True,14,Overcast,65.3,44
sugar_creek,2026-02-14,14:00,2026-02-14,0,47,Saturday,True,14,Overcast,65.3,44
sugar_creek,2026-02-14,16:00,2026-02-11,3,39,Saturday,True,16,Overcast,65.3,44
sugar_creek,2026-02-14,16:00,2026-02-12,2,40,Saturday,True,16,Overcast,65.3,44
sugar_creek,2026-02-14,16:00,2026-02-13,1,39,Saturday,True,16,Overcast,65.3,44
sugar_creek,2026-02-14,16:00,2026-02-14,0,40,Saturday,True,16,Overcast,65.3,44
sugar_creek,2026-02-15,07:00,2026-02-12,3,61,Sunday,True,7,Sunny,59.9,14
sugar_creek,2026-02-15,07:00,2026-02-13,2,63,Sunday,True,7,Sunny,59.9,14
sugar_creek,2026-02-15,07:00,2026-02-14,1,62,Sunday,True,7,Sunny,59.9,14
sugar_creek,2026-02-15,07:00,2026-02-15,0,65,Sunday,True,7,Sunny,59.9,14
sugar_creek,2026-02-15,08:00,2026-02-12,3,59,Sunday,True,8,Sunny,59.9,14
sugar_creek,2026-02-15,08:00,2026-02-13,2,63,Sunday,True,8,Sunny,59.9,14
sugar_creek,2026-02-15,08:00,2026-02-14,1,64,Sunday,True,8,Sunny,59.9,14
sugar_creek,2026-02-15,08:00,2026-02-15,0,66,Sunday,True,8,Sunny,59.9,14
sugar_creek,2026-02-15,09:00,2026-02-12,3,60,Sunday,True,9,Sunny,59.9,14
sugar_creek,2026-02-15,09:00,2026-02-13,2,65,Sunday,True,9,Sunny,59.9,14
sugar_creek,2026-02-15,09:00,2026-02-14,1,64,Sunday,True,9,Sunny,59.9,14
sugar_creek,2026-02-15,09:00,2026-02-15,0,66,Sunday,True,9,Sunny,59.9,14
sugar_creek,2026-02-15,10:00,2026-02-12,3,55,Sunday,True,10,Sunny,59.9,14
sugar_creek,2026-02-15,10:00,2026-02-13,2,59,Sunday,True,10,Sunny,59.9,14
sugar_creek,2026-02-15,10:00,2026-02-14,1,58,Sunday,True,10,Sunny,59.9,14
sugar_creek,2026-02-15,10:00,2026-02-15,0,62,Sunday,True,10,Sunny,59.9,14
sugar_creek,2026-02-15,12:00,2026-02-12,3,47,Sunday,True,12,Sunny,59.9,14
sugar_creek,2026-02-15,12:00,2026-02-13,2,50,Sunday,True,12,Sunny,59.9,14
sugar_creek,2026-02-15,12:00,2026-02-14,1,51,Sunday,True,12,Sunny,59.9,14
sugar_creek,2026-02-15,12:00,2026-02-15,0,53,Sunday,True,12,Sunny,59.9,14
sugar_creek,2026-02-15,14:00,2026-02-12,3,49,Sunday,True,14,Sunny,59.9,14
sugar_creek,2026-02-15,14:00,2026-02-13,2,52,Sunday,True,14,Sunny,59.9,14
sugar_creek,2026-02-15,14:00,2026-02-14,1,51,Sunday,True,14,Sunny,59.9,14
sugar_creek,2026-02-15,14:00,2026-02-15,0,51,Sunday,True,14,Sunny,59.9,14
sugar_creek,2026-02-15,16:00,2026-02-12,3,39,Sunday,True,16,Sunny,59.9,14
sugar_creek,2026-02-15,16:00,2026-02-13,2,42,Sunday,True,16,Sunny,59.9,14
sugar_creek,2026-02-15,16:00,2026-02-14,1,43,Sunday,True,16,Sunny,59.9,14
sugar_creek,2026-02-15,16:00,2026-02-15,0,41,Sunday,True,16,Sunny,59.9,14
sugar_creek,2026-02-16,07:00,2026-02-11,5,35,Monday,False,7,Sunny,52.7,7
sugar_creek,2026-02-16,07:00,2026-02-13,3,37,Monday,False,7,Sunny,52.7,7
sugar_creek,2026-02-16,07:00,2026-02-14,2,38,Monday,False,7,Sunny,52.7,7
sugar_creek,2026-02-16,07:00,2026-02-15,1,38,Monday,False,7,Sunny,52.7,7
sugar_creek,2026-02-16,07:00,2026-02-16,0,42,Monday,False,7,Sunny,52.7,7
sugar_creek,2026-02-16,08:00,2026-02-11,5,36,Monday,False,8,Sunny,52.7,7
sugar_creek,2026-02-16,08:00,2026-02-13,3,37,Monday,False,8,Sunny,52.7,7
sugar_creek,2026-02-16,08:00,2026-02-14,2,37,Monday,False,8,Sunny,52.7,7
sugar_creek,2026-02-16,08:00,2026-02-15,1,38,Monday,False,8,Sunny,52.7,7
sugar_creek,2026-02-16,08:00,2026-02-16,0,41,Monday,False,8,Sunny,52.7,7
sugar_creek,2026-02-16,09:00,2026-02-11,5,38,Monday,False,9,Sunny,52.7,7
sugar_creek,2026-02-16,09:00,2026-02-13,3,37,Monday,False,9,Sunny,52.7,7
sugar_creek,2026-02-16,09:00,2026-02-14,2,38,Monday,False,9,Sunny,52.7,7
sugar_creek,2026-02-16,09:00,2026-02-15,1,39,Monday,False,9,Sunny,52.7,7
sugar_creek,2026-02-16,09:00,2026-02-16,0,37,Monday,False,9,Sunny,52.7,7
sugar_creek,2026-02-16,10:00,2026-02-11,5,35,Monday,False,10,Sunny,52.7,7
sugar_creek,2026-02-16,10:00,2026-02-13,3,34,Monday,False,10,Sunny,52.7,7
sugar_creek,2026-02-16,10:00,2026-02-14,2,38,Monday,False,10,Sunny,52.7,7
sugar_creek,2026-02-16,10:00,2026-02-15,1,35,Monday,False,10,Sunny,52.7,7
sugar_creek,2026-02-16,10:00,2026-02-16,0,37,Monday,False,10,Sunny,52.7,7
sugar_creek,2026-02-16,12:00,2026-02-11,5,30,Monday,False,12,Sunny,52.7,7
sugar_creek,2026-02-16,12:00,2026-02-13,3,30,Monday,False,12,Sunny,52.7,7
sugar_creek,2026-02-16,12:00,2026-02-14,2,32,Monday,False,12,Sunny,52.7,7
sugar_creek,2026-02-16,12:00,2026-02-15,1,33,Monday,False,12,Sunny,52.7,7
sugar_creek,2026-02-16,12:00,2026-02-16,0,33,Monday,False,12,Sunny,52.7,7
sugar_creek,2026-02-16,14:00,2026-02-11,5,30,Monday,False,14,Sunny,52.7,7
sugar_creek,2026-02-16,14:00,2026-02-13,3,32,Monday,False,14,Sunny,52.7,7
sugar_creek,2026-02-16,14:00,2026-02-14,2,33,Monday,False,14,Sunny,52.7,7
sugar_creek,2026-02-16,14:00,2026-02-15,1,33,Monday,False,14,Sunny,52.7,7
sugar_creek,2026-02-16,14:00,2026-02-16,0,33,Monday,False,14,Sunny,52.7,7
sugar_creek,2026-02-16,16:00,2026-02-11,5,23,Monday,False,16,Sunny,52.7,7
sugar_creek,2026-02-16,16:00,2026-02-13,3,25,Monday,False,16,Sunny,52.7,7
sugar_creek,2026-02-16,16:00,2026-02-14,2,26,Monday,False,16,Sunny,52.7,7
sugar_creek,2026-02-16,16:00,2026-02-15,1,26,Monday,False,16,Sunny,52.7,7
sugar_creek,2026-02-16,16:00,2026-02-16,0,27,Monday,False,16,Sunny,52.7,7
sugar_creek,2026-02-17,07:00,2026-02-12,5,41,Tuesday,False,7,Sunny,59.0,1
sugar_creek,2026-02-17,07:00,2026-02-14,3,43,Tuesday,False,7,Sunny,59.0,1
sugar_creek,2026-02-17,07:00,2026-02-15,2,45,Tuesday,False,7,Sunny,59.0,1
sugar_creek,2026-02-17,07:00,2026-02-16,1,45,Tuesday,False,7,Sunny,59.0,1
sugar_creek,2026-02-17,07:00,2026-02-17,0,45,Tuesday,False,7,Sunny,59.0,1
sugar_creek,2026-02-17,08:00,2026-02-12,5,41,Tuesday,False,8,Sunny,59.0,1
sugar_creek,2026-02-17,08:00,2026-02-14,3,44,Tuesday,False,8,Sunny,59.0,1
sugar_creek,2026-02-17,08:00,2026-02-15,2,43,Tuesday,False,8,Sunny,59.0,1
sugar_creek,2026-02-17,08:00,2026-02-16,1,46,Tuesday,False,8,Sunny,59.0,1
sugar_creek,2026-02-17,08:00,2026-02-17,0,44,Tuesday,False,8,Sunny,59.0,1
sugar_creek,2026-02-17,09:00,2026-02-12,5,42,Tuesday,False,9,Sunny,59.0,1
sugar_creek,2026-02-17,09:00,2026-02-14,3,43,Tuesday,False,9,Sunny,59.0,1
sugar_creek,2026-02-17,09:00,2026-02-15,2,44,Tuesday,False,9,Sunny,59.0,1
sugar_creek,2026-02-17,09:00,2026-02-16,1,47,Tuesday,False,9,Sunny,59.0,1
sugar_creek,2026-02-17,09:00,2026-02-17,0,45,Tuesday,False,9,Sunny,59.0,1
sugar_creek,2026-02-17,10:00,2026-02-12,5,38,Tuesday,False,10,Sunny,59.0,1
sugar_creek,2026-02-17,10:00,2026-02-14,3,41,Tuesday,False,10,Sunny,59.0,1
sugar_creek,2026-02-17,10:00,2026-02-15,2,42,Tuesday,False,10,Sunny,59.0,1
sugar_creek,2026-02-17,10:00,2026-02-16,1,43,Tuesday,False,10,Sunny,59.0,1
sugar_creek,2026-02-17,10:00,2026-02-17,0,44,Tuesday,False,10,Sunny,59.0,1
sugar_creek,2026-02-17,12:00,2026-02-12,5,35,Tuesday,False,12,Sunny,59.0,1
sugar_creek,2026-02-17,12:00,2026-02-14,3,36,Tuesday,False,12,Sunny,59.0,1
sugar_creek,2026-02-17,12:00,2026-02-15,2,37,Tuesday,False,12,Sunny,59.0,1
sugar_creek,2026-02-17,12:00,2026-02-16,1,39,Tuesday,False,12,Sunny,59.0,1
sugar_creek,2026-02-17,12:00,2026-02-17,0,38,Tuesday,False,12,Sunny,59.0,1
sugar_creek,2026-02-17,14:00,2026-02-12,5,34,Tuesday,False,14,Sunny,59.0,1
sugar_creek,2026-02-17,14:00,2026-02-14,3,36,Tuesday,False,14,Sunny,59.0,1
sugar_creek,2026-02-17,14:00,2026-02-15,2,36,Tuesday,False,14,Sunny,59.0,1
sugar_creek,2026-02-17,14:00,2026-02-16,1,37,Tuesday,False,14,Sunny,59.0,1
sugar_creek,2026-02-17,14:00,2026-02-17,0,38,Tuesday,False,14,Sunny,59.0,1
sugar_creek,2026-02-17,16:00,2026-02-12,5,28,Tuesday,False,16,Sunny,59.0,1
sugar_creek,2026-02-17,16:00,2026-02-14,3,31,Tuesday,False,16,Sunny,59.0,1
sugar_creek,2026-02-17,16:00,2026-02-15,2,31,Tuesday,False,16,Sunny,59.0,1
sugar_creek,2026-02-17,16:00,2026-02-16,1,31,Tuesday,False,16,Sunny,59.0,1
sugar_creek,2026-02-17,16:00,2026-02-17,0,32,Tuesday,False,16,Sunny,59.0,1
sugar_creek,2026-02-18,07:00,2026-02-11,7,39,Wednesday,False,7,Partly Cloudy,56.5,28
sugar_creek,2026-02-18,07:00,2026-02-13,5,41,Wednesday,False,7,Partly Cloudy,56.5,28
sugar_creek,2026-02-18,07:00,2026-02-15,3,42,Wednesday,False,7,Partly Cloudy,56.5,28
sugar_creek,2026-02-18,07:00,2026-02-16,2,44,Wednesday,False,7,Partly Cloudy,56.5,28
sugar_creek,2026-02-18,07:00,2026-02-17,1,44,Wednesday,False,7,Partly Cloudy,56.5,28
sugar_creek,2026-02-18,07:00,2026-02-18,0,45,Wednesday,False,7,Partly Cloudy,56.5,28
sugar_creek,2026-02-18,08:00,2026-02-11,7,40,Wednesday,False,8,Partly Cloudy,56.5,28
sugar_creek,2026-02-18,08:00,2026-02-13,5,40,Wednesday,False,8,Partly Cloudy,56.5,28
sugar_creek,2026-02-18,08:00,2026-02-15,3,42,Wednesday,False,8,Partly Cloudy,56.5,28
sugar_creek,2026-02-18,08:00,2026-02-16,2,42,Wednesday,False,8,Partly Cloudy,56.5,28
sugar_creek,2026-02-18,08:00,2026-02-17,1,45,Wednesday,False,8,Partly Cloudy,56.5,28
sugar_creek,2026-02-18,08:00,2026-02-18,0,44,Wednesday,False,8,Partly Cloudy,56.5,28
sugar_creek,2026-02-18,09:00,2026-02-11,7,39,Wednesday,False,9,Partly Cloudy,56.5,28
sugar_creek,2026-02-18,09:00,2026-02-13,5,41,Wednesday,False,9,Partly Cloudy,56.5,28
sugar_creek,2026-02-18,09:00,2026-02-15,3,42,Wednesday,False,9,Partly Cloudy,56.5,28
sugar_creek,2026-02-18,09:00,2026-02-16,2,46,Wednesday,False,9,Partly Cloudy,56.5,28
sugar_creek,2026-02-18,09:00,2026-02-17,1,44,Wednesday,False,9,Partly Cloudy,56.5,28
sugar_creek,2026-02-18,09:00,2026-02-18,0,45,Wednesday,False,9,Partly Cloudy,56.5,28
sugar_creek,2026-02-18,10:00,2026-02-11,7,38,Wednesday,False,10,Partly Cloudy,56.5,28
sugar_creek,2026-02-18,10:00,2026-02-13,5,40,Wednesday,False,10,Partly Cloudy,56.5,28
sugar_creek,2026-02-18,10:00,2026-02-15,3,42,Wednesday,False,10,Partly Cloudy,56.5,28
sugar_creek,2026-02-18,10:00,2026-02-16,2,42,Wednesday,False,10,Partly Cloudy,56.5,28
sugar_creek,2026-02-18,10:00,2026-02-17,1,42,Wednesday,False,10,Partly Cloudy,56.5,28
sugar_creek,2026-02-18,10:00,2026-02-18,0,43,Wednesday,False,10,Partly Cloudy,56.5,28
sugar_creek,2026-02-18,12:00,2026-02-11,7,33,Wednesday,False,12,Partly Cloudy,56.5,28
sugar_creek,2026-02-18,12:00,2026-02-13,5,36,Wednesday,False,12,Partly Cloudy,56.5,28
sugar_creek,2026-02-18,12:00,2026-02-15,3,34,Wednesday,False,12,Partly Cloudy,56.5,28
sugar_creek,2026-02-18,12:00,2026-02-16,2,35,Wednesday,False,12,Partly Cloudy,56.5,28
sugar_creek,2026-02-18,12:00,2026-02-17,1,37,Wednesday,False,12,Partly Cloudy,56.5,28
sugar_creek,2026-02-18,12:00,2026-02-18,0,39,Wednesday,False,12,Partly Cloudy,56.5,28
sugar_creek,2026-02-18,14:00,2026-02-11,7,33,Wednesday,False,14,Partly Cloudy,56.5,28
sugar_creek,2026-02-18,14:00,2026-02-13,5,35,Wednesday,False,14,Partly Cloudy,56.5,28
sugar_creek,2026-02-18,14:00,2026-02-15,3,36,Wednesday,False,14,Partly Cloudy,56.5,28
sugar_creek,2026-02-18,14:00,2026-02-16,2,37,Wednesday,False,14,Partly Cloudy,56.5,28
sugar_creek,2026-02-18,14:00,2026-02-17,1,37,Wednesday,False,14,Partly Cloudy,56.5,28
sugar_creek,2026-02-18,14:00,2026-02-18,0,38,Wednesday,False,14,Partly Cloudy,56.5,28
sugar_creek,2026-02-18,16:00,2026-02-11,7,26,Wednesday,False,16,Partly Cloudy,56.5,28
sugar_creek,2026-02-18,16:00,2026-02-13,5,28,Wednesday,False,16,Partly Cloudy,56.5,28
sugar_creek,2026-02-18,16:00,2026-02-15,3,27,Wednesday,False,16,Partly Cloudy,56.5,28
sugar_creek,2026-02-18,16:00,2026-02-16,2,30,Wednesday,False,16,Partly Cloudy,56.5,28
sugar_creek,2026-02-18,16:00,2026-02-17,1,30,Wednesday,False,16,Partly Cloudy,56.5,28
sugar_creek,2026-02-18,16:00,2026-02-18,0,32,Wednesday,False,16,Partly Cloudy,56.5,28
sugar_creek,2026-02-19,07:00,2026-02-12,7,44,Thursday,False,7,Sunny,59.6,1
sugar_creek,2026-02-19,07:00,2026-02-14,5,45,Thursday,False,7,Sunny,59.6,1
sugar_creek,2026-02-19,07:00,2026-02-16,3,45,Thursday,False,7,Sunny,59.6,1
sugar_creek,2026-02-19,07:00,2026-02-17,2,49,Thursday,False,7,Sunny,59.6,1
sugar_creek,2026-02-19,07:00,2026-02-18,1,46,Thursday,False,7,Sunny,59.6,1
sugar_creek,2026-02-19,07:00,2026-02-19,0,48,Thursday,False,7,Sunny,59.6,1
sugar_creek,2026-02-19,08:00,2026-02-12,7,45,Thursday,False,8,Sunny,59.6,1
sugar_creek,2026-02-19,08:00,2026-02-14,5,44,Thursday,False,8,Sunny,59.6,1
sugar_creek,2026-02-19,08:00,2026-02-16,3,43,Thursday,False,8,Sunny,59.6,1
sugar_creek,2026-02-19,08:00,2026-02-17,2,50,Thursday,False,8,Sunny,59.6,1
sugar_creek,2026-02-19,08:00,2026-02-18,1,49,Thursday,False,8,Sunny,59.6,1
sugar_creek,2026-02-19,08:00,2026-02-19,0,50,Thursday,False,8,Sunny,59.6,1
sugar_creek,2026-02-19,09:00,2026-02-12,7,43,Thursday,False,9,Sunny,59.6,1
sugar_creek,2026-02-19,09:00,2026-02-14,5,47,Thursday,False,9,Sunny,59.6,1
sugar_creek,2026-02-19,09:00,2026-02-16,3,47,Thursday,False,9,Sunny,59.6,1
sugar_creek,2026-02-19,09:00,2026-02-17,2,50,Thursday,False,9,Sunny,59.6,1
sugar_creek,2026-02-19,09:00,2026-02-18,1,49,Thursday,False,9,Sunny,59.6,1
sugar_creek,2026-02-19,09:00,2026-02-19,0,49,Thursday,False,9,Sunny,59.6,1
sugar_creek,2026-02-19,10:00,2026-02-12,7,41,Thursday,False,10,Sunny,59.6,1
sugar_creek,2026-02-19,10:00,2026-02-14,5,41,Thursday,False,10,Sunny,59.6,1
sugar_creek,2026-02-19,10:00,2026-02-16,3,44,Thursday,False,10,Sunny,59.6,1
sugar_creek,2026-02-19,10:00,2026-02-17,2,46,Thursday,False,10,Sunny,59.6,1
sugar_creek,2026-02-19,10:00,2026-02-18,1,45,Thursday,False,10,Sunny,59.6,1
sugar_creek,2026-02-19,10:00,2026-02-19,0,48,Thursday,False,10,Sunny,59.6,1
sugar_creek,2026-02-19,12:00,2026-02-12,7,36,Thursday,False,12,Sunny,59.6,1
sugar_creek,2026-02-19,12:00,2026-02-14,5,38,Thursday,False,12,Sunny,59.6,1
sugar_creek,2026-02-19,12:00,2026-02-16,3,37,Thursday,False,12,Sunny,59.6,1
sugar_creek,2026-02-19,12:00,2026-02-17,2,39,Thursday,False,12,Sunny,59.6,1
sugar_creek,2026-02-19,12:00,2026-02-18,1,40,Thursday,False,12,Sunny,59.6,1
sugar_creek,2026-02-19,12:00,2026-02-19,0,42,Thursday,False,12,Sunny,59.6,1
sugar_creek,2026-02-19,14:00,2026-02-12,7,35,Thursday,False,14,Sunny,59.6,1
sugar_creek,2026-02-19,14:00,2026-02-14,5,38,Thursday,False,14,Sunny,59.6,1
sugar_creek,2026-02-19,14:00,2026-02-16,3,37,Thursday,False,14,Sunny,59.6,1
sugar_creek,2026-02-19,14:00,2026-02-17,2,40,Thursday,False,14,Sunny,59.6,1
sugar_creek,2026-02-19,14:00,2026-02-18,1,39,Thursday,False,14,Sunny,59.6,1
sugar_creek,2026-02-19,14:00,2026-02-19,0,39,Thursday,False,14,Sunny,59.6,1
sugar_creek,2026-02-19,16:00,2026-02-12,7,30,Thursday,False,16,Sunny,59.6,1
sugar_creek,2026-02-19,16:00,2026-02-14,5,31,Thursday,False,16,Sunny,59.6,1
sugar_creek,2026-02-19,16:00,2026-02-16,3,30,Thursday,False,16,Sunny,59.6,1
sugar_creek,2026-02-19,16:00,2026-02-17,2,32,Thursday,False,16,Sunny,59.6,1
sugar_creek,2026-02-19,16:00,2026-02-18,1,33,Thursday,False,16,Sunny,59.6,1
sugar_creek,2026-02-19,16:00,2026-02-19,0,34,Thursday,False,16,Sunny,59.6,1
sugar_creek,2026-02-20,07:00,2026-02-13,7,42,Friday,False,7,Partly Cloudy,53.8,23
sugar_creek,2026-02-20,07:00,2026-02-15,5,43,Friday,False,7,Partly Cloudy,53.8,23
sugar_creek,2026-02-20,07:00,2026-02-17,3,43,Friday,False,7,Partly Cloudy,53.8,23
sugar_creek,2026-02-20,07:00,2026-02-18,2,46,Friday,False,7,Partly Cloudy,53.8,23
sugar_creek,2026-02-20,07:00,2026-02-19,1,46,Friday,False,7,Partly Cloudy,53.8,23
sugar_creek,2026-02-20,07:00,2026-02-20,0,47,Friday,False,7,Partly Cloudy,53.8,23
sugar_creek,2026-02-20,08:00,2026-02-13,7,41,Friday,False,8,Partly Cloudy,53.8,23
sugar_creek,2026-02-20,08:00,2026-02-15,5,43,Friday,False,8,Partly Cloudy,53.8,23
sugar_creek,2026-02-20,08:00,2026-02-17,3,43,Friday,False,8,Partly Cloudy,53.8,23
sugar_creek,2026-02-20,08:00,2026-02-18,2,45,Friday,False,8,Partly Cloudy,53.8,23
sugar_creek,2026-02-20,08:00,2026-02-19,1,47,Friday,False,8,Partly Cloudy,53.8,23
sugar_creek,2026-02-20,08:00,2026-02-20,0,49,Friday,False,8,Partly Cloudy,53.8,23
sugar_creek,2026-02-20,09:00,2026-02-13,7,42,Friday,False,9,Partly Cloudy,53.8,23
sugar_creek,2026-02-20,09:00,2026-02-15,5,43,Friday,False,9,Partly Cloudy,53.8,23
sugar_creek,2026-02-20,09:00,2026-02-17,3,43,Friday,False,9,Partly Cloudy,53.8,23
sugar_creek,2026-02-20,09:00,2026-02-18,2,47,Friday,False,9,Partly Cloudy,53.8,23
sugar_creek,2026-02-20,09:00,2026-02-19,1,48,Friday,False,9,Partly Cloudy,53.8,23
sugar_creek,2026-02-20,09:00,2026-02-20,0,47,Friday,False,9,Partly Cloudy,53.8,23
sugar_creek,2026-02-20,10:00,2026-02-13,7,39,Friday,False,10,Partly Cloudy,53.8,23
sugar_creek,2026-02-20,10:00,2026-02-15,5,41,Friday,False,10,Partly Cloudy,53.8,23
sugar_creek,2026-02-20,10:00,2026-02-17,3,42,Friday,False,10,Partly Cloudy,53.8,23
sugar_creek,2026-02-20,10:00,2026-02-18,2,44,Friday,False,10,Partly Cloudy,53.8,23
sugar_creek,2026-02-20,10:00,2026-02-19,1,45,Friday,False,10,Partly Cloudy,53.8,23
sugar_creek,2026-02-20,10:00,2026-02-20,0,46,Friday,False,10,Partly Cloudy,53.8,23
sugar_creek,2026-02-20,12:00,2026-02-13,7,34,Friday,False,12,Partly Cloudy,53.8,23
sugar_creek,2026-02-20,12:00,2026-02-15,5,38,Friday,False,12,Partly Cloudy,53.8,23
sugar_creek,2026-02-20,12:00,2026-02-17,3,36,Friday,False,12,Partly Cloudy,53.8,23
sugar_creek,2026-02-20,12:00,2026-02-18,2,38,Friday,False,12,Partly Cloudy,53.8,23
sugar_creek,2026-02-20,12:00,2026-02-19,1,39,Friday,False,12,Partly Cloudy,53.8,23
sugar_creek,2026-02-20,12:00,2026-02-20,0,42,Friday,False,12,Partly Cloudy,53.8,23
sugar_creek,2026-02-20,14:00,2026-02-13,7,35,Friday,False,14,Partly Cloudy,53.8,23
sugar_creek,2026-02-20,14:00,2026-02-15,5,35,Friday,False,14,Partly Cloudy,53.8,23
sugar_creek,2026-02-20,14:00,2026-02-17,3,37,Friday,False,14,Partly Cloudy,53.8,23
sugar_creek,2026-02-20,14:00,2026-02-18,2,39,Friday,False,14,Partly Cloudy,53.8,23
sugar_creek,2026-02-20,14:00,2026-02-19,1,39,Friday,False,14,Partly Cloudy,53.8,23
sugar_creek,2026-02-20,14:00,2026-02-20,0,40,Friday,False,14,Partly Cloudy,53.8,23
sugar_creek,2026-02-20,16:00,2026-02-13,7,28,Friday,False,16,Partly Cloudy,53.8,23
sugar_creek,2026-02-20,16:00,2026-02-15,5,31,Friday,False,16,Partly Cloudy,53.8,23
sugar_creek,2026-02-20,16:00,2026-02-17,3,28,Friday,False,16,Partly Cloudy,53.8,23
sugar_creek,2026-02-20,16:00,2026-02-18,2,33,Friday,False,16,Partly Cloudy,53.8,23
sugar_creek,2026-02-20,16:00,2026-02-19,1,32,Friday,False,16,Partly Cloudy,53.8,23
sugar_creek,2026-02-20,16:00,2026-02-20,0,32,Friday,False,16,Partly Cloudy,53.8,23
sugar_creek,2026-02-21,07:00,2026-02-11,10,49,Saturday,True,7,Overcast,52.0,60
sugar_creek,2026-02-21,07:00,2026-02-14,7,47,Saturday,True,7,Overcast,52.0,60
sugar_creek,2026-02-21,07:00,2026-02-16,5,51,Saturday,True,7,Overcast,52.0,60
sugar_creek,2026-02-21,07:00,2026-02-18,3,48,Saturday,True,7,Overcast,52.0,60
sugar_creek,2026-02-21,07:00,2026-02-19,2,52,Saturday,True,7,Overcast,52.0,60
sugar_creek,2026-02-21,07:00,2026-02-20,1,52,Saturday,True,7,Overcast,52.0,60
sugar_creek,2026-02-21,07:00,2026-02-21,0,54,Saturday,True,7,Overcast,52.0,60
sugar_creek,2026-02-21,08:00,2026-02-11,10,47,Saturday,True,8,Overcast,52.0,60
sugar_creek,2026-02-21,08:00,2026-02-14,7,47,Saturday,True,8,Overcast,52.0,60
sugar_creek,2026-02-21,08:00,2026-02-16,5,47,Saturday,True,8,Overcast,52.0,60
sugar_creek,2026-02-21,08:00,2026-02-18,3,51,Saturday,True,8,Overcast,52.0,60
sugar_creek,2026-02-21,08:00,2026-02-19,2,53,Saturday,True,8,Overcast,52.0,60
sugar_creek,2026-02-21,08:00,2026-02-20,1,54,Saturday,True,8,Overcast,52.0,60
sugar_creek,2026-02-21,08:00,2026-02-21,0,55,Saturday,True,8,Overcast,52.0,60
sugar_creek,2026-02-21,09:00,2026-02-11,10,48,Saturday,True,9,Overcast,52.0,60
sugar_creek,2026-02-21,09:00,2026-02-14,7,48,Saturday,True,9,Overcast,52.0,60
sugar_creek,2026-02-21,09:00,2026-02-16,5,51,Saturday,True,9,Overcast,52.0,60
sugar_creek,2026-02-21,09:00,2026-02-18,3,50,Saturday,True,9,Overcast,52.0,60
sugar_creek,2026-02-21,09:00,2026-02-19,2,52,Saturday,True,9,Overcast,52.0,60
sugar_creek,2026-02-21,09:00,2026-02-20,1,55,Saturday,True,9,Overcast,52.0,60
sugar_creek,2026-02-21,09:00,2026-02-21,0,57,Saturday,True,9,Overcast,52.0,60
sugar_creek,2026-02-21,10:00,2026-02-11,10,43,Saturday,True,10,Overcast,52.0,60
sugar_creek,2026-02-21,10:00,2026-02-14,7,43,Saturday,True,10,Overcast,52.0,60
sugar_creek,2026-02-21,10:00,2026-02-16,5,44,Saturday,True,10,Overcast,52.0,60
sugar_creek,2026-02-21,10:00,2026-02-18,3,48,Saturday,True,10,Overcast,52.0,60
sugar_creek,2026-02-21,10:00,2026-02-19,2,50,Saturday,True,10,Overcast,52.0,60
sugar_creek,2026-02-21,10:00,2026-02-20,1,49,Saturday,True,10,Overcast,52.0,60
sugar_creek,2026-02-21,10:00,2026-02-21,0,53,Saturday,True,10,Overcast,52.0,60
sugar_creek,2026-02-21,12:00,2026-02-11,10,37,Saturday,True,12,Overcast,52.0,60
sugar_creek,2026-02-21,12:00,2026-02-14,7,37,Saturday,True,12,Overcast,52.0,60
sugar_creek,2026-02-21,12:00,2026-02-16,5,39,Saturday,True,12,Overcast,52.0,60
sugar_creek,2026-02-21,12:00,2026-02-18,3,40,Saturday,True,12,Overcast,52.0,60
sugar_creek,2026-02-21,12:00,2026-02-19,2,42,Saturday,True,12,Overcast,52.0,60
sugar_creek,2026-02-21,12:00,2026-02-20,1,43,Saturday,True,12,Overcast,52.0,60
sugar_creek,2026-02-21,12:00,2026-02-21,0,42,Saturday,True,12,Overcast,52.0,60
sugar_creek,2026-02-21,14:00,2026-02-11,10,35,Saturday,True,14,Overcast,52.0,60
sugar_creek,2026-02-21,14:00,2026-02-14,7,38,Saturday,True,14,Overcast,52.0,60
sugar_creek,2026-02-21,14:00,2026-02-16,5,38,Saturday,True,14,Overcast,52.0,60
sugar_creek,2026-02-21,14:00,2026-02-18,3,42,Saturday,True,14,Overcast,52.0,60
sugar_creek,2026-02-21,14:00,2026-02-19,2,43,Saturday,True,14,Overcast,52.0,60
sugar_creek,2026-02-21,14:00,2026-02-20,1,41,Saturday,True,14,Overcast,52.0,60
sugar_creek,2026-02-21,14:00,2026-02-21,0,44,Saturday,True,14,Overcast,52.0,60
sugar_creek,2026-02-21,16:00,2026-02-11,10,31,Saturday,True,16,Overcast,52.0,60
sugar_creek,2026-02-21,16:00,2026-02-14,7,32,Saturday,True,16,Overcast,52.0,60
sugar_creek,2026-02-21,16:00,2026-02-16,5,32,Saturday,True,16,Overcast,52.0,60
sugar_creek,2026-02-21,16:00,2026-02-18,3,33,Saturday,True,16,Overcast,52.0,60
sugar_creek,2026-02-21,16:00,2026-02-19,2,33,Saturday,True,16,Overcast,52.0,60
sugar_creek,2026-02-21,16:00,2026-02-20,1,36,Saturday,True,16,Overcast,52.0,60
sugar_creek,2026-02-21,16:00,2026-02-21,0,33,Saturday,True,16,Overcast,52.0,60
sugar_creek,2026-02-22,07:00,2026-02-12,10,55,Sunday,True,7,Sunny,59.8,6
sugar_creek,2026-02-22,07:00,2026-02-15,7,56,Sunday,True,7,Sunny,59.8,6
sugar_creek,2026-02-22,07:00,2026-02-17,5,59,Sunday,True,7,Sunny,59.8,6
sugar_creek,2026-02-22,07:00,2026-02-19,3,61,Sunday,True,7,Sunny,59.8,6
sugar_creek,2026-02-22,07:00,2026-02-20,2,62,Sunday,True,7,Sunny,59.8,6
sugar_creek,2026-02-22,07:00,2026-02-21,1,60,Sunday,True,7,Sunny,59.8,6
sugar_creek,2026-02-22,07:00,2026-02-22,0,66,Sunday,True,7,Sunny,59.8,6
sugar_creek,2026-02-22,08:00,2026-02-12,10,59,Sunday,True,8,Sunny,59.8,6
sugar_creek,2026-02-22,08:00,2026-02-15,7,57,Sunday,True,8,Sunny,59.8,6
sugar_creek,2026-02-22,08:00,2026-02-17,5,61,Sunday,True,8,Sunny,59.8,6
sugar_creek,2026-02-22,08:00,2026-02-19,3,63,Sunday,True,8,Sunny,59.8,6
sugar_creek,2026-02-22,08:00,2026-02-20,2,61,Sunday,True,8,Sunny,59.8,6
sugar_creek,2026-02-22,08:00,2026-02-21,1,63,Sunday,True,8,Sunny,59.8,6
sugar_creek,2026-02-22,08:00,2026-02-22,0,64,Sunday,True,8,Sunny,59.8,6
sugar_creek,2026-02-22,09:00,2026-02-12,10,55,Sunday,True,9,Sunny,59.8,6
sugar_creek,2026-02-22,09:00,2026-02-15,7,60,Sunday,True,9,Sunny,59.8,6
sugar_creek,2026-02-22,09:00,2026-02-17,5,60,Sunday,True,9,Sunny,59.8,6
sugar_creek,2026-02-22,09:00,2026-02-19,3,62,Sunday,True,9,Sunny,59.8,6
sugar_creek,2026-02-22,09:00,2026-02-20,2,64,Sunday,True,9,Sunny,59.8,6
sugar_creek,2026-02-22,09:00,2026-02-21,1,62,Sunday,True,9,Sunny,59.8,6
sugar_creek,2026-02-22,09:00,2026-02-22,0,67,Sunday,True,9,Sunny,59.8,6
sugar_creek,2026-02-22,10:00,2026-02-12,10,53,Sunday,True,10,Sunny,59.8,6
sugar_creek,2026-02-22,10:00,2026-02-15,7,53,Sunday,True,10,Sunny,59.8,6
sugar_creek,2026-02-22,10:00,2026-02-17,5,55,Sunday,True,10,Sunny,59.8,6
sugar_creek,2026-02-22,10:00,2026-02-19,3,54,Sunday,True,10,Sunny,59.8,6
sugar_creek,2026-02-22,10:00,2026-02-20,2,59,Sunday,True,10,Sunny,59.8,6
sugar_creek,2026-02-22,10:00,2026-02-21,1,60,Sunday,True,10,Sunny,59.8,6
sugar_creek,2026-02-22,10:00,2026-02-22,0,61,Sunday,True,10,Sunny,59.8,6
sugar_creek,2026-02-22,12:00,2026-02-12,10,42,Sunday,True,12,Sunny,59.8,6
sugar_creek,2026-02-22,12:00,2026-02-15,7,47,Sunday,True,12,Sunny,59.8,6
sugar_creek,2026-02-22,12:00,2026-02-17,5,46,Sunday,True,12,Sunny,59.8,6
sugar_creek,2026-02-22,12:00,2026-02-19,3,48,Sunday,True,12,Sunny,59.8,6
sugar_creek,2026-02-22,12:00,2026-02-20,2,51,Sunday,True,12,Sunny,59.8,6
sugar_creek,2026-02-22,12:00,2026-02-21,1,51,Sunday,True,12,Sunny,59.8,6
sugar_creek,2026-02-22,12:00,2026-02-22,0,49,Sunday,True,12,Sunny,59.8,6
sugar_creek,2026-02-22,14:00,2026-02-12,10,44,Sunday,True,14,Sunny,59.8,6
sugar_creek,2026-02-22,14:00,2026-02-15,7,45,Sunday,True,14,Sunny,59.8,6
sugar_creek,2026-02-22,14:00,2026-02-17,5,48,Sunday,True,14,Sunny,59.8,6
sugar_creek,2026-02-22,14:00,2026-02-19,3,48,Sunday,True,14,Sunny,59.8,6
sugar_creek,2026-02-22,14:00,2026-02-20,2,52,Sunday,True,14,Sunny,59.8,6
sugar_creek,2026-02-22,14:00,2026-02-21,1,51,Sunday,True,14,Sunny,59.8,6
sugar_creek,2026-02-22,14:00,2026-02-22,0,51,Sunday,True,14,Sunny,59.8,6
sugar_creek,2026-02-22,16:00,2026-02-12,10,37,Sunday,True,16,Sunny,59.8,6
sugar_creek,2026-02-22,16:00,2026-02-15,7,39,Sunday,True,16,Sunny,59.8,6
sugar_creek,2026-02-22,16:00,2026-02-17,5,38,Sunday,True,16,Sunny,59.8,6
sugar_creek,2026-02-22,16:00,2026-02-19,3,41,Sunday,True,16,Sunny,59.8,6
sugar_creek,2026-02-22,16:00,2026-02-20,2,41,Sunday,True,16,Sunny,59.8,6
sugar_creek,2026-02-22,16:00,2026-02-21,1,41,Sunday,True,16,Sunny,59.8,6
sugar_creek,2026-02-22,16:00,2026-02-22,0,44,Sunday,True,16,Sunny,59.8,6
sugar_creek,2026-02-23,07:00,2026-02-13,10,32,Monday,False,7,Overcast,58.4,53
sugar_creek,2026-02-23,07:00,2026-02-16,7,35,Monday,False,7,Overcast,58.4,53
sugar_creek,2026-02-23,07:00,2026-02-18,5,35,Monday,False,7,Overcast,58.4,53
sugar_creek,2026-02-23,07:00,2026-02-20,3,34,Monday,False,7,Overcast,58.4,53
sugar_creek,2026-02-23,07:00,2026-02-21,2,38,Monday,False,7,Overcast,58.4,53
sugar_creek,2026-02-23,07:00,2026-02-22,1,38,Monday,False,7,Overcast,58.4,53
sugar_creek,2026-02-23,07:00,2026-02-23,0,37,Monday,False,7,Overcast,58.4,53
sugar_creek,2026-02-23,08:00,2026-02-13,10,33,Monday,False,8,Overcast,58.4,53
sugar_creek,2026-02-23,08:00,2026-02-16,7,33,Monday,False,8,Overcast,58.4,53
sugar_creek,2026-02-23,08:00,2026-02-18,5,36,Monday,False,8,Overcast,58.4,53
sugar_creek,2026-02-23,08:00,2026-02-20,3,37,Monday,False,8,Overcast,58.4,53
sugar_creek,2026-02-23,08:00,2026-02-21,2,39,Monday,False,8,Overcast,58.4,53
sugar_creek,2026-02-23,08:00,2026-02-22,1,39,Monday,False,8,Overcast,58.4,53
sugar_creek,2026-02-23,08:00,2026-02-23,0,38,Monday,False,8,Overcast,58.4,53
sugar_creek,2026-02-23,09:00,2026-02-13,10,34,Monday,False,9,Overcast,58.4,53
sugar_creek,2026-02-23,09:00,2026-02-16,7,34,Monday,False,9,Overcast,58.4,53
sugar_creek,2026-02-23,09:00,2026-02-18,5,36,Monday,False,9,Overcast,58.4,53
sugar_creek,2026-02-23,09:00,2026-02-20,3,37,Monday,False,9,Overcast,58.4,53
sugar_creek,2026-02-23,09:00,2026-02-21,2,39,Monday,False,9,Overcast,58.4,53
sugar_creek,2026-02-23,09:00,2026-02-22,1,37,Monday,False,9,Overcast,58.4,53
sugar_creek,2026-02-23,09:00,2026-02-23,0,38,Monday,False,9,Overcast,58.4,53
sugar_creek,2026-02-23,10:00,2026-02-13,10,31,Monday,False,10,Overcast,58.4,53
sugar_creek,2026-02-23,10:00,2026-02-16,7,32,Monday,False,10,Overcast,58.4,53
sugar_creek,2026-02-23,10:00,2026-02-18,5,34,Monday,False,10,Overcast,58.4,53
sugar_creek,2026-02-23,10:00,2026-02-20,3,35,Monday,False,10,Overcast,58.4,53
sugar_creek,2026-02-23,10:00,2026-02-21,2,34,Monday,False,10,Overcast,58.4,53
sugar_creek,2026-02-23,10:00,2026-02-22,1,35,Monday,False,10,Overcast,58.4,53
sugar_creek,2026-02-23,10:00,2026-02-23,0,36,Monday,False,10,Overcast,58.4,53
sugar_creek,2026-02-23,12:00,2026-02-13,10,29,Monday,False,12,Overcast,58.4,53
sugar_creek,2026-02-23,12:00,2026-02-16,7,29,Monday,False,12,Overcast,58.4,53
sugar_creek,2026-02-23,12:00,2026-02-18,5,29,Monday,False,12,Overcast,58.4,53
sugar_creek,2026-02-23,12:00,2026-02-20,3,31,Monday,False,12,Overcast,58.4,53
sugar_creek,2026-02-23,12:00,2026-02-21,2,31,Monday,False,12,Overcast,58.4,53
sugar_creek,2026-02-23,12:00,2026-02-22,1,32,Monday,False,12,Overcast,58.4,53
sugar_creek,2026-02-23,12:00,2026-02-23,0,34,Monday,False,12,Overcast,58.4,53
sugar_creek,2026-02-23,14:00,2026-02-13,10,29,Monday,False,14,Overcast,58.4,53
sugar_creek,2026-02-23,14:00,2026-02-16,7,28,Monday,False,14,Overcast,58.4,53
sugar_creek,2026-02-23,14:00,2026-02-18,5,29,Monday,False,14,Overcast,58.4,53
sugar_creek,2026-02-23,14:00,2026-02-20,3,30,Monday,False,14,Overcast,58.4,53
sugar_creek,2026-02-23,14:00,2026-02-21,2,30,Monday,False,14,Overcast,58.4,53
sugar_creek,2026-02-23,14:00,2026-02-22,1,33,Monday,False,14,Overcast,58.4,53
sugar_creek,2026-02-23,14:00,2026-02-23,0,35,Monday,False,14,Overcast,58.4,53
sugar_creek,2026-02-23,16:00,2026-02-13,10,22,Monday,False,16,Overcast,58.4,53
sugar_creek,2026-02-23,16:00,2026-02-16,7,23,Monday,False,16,Overcast,58.4,53
sugar_creek,2026-02-23,16:00,2026-02-18,5,24,Monday,False,16,Overcast,58.4,53
sugar_creek,2026-02-23,16:00,2026-02-20,3,25,Monday,False,16,Overcast,58.4,53
sugar_creek,2026-02-23,16:00,2026-02-21,2,25,Monday,False,16,Overcast,58.4,53
sugar_creek,2026-02-23,16:00,2026-02-22,1,26,Monday,False,16,Overcast,58.4,53
sugar_creek,2026-02-23,16:00,2026-02-23,0,27,Monday,False,16,Overcast,58.4,53
sugar_creek,2026-02-24,07:00,2026-02-14,10,37,Tuesday,False,7,Partly Cloudy,55.4,16
sugar_creek,2026-02-24,07:00,2026-02-17,7,39,Tuesday,False,7,Partly Cloudy,55.4,16
sugar_creek,2026-02-24,07:00,2026-02-19,5,40,Tuesday,False,7,Partly Cloudy,55.4,16
sugar_creek,2026-02-24,07:00,2026-02-21,3,39,Tuesday,False,7,Partly Cloudy,55.4,16
sugar_creek,2026-02-24,07:00,2026-02-22,2,41,Tuesday,False,7,Partly Cloudy,55.4,16
sugar_creek,2026-02-24,07:00,2026-02-23,1,42,Tuesday,False,7,Partly Cloudy,55.4,16
sugar_creek,2026-02-24,07:00,2026-02-24,0,42,Tuesday,False,7,Partly Cloudy,55.4,16
sugar_creek,2026-02-24,08:00,2026-02-14,10,36,Tuesday,False,8,Partly Cloudy,55.4,16
sugar_creek,2026-02-24,08:00,2026-02-17,7,37,Tuesday,False,8,Partly Cloudy,55.4,16
sugar_creek,2026-02-24,08:00,2026-02-19,5,40,Tuesday,False,8,Partly Cloudy,55.4,16
sugar_creek,2026-02-24,08:00,2026-02-21,3,40,Tuesday,False,8,Partly Cloudy,55.4,16
sugar_creek,2026-02-24,08:00,2026-02-22,2,43,Tuesday,False,8,Partly Cloudy,55.4,16
sugar_creek,2026-02-24,08:00,2026-02-23,1,41,Tuesday,False,8,Partly Cloudy,55.4,16
sugar_creek,2026-02-24,08:00,2026-02-24,0,41,Tuesday,False,8,Partly Cloudy,55.4,16
sugar_creek,2026-02-24,09:00,2026-02-14,10,37,Tuesday,False,9,Partly Cloudy,55.4,16
sugar_creek,2026-02-24,09:00,2026-02-17,7,40,Tuesday,False,9,Partly Cloudy,55.4,16
sugar_creek,2026-02-24,09:00,2026-02-19,5,39,Tuesday,False,9,Partly Cloudy,55.4,16
sugar_creek,2026-02-24,09:00,2026-02-21,3,39,Tuesday,False,9,Partly Cloudy,55.4,16
sugar_creek,2026-02-24,09:00,2026-02-22,2,40,Tuesday,False,9,Partly Cloudy,55.4,16
sugar_creek,2026-02-24,09:00,2026-02-23,1,43,Tuesday,False,9,Partly Cloudy,55.4,16
sugar_creek,2026-02-24,09:00,2026-02-24,0,42,Tuesday,False,9,Partly Cloudy,55.4,16
sugar_creek,2026-02-24,10:00,2026-02-14,10,36,Tuesday,False,10,Partly Cloudy,55.4,16
sugar_creek,2026-02-24,10:00,2026-02-17,7,37,Tuesday,False,10,Partly Cloudy,55.4,16
sugar_creek,2026-02-24,10:00,2026-02-19,5,37,Tuesday,False,10,Partly Cloudy,55.4,16
sugar_creek,2026-02-24,10:00,2026-02-21,3,39,Tuesday,False,10,Partly Cloudy,55.4,16
sugar_creek,2026-02-24,10:00,2026-02-22,2,39,Tuesday,False,10,Partly Cloudy,55.4,16
sugar_creek,2026-02-24,10:00,2026-02-23,1,39,Tuesday,False,10,Partly Cloudy,55.4,16
sugar_creek,2026-02-24,10:00,2026-02-24,0,40,Tuesday,False,10,Partly Cloudy,55.4,16
sugar_creek,2026-02-24,12:00,2026-02-14,10,31,Tuesday,False,12,Partly Cloudy,55.4,16
sugar_creek,2026-02-24,12:00,2026-02-17,7,33,Tuesday,False,12,Partly Cloudy,55.4,16
sugar_creek,2026-02-24,12:00,2026-02-19,5,33,Tuesday,False,12,Partly Cloudy,55.4,16
sugar_creek,2026-02-24,12:00,2026-02-21,3,32,Tuesday,False,12,Partly Cloudy,55.4,16
sugar_creek,2026-02-24,12:00,2026-02-22,2,34,Tuesday,False,12,Partly Cloudy,55.4,16
sugar_creek,2026-02-24,12:00,2026-02-23,1,34,Tuesday,False,12,Partly Cloudy,55.4,16
sugar_creek,2026-02-24,12:00,2026-02-24,0,35,Tuesday,False,12,Partly Cloudy,55.4,16
sugar_creek,2026-02-24,14:00,2026-02-14,10,31,Tuesday,False,14,Partly Cloudy,55.4,16
sugar_creek,2026-02-24,14:00,2026-02-17,7,33,Tuesday,False,14,Partly Cloudy,55.4,16
sugar_creek,2026-02-24,14:00,2026-02-19,5,34,Tuesday,False,14,Partly Cloudy,55.4,16
sugar_creek,2026-02-24,14:00,2026-02-21,3,33,Tuesday,False,14,Partly Cloudy,55.4,16
sugar_creek,2026-02-24,14:00,2026-02-22,2,35,Tuesday,False,14,Partly Cloudy,55.4,16
sugar_creek,2026-02-24,14:00,2026-02-23,1,35,Tuesday,False,14,Partly Cloudy,55.4,16
sugar_creek,2026-02-24,14:00,2026-02-24,0,37,Tuesday,False,14,Partly Cloudy,55.4,16
sugar_creek,2026-02-24,16:00,2026-02-14,10,26,Tuesday,False,16,Partly Cloudy,55.4,16
sugar_creek,2026-02-24,16:00,2026-02-17,7,26,Tuesday,False,16,Partly Cloudy,55.4,16
sugar_creek,2026-02-24,16:00,2026-02-19,5,28,Tuesday,False,16,Partly Cloudy,55.4,16
sugar_creek,2026-02-24,16:00,2026-02-21,3,29,Tuesday,False,16,Partly Cloudy,55.4,16
sugar_creek,2026-02-24,16:00,2026-02-22,2,29,Tuesday,False,16,Partly Cloudy,55.4,16
sugar_creek,2026-02-24,16:00,2026-02-23,1,29,Tuesday,False,16,Partly Cloudy,55.4,16
sugar_creek,2026-02-24,16:00,2026-02-24,0,29,Tuesday,False,16,Partly Cloudy,55.4,16
sugar_creek,2026-02-25,07:00,2026-02-11,14,37,Wednesday,False,7,Partly Cloudy,55.4,16
sugar_creek,2026-02-25,07:00,2026-02-15,10,38,Wednesday,False,7,Partly Cloudy,55.4,16
sugar_creek,2026-02-25,07:00,2026-02-18,7,41,Wednesday,False,7,Partly Cloudy,55.4,16
sugar_creek,2026-02-25,07:00,2026-02-20,5,39,Wednesday,False,7,Partly Cloudy,55.4,16
sugar_creek,2026-02-25,07:00,2026-02-22,3,41,Wednesday,False,7,Partly Cloudy,55.4,16
sugar_creek,2026-02-25,07:00,2026-02-23,2,44,Wednesday,False,7,Partly Cloudy,55.4,16
sugar_creek,2026-02-25,07:00,2026-02-24,1,45,Wednesday,False,7,Partly Cloudy,55.4,16
sugar_creek,2026-02-25,07:00,2026-02-25,0,48,Wednesday,False,7,Partly Cloudy,55.4,16
sugar_creek,2026-02-25,08:00,2026-02-11,14,36,Wednesday,False,8,Partly Cloudy,55.4,16
sugar_creek,2026-02-25,08:00,2026-02-15,10,38,Wednesday,False,8,Partly Cloudy,55.4,16
sugar_creek,2026-02-25,08:00,2026-02-18,7,37,Wednesday,False,8,Partly Cloudy,55.4,16
sugar_creek,2026-02-25,08:00,2026-02-20,5,40,Wednesday,False,8,Partly Cloudy,55.4,16
sugar_creek,2026-02-25,08:00,2026-02-22,3,40,Wednesday,False,8,Partly Cloudy,55.4,16
sugar_creek,2026-02-25,08:00,2026-02-23,2,43,Wednesday,False,8,Partly Cloudy,55.4,16
sugar_creek,2026-02-25,08:00,2026-02-24,1,44,Wednesday,False,8,Partly Cloudy,55.4,16
sugar_creek,2026-02-25,08:00,2026-02-25,0,46,Wednesday,False,8,Partly Cloudy,55.4,16
sugar_creek,2026-02-25,09:00,2026-02-11,14,36,Wednesday,False,9,Partly Cloudy,55.4,16
sugar_creek,2026-02-25,09:00,2026-02-15,10,39,Wednesday,False,9,Partly Cloudy,55.4,16
sugar_creek,2026-02-25,09:00,2026-02-18,7,40,Wednesday,False,9,Partly Cloudy,55.4,16
sugar_creek,2026-02-25,09:00,2026-02-20,5,40,Wednesday,False,9,Partly Cloudy,55.4,16
sugar_creek,2026-02-25,09:00,2026-02-22,3,40,Wednesday,False,9,Partly Cloudy,55.4,16
sugar_creek,2026-02-25,09:00,2026-02-23,2,44,Wednesday,False,9,Partly Cloudy,55.4,16
sugar_creek,2026-02-25,09:00,2026-02-24,1,46,Wednesday,False,9,Partly Cloudy,55.4,16
sugar_creek,2026-02-25,09:00,2026-02-25,0,48,Wednesday,False,9,Partly Cloudy,55.4,16
sugar_creek,2026-02-25,10:00,2026-02-11,14,36,Wednesday,False,10,Partly Cloudy,55.4,16
sugar_creek,2026-02-25,10:00,2026-02-15,10,38,Wednesday,False,10,Partly Cloudy,55.4,16
sugar_creek,2026-02-25,10:00,2026-02-18,7,38,Wednesday,False,10,Partly Cloudy,55.4,16
sugar_creek,2026-02-25,10:00,2026-02-20,5,39,Wednesday,False,10,Partly Cloudy,55.4,16
sugar_creek,2026-02-25,10:00,2026-02-22,3,40,Wednesday,False,10,Partly Cloudy,55.4,16
sugar_creek,2026-02-25,10:00,2026-02-23,2,42,Wednesday,False,10,Partly Cloudy,55.4,16
sugar_creek,2026-02-25,10:00,2026-02-24,1,42,Wednesday,False,10,Partly Cloudy,55.4,16
sugar_creek,2026-02-25,10:00,2026-02-25,0,42,Wednesday,False,10,Partly Cloudy,55.4,16
sugar_creek,2026-02-25,12:00,2026-02-11,14,31,Wednesday,False,12,Partly Cloudy,55.4,16
sugar_creek,2026-02-25,12:00,2026-02-15,10,31,Wednesday,False,12,Partly Cloudy,55.4,16
sugar_creek,2026-02-25,12:00,2026-02-18,7,34,Wednesday,False,12,Partly Cloudy,55.4,16
sugar_creek,2026-02-25,12:00,2026-02-20,5,33,Wednesday,False,12,Partly Cloudy,55.4,16
sugar_creek,2026-02-25,12:00,2026-02-22,3,35,Wednesday,False,12,Partly Cloudy,55.4,16
sugar_creek,2026-02-25,12:00,2026-02-23,2,37,Wednesday,False,12,Partly Cloudy,55.4,16
sugar_creek,2026-02-25,12:00,2026-02-24,1,37,Wednesday,False,12,Partly Cloudy,55.4,16
sugar_creek,2026-02-25,12:00,2026-02-25,0,38,Wednesday,False,12,Partly Cloudy,55.4,16
sugar_creek,2026-02-25,14:00,2026-02-11,14,31,Wednesday,False,14,Partly Cloudy,55.4,16
sugar_creek,2026-02-25,14:00,2026-02-15,10,33,Wednesday,False,14,Partly Cloudy,55.4,16
sugar_creek,2026-02-25,14:00,2026-02-18,7,33,Wednesday,False,14,Partly Cloudy,55.4,16
sugar_creek,2026-02-25,14:00,2026-02-20,5,33,Wednesday,False,14,Partly Cloudy,55.4,16
sugar_creek,2026-02-25,14:00,2026-02-22,3,35,Wednesday,False,14,Partly Cloudy,55.4,16
sugar_creek,2026-02-25,14:00,2026-02-23,2,37,Wednesday,False,14,Partly Cloudy,55.4,16
sugar_creek,2026-02-25,14:00,2026-02-24,1,38,Wednesday,False,14,Partly Cloudy,55.4,16
sugar_creek,2026-02-25,14:00,2026-02-25,0,38,Wednesday,False,14,Partly Cloudy,55.4,16
sugar_creek,2026-02-25,16:00,2026-02-11,14,24,Wednesday,False,16,Partly Cloudy,55.4,16
sugar_creek,2026-02-25,16:00,2026-02-15,10,26,Wednesday,False,16,Partly Cloudy,55.4,16
sugar_creek,2026-02-25,16:00,2026-02-18,7,28,Wednesday,False,16,Partly Cloudy,55.4,16
sugar_creek,2026-02-25,16:00,2026-02-20,5,28,Wednesday,False,16,Partly Cloudy,55.4,16
sugar_creek,2026-02-25,16:00,2026-02-22,3,28,Wednesday,False,16,Partly Cloudy,55.4,16
sugar_creek,2026-02-25,16:00,2026-02-23,2,29,Wednesday,False,16,Partly Cloudy,55.4,16
sugar_creek,2026-02-25,16:00,2026-02-24,1,29,Wednesday,False,16,Partly Cloudy,55.4,16
sugar_creek,2026-02-25,16:00,2026-02-25,0,31,Wednesday,False,16,Partly Cloudy,55.4,16
sugar_creek,2026-02-26,07:00,2026-02-12,14,35,Thursday,False,7,Sunny,54.5,2
sugar_creek,2026-02-26,07:00,2026-02-16,10,38,Thursday,False,7,Sunny,54.5,2
sugar_creek,2026-02-26,07:00,2026-02-19,7,39,Thursday,False,7,Sunny,54.5,2
sugar_creek,2026-02-26,07:00,2026-02-21,5,41,Thursday,False,7,Sunny,54.5,2
sugar_creek,2026-02-26,07:00,2026-02-23,3,42,Thursday,False,7,Sunny,54.5,2
sugar_creek,2026-02-26,07:00,2026-02-24,2,44,Thursday,False,7,Sunny,54.5,2
sugar_creek,2026-02-26,07:00,2026-02-25,1,43,Thursday,False,7,Sunny,54.5,2
sugar_creek,2026-02-26,07:00,2026-02-26,0,43,Thursday,False,7,Sunny,54.5,2
sugar_creek,2026-02-26,08:00,2026-02-12,14,36,Thursday,False,8,Sunny,54.5,2
sugar_creek,2026-02-26,08:00,2026-02-16,10,37,Thursday,False,8,Sunny,54.5,2
sugar_creek,2026-02-26,08:00,2026-02-19,7,40,Thursday,False,8,Sunny,54.5,2
sugar_creek,2026-02-26,08:00,2026-02-21,5,40,Thursday,False,8,Sunny,54.5,2
sugar_creek,2026-02-26,08:00,2026-02-23,3,41,Thursday,False,8,Sunny,54.5,2
sugar_creek,2026-02-26,08:00,2026-02-24,2,43,Thursday,False,8,Sunny,54.5,2
sugar_creek,2026-02-26,08:00,2026-02-25,1,45,Thursday,False,8,Sunny,54.5,2
sugar_creek,2026-02-26,08:00,2026-02-26,0,45,Thursday,False,8,Sunny,54.5,2
sugar_creek,2026-02-26,09:00,2026-02-12,14,35,Thursday,False,9,Sunny,54.5,2
sugar_creek,2026-02-26,09:00,2026-02-16,10,38,Thursday,False,9,Sunny,54.5,2
sugar_creek,2026-02-26,09:00,2026-02-19,7,41,Thursday,False,9,Sunny,54.5,2
sugar_creek,2026-02-26,09:00,2026-02-21,5,41,Thursday,False,9,Sunny,54.5,2
sugar_creek,2026-02-26,09:00,2026-02-23,3,39,Thursday,False,9,Sunny,54.5,2
sugar_creek,2026-02-26,09:00,2026-02-24,2,42,Thursday,False,9,Sunny,54.5,2
sugar_creek,2026-02-26,09:00,2026-02-25,1,42,Thursday,False,9,Sunny,54.5,2
sugar_creek,2026-02-26,09:00,2026-02-26,0,46,Thursday,False,9,Sunny,54.5,2
sugar_creek,2026-02-26,10:00,2026-02-12,14,36,Thursday,False,10,Sunny,54.5,2
sugar_creek,2026-02-26,10:00,2026-02-16,10,35,Thursday,False,10,Sunny,54.5,2
sugar_creek,2026-02-26,10:00,2026-02-19,7,37,Thursday,False,10,Sunny,54.5,2
sugar_creek,2026-02-26,10:00,2026-02-21,5,38,Thursday,False,10,Sunny,54.5,2
sugar_creek,2026-02-26,10:00,2026-02-23,3,39,Thursday,False,10,Sunny,54.5,2
sugar_creek,2026-02-26,10:00,2026-02-24,2,40,Thursday,False,10,Sunny,54.5,2
sugar_creek,2026-02-26,10:00,2026-02-25,1,41,Thursday,False,10,Sunny,54.5,2
sugar_creek,2026-02-26,10:00,2026-02-26,0,41,Thursday,False,10,Sunny,54.5,2
sugar_creek,2026-02-26,12:00,2026-02-12,14,31,Thursday,False,12,Sunny,54.5,2
sugar_creek,2026-02-26,12:00,2026-02-16,10,30,Thursday,False,12,Sunny,54.5,2
sugar_creek,2026-02-26,12:00,2026-02-19,7,31,Thursday,False,12,Sunny,54.5,2
sugar_creek,2026-02-26,12:00,2026-02-21,5,34,Thursday,False,12,Sunny,54.5,2
sugar_creek,2026-02-26,12:00,2026-02-23,3,33,Thursday,False,12,Sunny,54.5,2
sugar_creek,2026-02-26,12:00,2026-02-24,2,36,Thursday,False,12,Sunny,54.5,2
sugar_creek,2026-02-26,12:00,2026-02-25,1,36,Thursday,False,12,Sunny,54.5,2
sugar_creek,2026-02-26,12:00,2026-02-26,0,38,Thursday,False,12,Sunny,54.5,2
sugar_creek,2026-02-26,14:00,2026-02-12,14,30,Thursday,False,14,Sunny,54.5,2
sugar_creek,2026-02-26,14:00,2026-02-16,10,33,Thursday,False,14,Sunny,54.5,2
sugar_creek,2026-02-26,14:00,2026-02-19,7,33,Thursday,False,14,Sunny,54.5,2
sugar_creek,2026-02-26,14:00,2026-02-21,5,35,Thursday,False,14,Sunny,54.5,2
sugar_creek,2026-02-26,14:00,2026-02-23,3,35,Thursday,False,14,Sunny,54.5,2
sugar_creek,2026-02-26,14:00,2026-02-24,2,38,Thursday,False,14,Sunny,54.5,2
sugar_creek,2026-02-26,14:00,2026-02-25,1,37,Thursday,False,14,Sunny,54.5,2
sugar_creek,2026-02-26,14:00,2026-02-26,0,37,Thursday,False,14,Sunny,54.5,2
sugar_creek,2026-02-26,16:00,2026-02-12,14,25,Thursday,False,16,Sunny,54.5,2
sugar_creek,2026-02-26,16:00,2026-02-16,10,26,Thursday,False,16,Sunny,54.5,2
sugar_creek,2026-02-26,16:00,2026-02-19,7,27,Thursday,False,16,Sunny,54.5,2
sugar_creek,2026-02-26,16:00,2026-02-21,5,27,Thursday,False,16,Sunny,54.5,2
sugar_creek,2026-02-26,16:00,2026-02-23,3,28,Thursday,False,16,Sunny,54.5,2
sugar_creek,2026-02-26,16:00,2026-02-24,2,31,Thursday,False,16,Sunny,54.5,2
sugar_creek,2026-02-26,16:00,2026-02-25,1,29,Thursday,False,16,Sunny,54.5,2
sugar_creek,2026-02-26,16:00,2026-02-26,0,30,Thursday,False,16,Sunny,54.5,2
sugar_creek,2026-02-27,07:00,2026-02-13,14,45,Friday,False,7,Sunny,58.0,10
sugar_creek,2026-02-27,07:00,2026-02-17,10,47,Friday,False,7,Sunny,58.0,10
sugar_creek,2026-02-27,07:00,2026-02-20,7,49,Friday,False,7,Sunny,58.0,10
sugar_creek,2026-02-27,07:00,2026-02-22,5,50,Friday,False,7,Sunny,58.0,10
sugar_creek,2026-02-27,07:00,2026-02-24,3,52,Friday,False,7,Sunny,58.0,10
sugar_creek,2026-02-27,07:00,2026-02-25,2,56,Friday,False,7,Sunny,58.0,10
sugar_creek,2026-02-27,07:00,2026-02-26,1,56,Friday,False,7,Sunny,58.0,10
sugar_creek,2026-02-27,07:00,2026-02-27,0,55,Friday,False,7,Sunny,58.0,10
sugar_creek,2026-02-27,08:00,2026-02-13,14,46,Friday,False,8,Sunny,58.0,10
sugar_creek,2026-02-27,08:00,2026-02-17,10,46,Friday,False,8,Sunny,58.0,10
sugar_creek,2026-02-27,08:00,2026-02-20,7,48,Friday,False,8,Sunny,58.0,10
sugar_creek,2026-02-27,08:00,2026-02-22,5,49,Friday,False,8,Sunny,58.0,10
sugar_creek,2026-02-27,08:00,2026-02-24,3,51,Friday,False,8,Sunny,58.0,10
sugar_creek,2026-02-27,08:00,2026-02-25,2,53,Friday,False,8,Sunny,58.0,10
sugar_creek,2026-02-27,08:00,2026-02-26,1,52,Friday,False,8,Sunny,58.0,10
sugar_creek,2026-02-27,08:00,2026-02-27,0,55,Friday,False,8,Sunny,58.0,10
sugar_creek,2026-02-27,09:00,2026-02-13,14,43,Friday,False,9,Sunny,58.0,10
sugar_creek,2026-02-27,09:00,2026-02-17,10,49,Friday,False,9,Sunny,58.0,10
sugar_creek,2026-02-27,09:00,2026-02-20,7,48,Friday,False,9,Sunny,58.0,10
sugar_creek,2026-02-27,09:00,2026-02-22,5,52,Friday,False,9,Sunny,58.0,10
sugar_creek,2026-02-27,09:00,2026-02-24,3,51,Friday,False,9,Sunny,58.0,10
sugar_creek,2026-02-27,09:00,2026-02-25,2,52,Friday,False,9,Sunny,58.0,10
sugar_creek,2026-02-27,09:00,2026-02-26,1,56,Friday,False,9,Sunny,58.0,10
sugar_creek,2026-02-27,09:00,2026-02-27,0,56,Friday,False,9,Sunny,58.0,10
sugar_creek,2026-02-27,10:00,2026-02-13,14,45,Friday,False,10,Sunny,58.0,10
sugar_creek,2026-02-27,10:00,2026-02-17,10,45,Friday,False,10,Sunny,58.0,10
sugar_creek,2026-02-27,10:00,2026-02-20,7,46,Friday,False,10,Sunny,58.0,10
sugar_creek,2026-02-27,10:00,2026-02-22,5,49,Friday,False,10,Sunny,58.0,10
sugar_creek,2026-02-27,10:00,2026-02-24,3,50,Friday,False,10,Sunny,58.0,10
sugar_creek,2026-02-27,10:00,2026-02-25,2,52,Friday,False,10,Sunny,58.0,10
sugar_creek,2026-02-27,10:00,2026-02-26,1,56,Friday,False,10,Sunny,58.0,10
sugar_creek,2026-02-27,10:00,2026-02-27,0,53,Friday,False,10,Sunny,58.0,10
sugar_creek,2026-02-27,12:00,2026-02-13,14,37,Friday,False,12,Sunny,58.0,10
sugar_creek,2026-02-27,12:00,2026-02-17,10,39,Friday,False,12,Sunny,58.0,10
sugar_creek,2026-02-27,12:00,2026-02-20,7,41,Friday,False,12,Sunny,58.0,10
sugar_creek,2026-02-27,12:00,2026-02-22,5,44,Friday,False,12,Sunny,58.0,10
sugar_creek,2026-02-27,12:00,2026-02-24,3,43,Friday,False,12,Sunny,58.0,10
sugar_creek,2026-02-27,12:00,2026-02-25,2,47,Friday,False,12,Sunny,58.0,10
sugar_creek,2026-02-27,12:00,2026-02-26,1,46,Friday,False,12,Sunny,58.0,10
sugar_creek,2026-02-27,12:00,2026-02-27,0,48,Friday,False,12,Sunny,58.0,10
sugar_creek,2026-02-27,14:00,2026-02-13,14,38,Friday,False,14,Sunny,58.0,10
sugar_creek,2026-02-27,14:00,2026-02-17,10,40,Friday,False,14,Sunny,58.0,10
sugar_creek,2026-02-27,14:00,2026-02-20,7,42,Friday,False,14,Sunny,58.0,10
sugar_creek,2026-02-27,14:00,2026-02-22,5,42,Friday,False,14,Sunny,58.0,10
sugar_creek,2026-02-27,14:00,2026-02-24,3,43,Friday,False,14,Sunny,58.0,10
sugar_creek,2026-02-27,14:00,2026-02-25,2,46,Friday,False,14,Sunny,58.0,10
sugar_creek,2026-02-27,14:00,2026-02-26,1,48,Friday,False,14,Sunny,58.0,10
sugar_creek,2026-02-27,14:00,2026-02-27,0,45,Friday,False,14,Sunny,58.0,10
sugar_creek,2026-02-27,16:00,2026-02-13,14,30,Friday,False,16,Sunny,58.0,10
sugar_creek,2026-02-27,16:00,2026-02-17,10,32,Friday,False,16,Sunny,58.0,10
sugar_creek,2026-02-27,16:00,2026-02-20,7,34,Friday,False,16,Sunny,58.0,10
sugar_creek,2026-02-27,16:00,2026-02-22,5,35,Friday,False,16,Sunny,58.0,10
sugar_creek,2026-02-27,16:00,2026-02-24,3,34,Friday,False,16,Sunny,58.0,10
sugar_creek,2026-02-27,16:00,2026-02-25,2,37,Friday,False,16,Sunny,58.0,10
sugar_creek,2026-02-27,16:00,2026-02-26,1,35,Friday,False,16,Sunny,58.0,10
sugar_creek,2026-02-27,16:00,2026-02-27,0,39,Friday,False,16,Sunny,58.0,10
sugar_creek,2026-02-28,07:00,2026-02-14,14,56,Saturday,True,7,Sunny,60.0,5
sugar_creek,2026-02-28,07:00,2026-02-18,10,59,Saturday,True,7,Sunny,60.0,5
sugar_creek,2026-02-28,07:00,2026-02-21,7,62,Saturday,True,7,Sunny,60.0,5
sugar_creek,2026-02-28,07:00,2026-02-23,5,63,Saturday,True,7,Sunny,60.0,5
sugar_creek,2026-02-28,07:00,2026-02-25,3,63,Saturday,True,7,Sunny,60.0,5
sugar_creek,2026-02-28,07:00,2026-02-26,2,69,Saturday,True,7,Sunny,60.0,5
sugar_creek,2026-02-28,07:00,2026-02-27,1,69,Saturday,True,7,Sunny,60.0,5
sugar_creek,2026-02-28,07:00,2026-02-28,0,66,Saturday,True,7,Sunny,60.0,5
sugar_creek,2026-02-28,08:00,2026-02-14,14,56,Saturday,True,8,Sunny,60.0,5
sugar_creek,2026-02-28,08:00,2026-02-18,10,57,Saturday,True,8,Sunny,60.0,5
sugar_creek,2026-02-28,08:00,2026-02-21,7,59,Saturday,True,8,Sunny,60.0,5
sugar_creek,2026-02-28,08:00,2026-02-23,5,64,Saturday,True,8,Sunny,60.0,5
sugar_creek,2026-02-28,08:00,2026-02-25,3,63,Saturday,True,8,Sunny,60.0,5
sugar_creek,2026-02-28,08:00,2026-02-26,2,67,Saturday,True,8,Sunny,60.0,5
sugar_creek,2026-02-28,08:00,2026-02-27,1,66,Saturday,True,8,Sunny,60.0,5
sugar_creek,2026-02-28,08:00,2026-02-28,0,70,Saturday,True,8,Sunny,60.0,5
sugar_creek,2026-02-28,09:00,2026-02-14,14,57,Saturday,True,9,Sunny,60.0,5
sugar_creek,2026-02-28,09:00,2026-02-18,10,62,Saturday,True,9,Sunny,60.0,5
sugar_creek,2026-02-28,09:00,2026-02-21,7,61,Saturday,True,9,Sunny,60.0,5
sugar_creek,2026-02-28,09:00,2026-02-23,5,61,Saturday,True,9,Sunny,60.0,5
sugar_creek,2026-02-28,09:00,2026-02-25,3,63,Saturday,True,9,Sunny,60.0,5
sugar_creek,2026-02-28,09:00,2026-02-26,2,69,Saturday,True,9,Sunny,60.0,5
sugar_creek,2026-02-28,09:00,2026-02-27,1,66,Saturday,True,9,Sunny,60.0,5
sugar_creek,2026-02-28,09:00,2026-02-28,0,67,Saturday,True,9,Sunny,60.0,5
sugar_creek,2026-02-28,10:00,2026-02-14,14,51,Saturday,True,10,Sunny,60.0,5
sugar_creek,2026-02-28,10:00,2026-02-18,10,53,Saturday,True,10,Sunny,60.0,5
sugar_creek,2026-02-28,10:00,2026-02-21,7,54,Saturday,True,10,Sunny,60.0,5
sugar_creek,2026-02-28,10:00,2026-02-23,5,58,Saturday,True,10,Sunny,60.0,5
sugar_creek,2026-02-28,10:00,2026-02-25,3,58,Saturday,True,10,Sunny,60.0,5
sugar_creek,2026-02-28,10:00,2026-02-26,2,63,Saturday,True,10,Sunny,60.0,5
sugar_creek,2026-02-28,10:00,2026-02-27,1,61,Saturday,True,10,Sunny,60.0,5
sugar_creek,2026-02-28,10:00,2026-02-28,0,64,Saturday,True,10,Sunny,60.0,5
sugar_creek,2026-02-28,12:00,2026-02-14,14,44,Saturday,True,12,Sunny,60.0,5
sugar_creek,2026-02-28,12:00,2026-02-18,10,45,Saturday,True,12,Sunny,60.0,5
sugar_creek,2026-02-28,12:00,2026-02-21,7,47,Saturday,True,12,Sunny,60.0,5
sugar_creek,2026-02-28,12:00,2026-02-23,5,47,Saturday,True,12,Sunny,60.0,5
sugar_creek,2026-02-28,12:00,2026-02-25,3,52,Saturday,True,12,Sunny,60.0,5
sugar_creek,2026-02-28,12:00,2026-02-26,2,53,Saturday,True,12,Sunny,60.0,5
sugar_creek,2026-02-28,12:00,2026-02-27,1,52,Saturday,True,12,Sunny,60.0,5
sugar_creek,2026-02-28,12:00,2026-02-28,0,54,Saturday,True,12,Sunny,60.0,5
sugar_creek,2026-02-28,14:00,2026-02-14,14,41,Saturday,True,14,Sunny,60.0,5
sugar_creek,2026-02-28,14:00,2026-02-18,10,48,Saturday,True,14,Sunny,60.0,5
sugar_creek,2026-02-28,14:00,2026-02-21,7,49,Saturday,True,14,Sunny,60.0,5
sugar_creek,2026-02-28,14:00,2026-02-23,5,49,Saturday,True,14,Sunny,60.0,5
sugar_creek,2026-02-28,14:00,2026-02-25,3,51,Saturday,True,14,Sunny,60.0,5
sugar_creek,2026-02-28,14:00,2026-02-26,2,51,Saturday,True,14,Sunny,60.0,5
sugar_creek,2026-02-28,14:00,2026-02-27,1,51,Saturday,True,14,Sunny,60.0,5
sugar_creek,2026-02-28,14:00,2026-02-28,0,52,Saturday,True,14,Sunny,60.0,5
sugar_creek,2026-02-28,16:00,2026-02-14,14,37,Saturday,True,16,Sunny,60.0,5
sugar_creek,2026-02-28,16:00,2026-02-18,10,39,Saturday,True,16,Sunny,60.0,5
sugar_creek,2026-02-28,16:00,2026-02-21,7,39,Saturday,True,16,Sunny,60.0,5
sugar_creek,2026-02-28,16:00,2026-02-23,5,41,Saturday,True,16,Sunny,60.0,5
sugar_creek,2026-02-28,16:00,2026-02-25,3,43,Saturday,True,16,Sunny,60.0,5
sugar_creek,2026-02-28,16:00,2026-02-26,2,42,Saturday,True,16,Sunny,60.0,5
sugar_creek,2026-02-28,16:00,2026-02-27,1,46,Saturday,True,16,Sunny,60.0,5
sugar_creek,2026-02-28,16:00,2026-02-28,0,46,Saturday,True,16,Sunny,60.0,5
sugar_creek,2026-03-01,07:00,2026-02-15,14,63,Sunday,True,7,Sunny,64.9,0
sugar_creek,2026-03-01,07:00,2026-02-19,10,66,Sunday,True,7,Sunny,64.9,0
sugar_creek,2026-03-01,07:00,2026-02-22,7,69,Sunday,True,7,Sunny,64.9,0
sugar_creek,2026-03-01,07:00,2026-02-24,5,70,Sunday,True,7,Sunny,64.9,0
sugar_creek,2026-03-01,07:00,2026-02-26,3,73,Sunday,True,7,Sunny,64.9,0
sugar_creek,2026-03-01,07:00,2026-02-27,2,73,Sunday,True,7,Sunny,64.9,0
sugar_creek,2026-03-01,07:00,2026-02-28,1,75,Sunday,True,7,Sunny,64.9,0
sugar_creek,2026-03-01,07:00,2026-03-01,0,79,Sunday,True,7,Sunny,64.9,0
sugar_creek,2026-03-01,08:00,2026-02-15,14,58,Sunday,True,8,Sunny,64.9,0
sugar_creek,2026-03-01,08:00,2026-02-19,10,66,Sunday,True,8,Sunny,64.9,0
sugar_creek,2026-03-01,08:00,2026-02-22,7,68,Sunday,True,8,Sunny,64.9,0
sugar_creek,2026-03-01,08:00,2026-02-24,5,66,Sunday,True,8,Sunny,64.9,0
sugar_creek,2026-03-01,08:00,2026-02-26,3,71,Sunday,True,8,Sunny,64.9,0
sugar_creek,2026-03-01,08:00,2026-02-27,2,73,Sunday,True,8,Sunny,64.9,0
sugar_creek,2026-03-01,08:00,2026-02-28,1,75,Sunday,True,8,Sunny,64.9,0
sugar_creek,2026-03-01,08:00,2026-03-01,0,76,Sunday,True,8,Sunny,64.9,0
sugar_creek,2026-03-01,09:00,2026-02-15,14,61,Sunday,True,9,Sunny,64.9,0
sugar_creek,2026-03-01,09:00,2026-02-19,10,67,Sunday,True,9,Sunny,64.9,0
sugar_creek,2026-03-01,09:00,2026-02-22,7,66,Sunday,True,9,Sunny,64.9,0
sugar_creek,2026-03-01,09:00,2026-02-24,5,70,Sunday,True,9,Sunny,64.9,0
sugar_creek,2026-03-01,09:00,2026-02-26,3,73,Sunday,True,9,Sunny,64.9,0
sugar_creek,2026-03-01,09:00,2026-02-27,2,72,Sunday,True,9,Sunny,64.9,0
sugar_creek,2026-03-01,09:00,2026-02-28,1,74,Sunday,True,9,Sunny,64.9,0
sugar_creek,2026-03-01,09:00,2026-03-01,0,75,Sunday,True,9,Sunny,64.9,0
sugar_creek,2026-03-01,10:00,2026-02-15,14,56,Sunday,True,10,Sunny,64.9,0
sugar_creek,2026-03-01,10:00,2026-02-19,10,62,Sunday,True,10,Sunny,64.9,0
sugar_creek,2026-03-01,10:00,2026-02-22,7,62,Sunday,True,10,Sunny,64.9,0
sugar_creek,2026-03-01,10:00,2026-02-24,5,64,Sunday,True,10,Sunny,64.9,0
sugar_creek,2026-03-01,10:00,2026-02-26,3,65,Sunday,True,10,Sunny,64.9,0
sugar_creek,2026-03-01,10:00,2026-02-27,2,68,Sunday,True,10,Sunny,64.9,0
sugar_creek,2026-03-01,10:00,2026-02-28,1,65,Sunday,True,10,Sunny,64.9,0
sugar_creek,2026-03-01,10:00,2026-03-01,0,74,Sunday,True,10,Sunny,64.9,0
sugar_creek,2026-03-01,12:00,2026-02-15,14,47,Sunday,True,12,Sunny,64.9,0
sugar_creek,2026-03-01,12:00,2026-02-19,10,53,Sunday,True,12,Sunny,64.9,0
sugar_creek,2026-03-01,12:00,2026-02-22,7,53,Sunday,True,12,Sunny,64.9,0
sugar_creek,2026-03-01,12:00,2026-02-24,5,54,Sunday,True,12,Sunny,64.9,0
sugar_creek,2026-03-01,12:00,2026-02-26,3,55,Sunday,True,12,Sunny,64.9,0
sugar_creek,2026-03-01,12:00,2026-02-27,2,62,Sunday,True,12,Sunny,64.9,0
sugar_creek,2026-03-01,12:00,2026-02-28,1,59,Sunday,True,12,Sunny,64.9,0
sugar_creek,2026-03-01,12:00,2026-03-01,0,60,Sunday,True,12,Sunny,64.9,0
sugar_creek,2026-03-01,14:00,2026-02-15,14,48,Sunday,True,14,Sunny,64.9,0
sugar_creek,2026-03-01,14:00,2026-02-19,10,50,Sunday,True,14,Sunny,64.9,0
sugar_creek,2026-03-01,14:00,2026-02-22,7,53,Sunday,True,14,Sunny,64.9,0
sugar_creek,2026-03-01,14:00,2026-02-24,5,53,Sunday,True,14,Sunny,64.9,0
sugar_creek,2026-03-01,14:00,2026-02-26,3,56,Sunday,True,14,Sunny,64.9,0
sugar_creek,2026-03-01,14:00,2026-02-27,2,57,Sunday,True,14,Sunny,64.9,0
sugar_creek,2026-03-01,14:00,2026-02-28,1,59,Sunday,True,14,Sunny,64.9,0
sugar_creek,2026-03-01,14:00,2026-03-01,0,61,Sunday,True,14,Sunny,64.9,0
sugar_creek,2026-03-01,16:00,2026-02-15,14,40,Sunday,True,16,Sunny,64.9,0
sugar_creek,2026-03-01,16:00,2026-02-19,10,43,Sunday,True,16,Sunny,64.9,0
sugar_creek,2026-03-01,16:00,2026-02-22,7,44,Sunday,True,16,Sunny,64.9,0
sugar_creek,2026-03-01,16:00,2026-02-24,5,43,Sunday,True,16,Sunny,64.9,0
sugar_creek,2026-03-01,16:00,2026-02-26,3,48,Sunday,True,16,Sunny,64.9,0
sugar_creek,2026-03-01,16:00,2026-02-27,2,48,Sunday,True,16,Sunny,64.9,0
sugar_creek,2026-03-01,16:00,2026-02-28,1,49,Sunday,True,16,Sunny,64.9,0
sugar_creek,2026-03-01,16:00,2026-03-01,0,51,Sunday,True,16,Sunny,64.9,0
sugar_creek,2026-03-02,07:00,2026-02-16,14,39,Monday,False,7,Sunny,66.5,8
sugar_creek,2026-03-02,07:00,2026-02-20,10,43,Monday,False,7,Sunny,66.5,8
sugar_creek,2026-03-02,07:00,2026-02-23,7,46,Monday,False,7,Sunny,66.5,8
sugar_creek,2026-03-02,07:00,2026-02-25,5,47,Monday,False,7,Sunny,66.5,8
sugar_creek,2026-03-02,07:00,2026-02-27,3,48,Monday,False,7,Sunny,66.5,8
sugar_creek,2026-03-02,07:00,2026-02-28,2,50,Monday,False,7,Sunny,66.5,8
sugar_creek,2026-03-02,07:00,2026-03-01,1,51,Monday,False,7,Sunny,66.5,8
sugar_creek,2026-03-02,07:00,2026-03-02,0,51,Monday,False,7,Sunny,66.5,8
sugar_creek,2026-03-02,08:00,2026-02-16,14,43,Monday,False,8,Sunny,66.5,8
sugar_creek,2026-03-02,08:00,2026-02-20,10,43,Monday,False,8,Sunny,66.5,8
sugar_creek,2026-03-02,08:00,2026-02-23,7,45,Monday,False,8,Sunny,66.5,8
sugar_creek,2026-03-02,08:00,2026-02-25,5,46,Monday,False,8,Sunny,66.5,8
sugar_creek,2026-03-02,08:00,2026-02-27,3,48,Monday,False,8,Sunny,66.5,8
sugar_creek,2026-03-02,08:00,2026-02-28,2,50,Monday,False,8,Sunny,66.5,8
sugar_creek,2026-03-02,08:00,2026-03-01,1,50,Monday,False,8,Sunny,66.5,8
sugar_creek,2026-03-02,08:00,2026-03-02,0,50,Monday,False,8,Sunny,66.5,8
sugar_creek,2026-03-02,09:00,2026-02-16,14,41,Monday,False,9,Sunny,66.5,8
sugar_creek,2026-03-02,09:00,2026-02-20,10,44,Monday,False,9,Sunny,66.5,8
sugar_creek,2026-03-02,09:00,2026-02-23,7,43,Monday,False,9,Sunny,66.5,8
sugar_creek,2026-03-02,09:00,2026-02-25,5,44,Monday,False,9,Sunny,66.5,8
sugar_creek,2026-03-02,09:00,2026-02-27,3,48,Monday,False,9,Sunny,66.5,8
sugar_creek,2026-03-02,09:00,2026-02-28,2,46,Monday,False,9,Sunny,66.5,8
sugar_creek,2026-03-02,09:00,2026-03-01,1,50,Monday,False,9,Sunny,66.5,8
sugar_creek,2026-03-02,09:00,2026-03-02,0,51,Monday,False,9,Sunny,66.5,8
sugar_creek,2026-03-02,10:00,2026-02-16,14,40,Monday,False,10,Sunny,66.5,8
sugar_creek,2026-03-02,10:00,2026-02-20,10,41,Monday,False,10,Sunny,66.5,8
sugar_creek,2026-03-02,10:00,2026-02-23,7,45,Monday,False,10,Sunny,66.5,8
sugar_creek,2026-03-02,10:00,2026-02-25,5,45,Monday,False,10,Sunny,66.5,8
sugar_creek,2026-03-02,10:00,2026-02-27,3,44,Monday,False,10,Sunny,66.5,8
sugar_creek,2026-03-02,10:00,2026-02-28,2,47,Monday,False,10,Sunny,66.5,8
sugar_creek,2026-03-02,10:00,2026-03-01,1,49,Monday,False,10,Sunny,66.5,8
sugar_creek,2026-03-02,10:00,2026-03-02,0,48,Monday,False,10,Sunny,66.5,8
sugar_creek,2026-03-02,12:00,2026-02-16,14,35,Monday,False,12,Sunny,66.5,8
sugar_creek,2026-03-02,12:00,2026-02-20,10,38,Monday,False,12,Sunny,66.5,8
sugar_creek,2026-03-02,12:00,2026-02-23,7,37,Monday,False,12,Sunny,66.5,8
sugar_creek,2026-03-02,12:00,2026-02-25,5,40,Monday,False,12,Sunny,66.5,8
sugar_creek,2026-03-02,12:00,2026-02-27,3,39,Monday,False,12,Sunny,66.5,8
sugar_creek,2026-03-02,12:00,2026-02-28,2,39,Monday,False,12,Sunny,66.5,8
sugar_creek,2026-03-02,12:00,2026-03-01,1,43,Monday,False,12,Sunny,66.5,8
sugar_creek,2026-03-02,12:00,2026-03-02,0,43,Monday,False,12,Sunny,66.5,8
sugar_creek,2026-03-02,14:00,2026-02-16,14,35,Monday,False,14,Sunny,66.5,8
sugar_creek,2026-03-02,14:00,2026-02-20,10,36,Monday,False,14,Sunny,66.5,8
sugar_creek,2026-03-02,14:00,2026-02-23,7,37,Monday,False,14,Sunny,66.5,8
sugar_creek,2026-03-02,14:00,2026-02-25,5,40,Monday,False,14,Sunny,66.5,8
sugar_creek,2026-03-02,14:00,2026-02-27,3,40,Monday,False,14,Sunny,66.5,8
sugar_creek,2026-03-02,14:00,2026-02-28,2,42,Monday,False,14,Sunny,66.5,8
sugar_creek,2026-03-02,14:00,2026-03-01,1,42,Monday,False,14,Sunny,66.5,8
sugar_creek,2026-03-02,14:00,2026-03-02,0,45,Monday,False,14,Sunny,66.5,8
sugar_creek,2026-03-02,16:00,2026-02-16,14,29,Monday,False,16,Sunny,66.5,8
sugar_creek,2026-03-02,16:00,2026-02-20,10,30,Monday,False,16,Sunny,66.5,8
sugar_creek,2026-03-02,16:00,2026-02-23,7,30,Monday,False,16,Sunny,66.5,8
sugar_creek,2026-03-02,16:00,2026-02-25,5,32,Monday,False,16,Sunny,66.5,8
sugar_creek,2026-03-02,16:00,2026-02-27,3,32,Monday,False,16,Sunny,66.5,8
sugar_creek,2026-03-02,16:00,2026-02-28,2,33,Monday,False,16,Sunny,66.5,8
sugar_creek,2026-03-02,16:00,2026-03-01,1,35,Monday,False,16,Sunny,66.5,8
sugar_creek,2026-03-02,16:00,2026-03-02,0,36,Monday,False,16,Sunny,66.5,8
sugar_creek,2026-03-03,07:00,2026-02-17,14,43,Tuesday,False,7,Sunny,69.0,4
sugar_creek,2026-03-03,07:00,2026-02-21,10,44,Tuesday,False,7,Sunny,69.0,4
sugar_creek,2026-03-03,07:00,2026-02-24,7,48,Tuesday,False,7,Sunny,69.0,4
sugar_creek,2026-03-03,07:00,2026-02-26,5,49,Tuesday,False,7,Sunny,69.0,4
sugar_creek,2026-03-03,07:00,2026-02-28,3,48,Tuesday,False,7,Sunny,69.0,4
sugar_creek,2026-03-03,07:00,2026-03-01,2,51,Tuesday,False,7,Sunny,69.0,4
sugar_creek,2026-03-03,07:00,2026-03-02,1,51,Tuesday,False,7,Sunny,69.0,4
sugar_creek,2026-03-03,07:00,2026-03-03,0,52,Tuesday,False,7,Sunny,69.0,4
sugar_creek,2026-03-03,08:00,2026-02-17,14,45,Tuesday,False,8,Sunny,69.0,4
sugar_creek,2026-03-03,08:00,2026-02-21,10,44,Tuesday,False,8,Sunny,69.0,4
sugar_creek,2026-03-03,08:00,2026-02-24,7,45,Tuesday,False,8,Sunny,69.0,4
sugar_creek,2026-03-03,08:00,2026-02-26,5,50,Tuesday,False,8,Sunny,69.0,4
sugar_creek,2026-03-03,08:00,2026-02-28,3,48,Tuesday,False,8,Sunny,69.0,4
sugar_creek,2026-03-03,08:00,2026-03-01,2,52,Tuesday,False,8,Sunny,69.0,4
sugar_creek,2026-03-03,08:00,2026-03-02,1,52,Tuesday,False,8,Sunny,69.0,4
sugar_creek,2026-03-03,08:00,2026-03-03,0,53,Tuesday,False,8,Sunny,69.0,4
sugar_creek,2026-03-03,09:00,2026-02-17,14,42,Tuesday,False,9,Sunny,69.0,4
sugar_creek,2026-03-03,09:00,2026-02-21,10,45,Tuesday,False,9,Sunny,69.0,4
sugar_creek,2026-03-03,09:00,2026-02-24,7,45,Tuesday,False,9,Sunny,69.0,4
sugar_creek,2026-03-03,09:00,2026-02-26,5,48,Tuesday,False,9,Sunny,69.0,4
sugar_creek,2026-03-03,09:00,2026-02-28,3,50,Tuesday,False,9,Sunny,69.0,4
sugar_creek,2026-03-03,09:00,2026-03-01,2,53,Tuesday,False,9,Sunny,69.0,4
sugar_creek,2026-03-03,09:00,2026-03-02,1,50,Tuesday,False,9,Sunny,69.0,4
sugar_creek,2026-03-03,09:00,2026-03-03,0,52,Tuesday,False,9,Sunny,69.0,4
sugar_creek,2026-03-03,10:00,2026-02-17,14,40,Tuesday,False,10,Sunny,69.0,4
sugar_creek,2026-03-03,10:00,2026-02-21,10,43,Tuesday,False,10,Sunny,69.0,4
sugar_creek,2026-03-03,10:00,2026-02-24,7,43,Tuesday,False,10,Sunny,69.0,4
sugar_creek,2026-03-03,10:00,2026-02-26,5,45,Tuesday,False,10,Sunny,69.0,4
sugar_creek,2026-03-03,10:00,2026-02-28,3,45,Tuesday,False,10,Sunny,69.0,4
sugar_creek,2026-03-03,10:00,2026-03-01,2,47,Tuesday,False,10,Sunny,69.0,4
sugar_creek,2026-03-03,10:00,2026-03-02,1,48,Tuesday,False,10,Sunny,69.0,4
sugar_creek,2026-03-03,10:00,2026-03-03,0,52,Tuesday,False,10,Sunny,69.0,4
sugar_creek,2026-03-03,12:00,2026-02-17,14,36,Tuesday,False,12,Sunny,69.0,4
sugar_creek,2026-03-03,12:00,2026-02-21,10,38,Tuesday,False,12,Sunny,69.0,4
sugar_creek,2026-03-03,12:00,2026-02-24,7,40,Tuesday,False,12,Sunny,69.0,4
sugar_creek,2026-03-03,12:00,2026-02-26,5,40,Tuesday,False,12,Sunny,69.0,4
sugar_creek,2026-03-03,12:00,2026-02-28,3,41,Tuesday,False,12,Sunny,69.0,4
sugar_creek,2026-03-03,12:00,2026-03-01,2,42,Tuesday,False,12,Sunny,69.0,4
sugar_creek,2026-03-03,12:00,2026-03-02,1,42,Tuesday,False,12,Sunny,69.0,4
sugar_creek,2026-03-03,12:00,2026-03-03,0,43,Tuesday,False,12,Sunny,69.0,4
sugar_creek,2026-03-03,14:00,2026-02-17,14,35,Tuesday,False,14,Sunny,69.0,4
sugar_creek,2026-03-03,14:00,2026-02-21,10,37,Tuesday,False,14,Sunny,69.0,4
sugar_creek,2026-03-03,14:00,2026-02-24,7,39,Tuesday,False,14,Sunny,69.0,4
sugar_creek,2026-03-03,14:00,2026-02-26,5,40,Tuesday,False,14,Sunny,69.0,4
sugar_creek,2026-03-03,14:00,2026-02-28,3,41,Tuesday,False,14,Sunny,69.0,4
sugar_creek,2026-03-03,14:00,2026-03-01,2,42,Tuesday,False,14,Sunny,69.0,4
sugar_creek,2026-03-03,14:00,2026-03-02,1,43,Tuesday,False,14,Sunny,69.0,4
sugar_creek,2026-03-03,14:00,2026-03-03,0,44,Tuesday,False,14,Sunny,69.0,4
sugar_creek,2026-03-03,16:00,2026-02-17,14,30,Tuesday,False,16,Sunny,69.0,4
sugar_creek,2026-03-03,16:00,2026-02-21,10,29,Tuesday,False,16,Sunny,69.0,4
sugar_creek,2026-03-03,16:00,2026-02-24,7,32,Tuesday,False,16,Sunny,69.0,4
sugar_creek,2026-03-03,16:00,2026-02-26,5,33,Tuesday,False,16,Sunny,69.0,4
sugar_creek,2026-03-03,16:00,2026-02-28,3,34,Tuesday,False,16,Sunny,69.0,4
sugar_creek,2026-03-03,16:00,2026-03-01,2,35,Tuesday,False,16,Sunny,69.0,4
sugar_creek,2026-03-03,16:00,2026-03-02,1,36,Tuesday,False,16,Sunny,69.0,4
sugar_creek,2026-03-03,16:00,2026-03-03,0,35,Tuesday,False,16,Sunny,69.0,4
sugar_creek,2026-03-04,07:00,2026-02-18,14,45,Wednesday,False,7,Sunny,60.0,0
sugar_creek,2026-03-04,07:00,2026-02-22,10,47,Wednesday,False,7,Sunny,60.0,0
sugar_creek,2026-03-04,07:00,2026-02-25,7,50,Wednesday,False,7,Sunny,60.0,0
sugar_creek,2026-03-04,07:00,2026-02-27,5,47,Wednesday,False,7,Sunny,60.0,0
sugar_creek,2026-03-04,07:00,2026-03-01,3,50,Wednesday,False,7,Sunny,60.0,0
sugar_creek,2026-03-04,07:00,2026-03-02,2,56,Wednesday,False,7,Sunny,60.0,0
sugar_creek,2026-03-04,07:00,2026-03-03,1,50,Wednesday,False,7,Sunny,60.0,0
sugar_creek,2026-03-04,07:00,2026-03-04,0,56,Wednesday,False,7,Sunny,60.0,0
sugar_creek,2026-03-04,08:00,2026-02-18,14,44,Wednesday,False,8,Sunny,60.0,0
sugar_creek,2026-03-04,08:00,2026-02-22,10,47,Wednesday,False,8,Sunny,60.0,0
sugar_creek,2026-03-04,08:00,2026-02-25,7,50,Wednesday,False,8,Sunny,60.0,0
sugar_creek,2026-03-04,08:00,2026-02-27,5,50,Wednesday,False,8,Sunny,60.0,0
sugar_creek,2026-03-04,08:00,2026-03-01,3,53,Wednesday,False,8,Sunny,60.0,0
sugar_creek,2026-03-04,08:00,2026-03-02,2,53,Wednesday,False,8,Sunny,60.0,0
sugar_creek,2026-03-04,08:00,2026-03-03,1,53,Wednesday,False,8,Sunny,60.0,0
sugar_creek,2026-03-04,08:00,2026-03-04,0,56,Wednesday,False,8,Sunny,60.0,0
sugar_creek,2026-03-04,09:00,2026-02-18,14,44,Wednesday,False,9,Sunny,60.0,0
sugar_creek,2026-03-04,09:00,2026-02-22,10,48,Wednesday,False,9,Sunny,60.0,0
sugar_creek,2026-03-04,09:00,2026-02-25,7,50,Wednesday,False,9,Sunny,60.0,0
sugar_creek,2026-03-04,09:00,2026-02-27,5,51,Wednesday,False,9,Sunny,60.0,0
sugar_creek,2026-03-04,09:00,2026-03-01,3,49,Wednesday,False,9,Sunny,60.0,0
sugar_creek,2026-03-04,09:00,2026-03-02,2,53,Wednesday,False,9,Sunny,60.0,0
sugar_creek,2026-03-04,09:00,2026-03-03,1,54,Wednesday,False,9,Sunny,60.0,0
sugar_creek,2026-03-04,09:00,2026-03-04,0,55,Wednesday,False,9,Sunny,60.0,0
sugar_creek,2026-03-04,10:00,2026-02-18,14,43,Wednesday,False,10,Sunny,60.0,0
sugar_creek,2026-03-04,10:00,2026-02-22,10,45,Wednesday,False,10,Sunny,60.0,0
sugar_creek,2026-03-04,10:00,2026-02-25,7,45,Wednesday,False,10,Sunny,60.0,0
sugar_creek,2026-03-04,10:00,2026-02-27,5,47,Wednesday,False,10,Sunny,60.0,0
sugar_creek,2026-03-04,10:00,2026-03-01,3,47,Wednesday,False,10,Sunny,60.0,0
sugar_creek,2026-03-04,10:00,2026-03-02,2,50,Wednesday,False,10,Sunny,60.0,0
sugar_creek,2026-03-04,10:00,2026-03-03,1,49,Wednesday,False,10,Sunny,60.0,0
sugar_creek,2026-03-04,10:00,2026-03-04,0,52,Wednesday,False,10,Sunny,60.0,0
sugar_creek,2026-03-04,12:00,2026-02-18,14,37,Wednesday,False,12,Sunny,60.0,0
sugar_creek,2026-03-04,12:00,2026-02-22,10,38,Wednesday,False,12,Sunny,60.0,0
sugar_creek,2026-03-04,12:00,2026-02-25,7,42,Wednesday,False,12,Sunny,60.0,0
sugar_creek,2026-03-04,12:00,2026-02-27,5,42,Wednesday,False,12,Sunny,60.0,0
sugar_creek,2026-03-04,12:00,2026-03-01,3,43,Wednesday,False,12,Sunny,60.0,0
sugar_creek,2026-03-04,12:00,2026-03-02,2,44,Wednesday,False,12,Sunny,60.0,0
sugar_creek,2026-03-04,12:00,2026-03-03,1,44,Wednesday,False,12,Sunny,60.0,0
sugar_creek,2026-03-04,12:00,2026-03-04,0,46,Wednesday,False,12,Sunny,60.0,0
sugar_creek,2026-03-04,14:00,2026-02-18,14,37,Wednesday,False,14,Sunny,60.0,0
sugar_creek,2026-03-04,14:00,2026-02-22,10,39,Wednesday,False,14,Sunny,60.0,0
sugar_creek,2026-03-04,14:00,2026-02-25,7,41,Wednesday,False,14,Sunny,60.0,0
sugar_creek,2026-03-04,14:00,2026-02-27,5,41,Wednesday,False,14,Sunny,60.0,0
sugar_creek,2026-03-04,14:00,2026-03-01,3,41,Wednesday,False,14,Sunny,60.0,0
sugar_creek,2026-03-04,14:00,2026-03-02,2,43,Wednesday,False,14,Sunny,60.0,0
sugar_creek,2026-03-04,14:00,2026-03-03,1,46,Wednesday,False,14,Sunny,60.0,0
sugar_creek,2026-03-04,14:00,2026-03-04,0,47,Wednesday,False,14,Sunny,60.0,0
sugar_creek,2026-03-04,16:00,2026-02-18,14,31,Wednesday,False,16,Sunny,60.0,0
sugar_creek,2026-03-04,16:00,2026-02-22,10,32,Wednesday,False,16,Sunny,60.0,0
sugar_creek,2026-03-04,16:00,2026-02-25,7,32,Wednesday,False,16,Sunny,60.0,0
sugar_creek,2026-03-04,16:00,2026-02-27,5,34,Wednesday,False,16,Sunny,60.0,0
sugar_creek,2026-03-04,16:00,2026-03-01,3,35,Wednesday,False,16,Sunny,60.0,0
sugar_creek,2026-03-04,16:00,2026-03-02,2,36,Wednesday,False,16,Sunny,60.0,0
sugar_creek,2026-03-04,16:00,2026-03-03,1,35,Wednesday,False,16,Sunny,60.0,0
sugar_creek,2026-03-04,16:00,2026-03-04,0,36,Wednesday,False,16,Sunny,60.0,0
sugar_creek,2026-03-05,07:00,2026-02-19,14,47,Thursday,False,7,Sunny,57.2,10
sugar_creek,2026-03-05,07:00,2026-02-23,10,47,Thursday,False,7,Sunny,57.2,10
sugar_creek,2026-03-05,07:00,2026-02-26,7,51,Thursday,False,7,Sunny,57.2,10
sugar_creek,2026-03-05,07:00,2026-02-28,5,51,Thursday,False,7,Sunny,57.2,10
sugar_creek,2026-03-05,07:00,2026-03-02,3,54,Thursday,False,7,Sunny,57.2,10
sugar_creek,2026-03-05,07:00,2026-03-03,2,56,Thursday,False,7,Sunny,57.2,10
sugar_creek,2026-03-05,07:00,2026-03-04,1,55,Thursday,False,7,Sunny,57.2,10
sugar_creek,2026-03-05,07:00,2026-03-05,0,57,Thursday,False,7,Sunny,57.2,10
sugar_creek,2026-03-05,08:00,2026-02-19,14,46,Thursday,False,8,Sunny,57.2,10
sugar_creek,2026-03-05,08:00,2026-02-23,10,48,Thursday,False,8,Sunny,57.2,10
sugar_creek,2026-03-05,08:00,2026-02-26,7,51,Thursday,False,8,Sunny,57.2,10
sugar_creek,2026-03-05,08:00,2026-02-28,5,51,Thursday,False,8,Sunny,57.2,10
sugar_creek,2026-03-05,08:00,2026-03-02,3,53,Thursday,False,8,Sunny,57.2,10
sugar_creek,2026-03-05,08:00,2026-03-03,2,54,Thursday,False,8,Sunny,57.2,10
sugar_creek,2026-03-05,08:00,2026-03-04,1,56,Thursday,False,8,Sunny,57.2,10
sugar_creek,2026-03-05,08:00,2026-03-05,0,56,Thursday,False,8,Sunny,57.2,10
sugar_creek,2026-03-05,09:00,2026-02-19,14,46,Thursday,False,9,Sunny,57.2,10
sugar_creek,2026-03-05,09:00,2026-02-23,10,48,Thursday,False,9,Sunny,57.2,10
sugar_creek,2026-03-05,09:00,2026-02-26,7,50,Thursday,False,9,Sunny,57.2,10
sugar_creek,2026-03-05,09:00,2026-02-28,5,49,Thursday,False,9,Sunny,57.2,10
sugar_creek,2026-03-05,09:00,2026-03-02,3,54,Thursday,False,9,Sunny,57.2,10
sugar_creek,2026-03-05,09:00,2026-03-03,2,55,Thursday,False,9,Sunny,57.2,10
sugar_creek,2026-03-05,09:00,2026-03-04,1,55,Thursday,False,9,Sunny,57.2,10
sugar_creek,2026-03-05,09:00,2026-03-05,0,55,Thursday,False,9,Sunny,57.2,10
sugar_creek,2026-03-05,10:00,2026-02-19,14,45,Thursday,False,10,Sunny,57.2,10
sugar_creek,2026-03-05,10:00,2026-02-23,10,46,Thursday,False,10,Sunny,57.2,10
sugar_creek,2026-03-05,10:00,2026-02-26,7,49,Thursday,False,10,Sunny,57.2,10
sugar_creek,2026-03-05,10:00,2026-02-28,5,50,Thursday,False,10,Sunny,57.2,10
sugar_creek,2026-03-05,10:00,2026-03-02,3,52,Thursday,False,10,Sunny,57.2,10
sugar_creek,2026-03-05,10:00,2026-03-03,2,53,Thursday,False,10,Sunny,57.2,10
sugar_creek,2026-03-05,10:00,2026-03-04,1,54,Thursday,False,10,Sunny,57.2,10
sugar_creek,2026-03-05,10:00,2026-03-05,0,55,Thursday,False,10,Sunny,57.2,10
sugar_creek,2026-03-05,12:00,2026-02-19,14,39,Thursday,False,12,Sunny,57.2,10
sugar_creek,2026-03-05,12:00,2026-02-23,10,41,Thursday,False,12,Sunny,57.2,10
sugar_creek,2026-03-05,12:00,2026-02-26,7,41,Thursday,False,12,Sunny,57.2,10
sugar_creek,2026-03-05,12:00,2026-02-28,5,46,Thursday,False,12,Sunny,57.2,10
sugar_creek,2026-03-05,12:00,2026-03-02,3,44,Thursday,False,12,Sunny,57.2,10
sugar_creek,2026-03-05,12:00,2026-03-03,2,47,Thursday,False,12,Sunny,57.2,10
sugar_creek,2026-03-05,12:00,2026-03-04,1,47,Thursday,False,12,Sunny,57.2,10
sugar_creek,2026-03-05,12:00,2026-03-05,0,47,Thursday,False,12,Sunny,57.2,10
sugar_creek,2026-03-05,14:00,2026-02-19,14,40,Thursday,False,14,Sunny,57.2,10
sugar_creek,2026-03-05,14:00,2026-02-23,10,40,Thursday,False,14,Sunny,57.2,10
sugar_creek,2026-03-05,14:00,2026-02-26,7,41,Thursday,False,14,Sunny,57.2,10
sugar_creek,2026-03-05,14:00,2026-02-28,5,43,Thursday,False,14,Sunny,57.2,10
sugar_creek,2026-03-05,14:00,2026-03-02,3,43,Thursday,False,14,Sunny,57.2,10
sugar_creek,2026-03-05,14:00,2026-03-03,2,48,Thursday,False,14,Sunny,57.2,10
sugar_creek,2026-03-05,14:00,2026-03-04,1,46,Thursday,False,14,Sunny,57.2,10
sugar_creek,2026-03-05,14:00,2026-03-05,0,44,Thursday,False,14,Sunny,57.2,10
sugar_creek,2026-03-05,16:00,2026-02-19,14,32,Thursday,False,16,Sunny,57.2,10
sugar_creek,2026-03-05,16:00,2026-02-23,10,34,Thursday,False,16,Sunny,57.2,10
sugar_creek,2026-03-05,16:00,2026-02-26,7,34,Thursday,False,16,Sunny,57.2,10
sugar_creek,2026-03-05,16:00,2026-02-28,5,34,Thursday,False,16,Sunny,57.2,10
sugar_creek,2026-03-05,16:00,2026-03-02,3,36,Thursday,False,16,Sunny,57.2,10
sugar_creek,2026-03-05,16:00,2026-03-03,2,38,Thursday,False,16,Sunny,57.2,10
sugar_creek,2026-03-05,16:00,2026-03-04,1,37,Thursday,False,16,Sunny,57.2,10
sugar_creek,2026-03-05,16:00,2026-03-05,0,38,Thursday,False,16,Sunny,57.2,10
sugar_creek,2026-03-06,07:00,2026-02-20,14,46,Friday,False,7,Overcast,61.1,54
sugar_creek,2026-03-06,07:00,2026-02-24,10,49,Friday,False,7,Overcast,61.1,54
sugar_creek,2026-03-06,07:00,2026-02-27,7,50,Friday,False,7,Overcast,61.1,54
sugar_creek,2026-03-06,07:00,2026-03-01,5,49,Friday,False,7,Overcast,61.1,54
sugar_creek,2026-03-06,07:00,2026-03-03,3,53,Friday,False,7,Overcast,61.1,54
sugar_creek,2026-03-06,07:00,2026-03-04,2,56,Friday,False,7,Overcast,61.1,54
sugar_creek,2026-03-06,07:00,2026-03-05,1,57,Friday,False,7,Overcast,61.1,54
sugar_creek,2026-03-06,07:00,2026-03-06,0,55,Friday,False,7,Overcast,61.1,54
sugar_creek,2026-03-06,08:00,2026-02-20,14,46,Friday,False,8,Overcast,61.1,54
sugar_creek,2026-03-06,08:00,2026-02-24,10,49,Friday,False,8,Overcast,61.1,54
sugar_creek,2026-03-06,08:00,2026-02-27,7,49,Friday,False,8,Overcast,61.1,54
sugar_creek,2026-03-06,08:00,2026-03-01,5,52,Friday,False,8,Overcast,61.1,54
sugar_creek,2026-03-06,08:00,2026-03-03,3,52,Friday,False,8,Overcast,61.1,54
sugar_creek,2026-03-06,08:00,2026-03-04,2,54,Friday,False,8,Overcast,61.1,54
sugar_creek,2026-03-06,08:00,2026-03-05,1,54,Friday,False,8,Overcast,61.1,54
sugar_creek,2026-03-06,08:00,2026-03-06,0,59,Friday,False,8,Overcast,61.1,54
sugar_creek,2026-03-06,09:00,2026-02-20,14,45,Friday,False,9,Overcast,61.1,54
sugar_creek,2026-03-06,09:00,2026-02-24,10,47,Friday,False,9,Overcast,61.1,54
sugar_creek,2026-03-06,09:00,2026-02-27,7,50,Friday,False,9,Overcast,61.1,54
sugar_creek,2026-03-06,09:00,2026-03-01,5,51,Friday,False,9,Overcast,61.1,54
sugar_creek,2026-03-06,09:00,2026-03-03,3,51,Friday,False,9,Overcast,61.1,54
sugar_creek,2026-03-06,09:00,2026-03-04,2,54,Friday,False,9,Overcast,61.1,54
sugar_creek,2026-03-06,09:00,2026-03-05,1,54,Friday,False,9,Overcast,61.1,54
sugar_creek,2026-03-06,09:00,2026-03-06,0,56,Friday,False,9,Overcast,61.1,54
sugar_creek,2026-03-06,10:00,2026-02-20,14,47,Friday,False,10,Overcast,61.1,54
sugar_creek,2026-03-06,10:00,2026-02-24,10,46,Friday,False,10,Overcast,61.1,54
sugar_creek,2026-03-06,10:00,2026-02-27,7,46,Friday,False,10,Overcast,61.1,54
sugar_creek,2026-03-06,10:00,2026-03-01,5,52,Friday,False,10,Overcast,61.1,54
sugar_creek,2026-03-06,10:00,2026-03-03,3,51,Friday,False,10,Overcast,61.1,54
sugar_creek,2026-03-06,10:00,2026-03-04,2,53,Friday,False,10,Overcast,61.1,54
sugar_creek,2026-03-06,10:00,2026-03-05,1,51,Friday,False,10,Overcast,61.1,54
sugar_creek,2026-03-06,10:00,2026-03-06,0,56,Friday,False,10,Overcast,61.1,54
sugar_creek,2026-03-06,12:00,2026-02-20,14,40,Friday,False,12,Overcast,61.1,54
sugar_creek,2026-03-06,12:00,2026-02-24,10,41,Friday,False,12,Overcast,61.1,54
sugar_creek,2026-03-06,12:00,2026-02-27,7,40,Friday,False,12,Overcast,61.1,54
sugar_creek,2026-03-06,12:00,2026-03-01,5,43,Friday,False,12,Overcast,61.1,54
sugar_creek,2026-03-06,12:00,2026-03-03,3,46,Friday,False,12,Overcast,61.1,54
sugar_creek,2026-03-06,12:00,2026-03-04,2,46,Friday,False,12,Overcast,61.1,54
sugar_creek,2026-03-06,12:00,2026-03-05,1,46,Friday,False,12,Overcast,61.1,54
sugar_creek,2026-03-06,12:00,2026-03-06,0,47,Friday,False,12,Overcast,61.1,54
sugar_creek,2026-03-06,14:00,2026-02-20,14,39,Friday,False,14,Overcast,61.1,54
sugar_creek,2026-03-06,14:00,2026-02-24,10,40,Friday,False,14,Overcast,61.1,54
sugar_creek,2026-03-06,14:00,2026-02-27,7,42,Friday,False,14,Overcast,61.1,54
sugar_creek,2026-03-06,14:00,2026-03-01,5,45,Friday,False,14,Overcast,61.1,54
sugar_creek,2026-03-06,14:00,2026-03-03,3,45,Friday,False,14,Overcast,61.1,54
sugar_creek,2026-03-06,14:00,2026-03-04,2,45,Friday,False,14,Overcast,61.1,54
sugar_creek,2026-03-06,14:00,2026-03-05,1,48,Friday,False,14,Overcast,61.1,54
sugar_creek,2026-03-06,14:00,2026-03-06,0,48,Friday,False,14,Overcast,61.1,54
sugar_creek,2026-03-06,16:00,2026-02-20,14,32,Friday,False,16,Overcast,61.1,54
sugar_creek,2026-03-06,16:00,2026-02-24,10,33,Friday,False,16,Overcast,61.1,54
sugar_creek,2026-03-06,16:00,2026-02-27,7,33,Friday,False,16,Overcast,61.1,54
sugar_creek,2026-03-06,16:00,2026-03-01,5,35,Friday,False,16,Overcast,61.1,54
sugar_creek,2026-03-06,16:00,2026-03-03,3,37,Friday,False,16,Overcast,61.1,54
sugar_creek,2026-03-06,16:00,2026-03-04,2,37,Friday,False,16,Overcast,61.1,54
sugar_creek,2026-03-06,16:00,2026-03-05,1,37,Friday,False,16,Overcast,61.1,54
sugar_creek,2026-03-06,16:00,2026-03-06,0,39,Friday,False,16,Overcast,61.1,54
sugar_creek,2026-03-07,07:00,2026-02-21,14,64,Saturday,True,7,Sunny,65.9,4
sugar_creek,2026-03-07,07:00,2026-02-25,10,70,Saturday,True,7,Sunny,65.9,4
sugar_creek,2026-03-07,07:00,2026-02-28,7,69,Saturday,True,7,Sunny,65.9,4
sugar_creek,2026-03-07,07:00,2026-03-02,5,73,Saturday,True,7,Sunny,65.9,4
sugar_creek,2026-03-07,07:00,2026-03-04,3,75,Saturday,True,7,Sunny,65.9,4
sugar_creek,2026-03-07,07:00,2026-03-05,2,77,Saturday,True,7,Sunny,65.9,4
sugar_creek,2026-03-07,07:00,2026-03-06,1,78,Saturday,True,7,Sunny,65.9,4
sugar_creek,2026-03-07,07:00,2026-03-07,0,79,Saturday,True,7,Sunny,65.9,4
sugar_creek,2026-03-07,08:00,2026-02-21,14,65,Saturday,True,8,Sunny,65.9,4
sugar_creek,2026-03-07,08:00,2026-02-25,10,67,Saturday,True,8,Sunny,65.9,4
sugar_creek,2026-03-07,08:00,2026-02-28,7,70,Saturday,True,8,Sunny,65.9,4
sugar_creek,2026-03-07,08:00,2026-03-02,5,74,Saturday,True,8,Sunny,65.9,4
sugar_creek,2026-03-07,08:00,2026-03-04,3,72,Saturday,True,8,Sunny,65.9,4
sugar_creek,2026-03-07,08:00,2026-03-05,2,77,Saturday,True,8,Sunny,65.9,4
sugar_creek,2026-03-07,08:00,2026-03-06,1,79,Saturday,True,8,Sunny,65.9,4
sugar_creek,2026-03-07,08:00,2026-03-07,0,76,Saturday,True,8,Sunny,65.9,4
sugar_creek,2026-03-07,09:00,2026-02-21,14,68,Saturday,True,9,Sunny,65.9,4
sugar_creek,2026-03-07,09:00,2026-02-25,10,70,Saturday,True,9,Sunny,65.9,4
sugar_creek,2026-03-07,09:00,2026-02-28,7,68,Saturday,True,9,Sunny,65.9,4
sugar_creek,2026-03-07,09:00,2026-03-02,5,69,Saturday,True,9,Sunny,65.9,4
sugar_creek,2026-03-07,09:00,2026-03-04,3,74,Saturday,True,9,Sunny,65.9,4
sugar_creek,2026-03-07,09:00,2026-03-05,2,76,Saturday,True,9,Sunny,65.9,4
sugar_creek,2026-03-07,09:00,2026-03-06,1,80,Saturday,True,9,Sunny,65.9,4
sugar_creek,2026-03-07,09:00,2026-03-07,0,81,Saturday,True,9,Sunny,65.9,4
sugar_creek,2026-03-07,10:00,2026-02-21,14,60,Saturday,True,10,Sunny,65.9,4
sugar_creek,2026-03-07,10:00,2026-02-25,10,62,Saturday,True,10,Sunny,65.9,4
sugar_creek,2026-03-07,10:00,2026-02-28,7,67,Saturday,True,10,Sunny,65.9,4
sugar_creek,2026-03-07,10:00,2026-03-02,5,68,Saturday,True,10,Sunny,65.9,4
sugar_creek,2026-03-07,10:00,2026-03-04,3,69,Saturday,True,10,Sunny,65.9,4
sugar_creek,2026-03-07,10:00,2026-03-05,2,73,Saturday,True,10,Sunny,65.9,4
sugar_creek,2026-03-07,10:00,2026-03-06,1,69,Saturday,True,10,Sunny,65.9,4
sugar_creek,2026-03-07,10:00,2026-03-07,0,76,Saturday,True,10,Sunny,65.9,4
sugar_creek,2026-03-07,12:00,2026-02-21,14,51,Saturday,True,12,Sunny,65.9,4
sugar_creek,2026-03-07,12:00,2026-02-25,10,54,Saturday,True,12,Sunny,65.9,4
sugar_creek,2026-03-07,12:00,2026-02-28,7,55,Saturday,True,12,Sunny,65.9,4
sugar_creek,2026-03-07,12:00,2026-03-02,5,54,Saturday,True,12,Sunny,65.9,4
sugar_creek,2026-03-07,12:00,2026-03-04,3,60,Saturday,True,12,Sunny,65.9,4
sugar_creek,2026-03-07,12:00,2026-03-05,2,58,Saturday,True,12,Sunny,65.9,4
sugar_creek,2026-03-07,12:00,2026-03-06,1,60,Saturday,True,12,Sunny,65.9,4
sugar_creek,2026-03-07,12:00,2026-03-07,0,62,Saturday,True,12,Sunny,65.9,4
sugar_creek,2026-03-07,14:00,2026-02-21,14,49,Saturday,True,14,Sunny,65.9,4
sugar_creek,2026-03-07,14:00,2026-02-25,10,52,Saturday,True,14,Sunny,65.9,4
sugar_creek,2026-03-07,14:00,2026-02-28,7,56,Saturday,True,14,Sunny,65.9,4
sugar_creek,2026-03-07,14:00,2026-03-02,5,56,Saturday,True,14,Sunny,65.9,4
sugar_creek,2026-03-07,14:00,2026-03-04,3,58,Saturday,True,14,Sunny,65.9,4
sugar_creek,2026-03-07,14:00,2026-03-05,2,60,Saturday,True,14,Sunny,65.9,4
sugar_creek,2026-03-07,14:00,2026-03-06,1,61,Saturday,True,14,Sunny,65.9,4
sugar_creek,2026-03-07,14:00,2026-03-07,0,62,Saturday,True,14,Sunny,65.9,4
sugar_creek,2026-03-07,16:00,2026-02-21,14,41,Saturday,True,16,Sunny,65.9,4
sugar_creek,2026-03-07,16:00,2026-02-25,10,44,Saturday,True,16,Sunny,65.9,4
sugar_creek,2026-03-07,16:00,2026-02-28,7,45,Saturday,True,16,Sunny,65.9,4
sugar_creek,2026-03-07,16:00,2026-03-02,5,49,Saturday,True,16,Sunny,65.9,4
sugar_creek,2026-03-07,16:00,2026-03-04,3,48,Saturday,True,16,Sunny,65.9,4
sugar_creek,2026-03-07,16:00,2026-03-05,2,54,Saturday,True,16,Sunny,65.9,4
sugar_creek,2026-03-07,16:00,2026-03-06,1,52,Saturday,True,16,Sunny,65.9,4
sugar_creek,2026-03-07,16:00,2026-03-07,0,52,Saturday,True,16,Sunny,65.9,4
sugar_creek,2026-03-08,07:00,2026-02-22,14,63,Sunday,True,7,Sunny,66.5,11
sugar_creek,2026-03-08,07:00,2026-02-26,10,62,Sunday,True,7,Sunny,66.5,11
sugar_creek,2026-03-08,07:00,2026-03-01,7,69,Sunday,True,7,Sunny,66.5,11
sugar_creek,2026-03-08,07:00,2026-03-03,5,68,Sunday,True,7,Sunny,66.5,11
sugar_creek,2026-03-08,07:00,2026-03-05,3,71,Sunday,True,7,Sunny,66.5,11
sugar_creek,2026-03-08,07:00,2026-03-06,2,73,Sunday,True,7,Sunny,66.5,11
sugar_creek,2026-03-08,07:00,2026-03-07,1,73,Sunday,True,7,Sunny,66.5,11
sugar_creek,2026-03-08,07:00,2026-03-08,0,76,Sunday,True,7,Sunny,66.5,11
sugar_creek,2026-03-08,08:00,2026-02-22,14,62,Sunday,True,8,Sunny,66.5,11
sugar_creek,2026-03-08,08:00,2026-02-26,10,65,Sunday,True,8,Sunny,66.5,11
sugar_creek,2026-03-08,08:00,2026-03-01,7,67,Sunday,True,8,Sunny,66.5,11
sugar_creek,2026-03-08,08:00,2026-03-03,5,66,Sunday,True,8,Sunny,66.5,11
sugar_creek,2026-03-08,08:00,2026-03-05,3,75,Sunday,True,8,Sunny,66.5,11
sugar_creek,2026-03-08,08:00,2026-03-06,2,75,Sunday,True,8,Sunny,66.5,11
sugar_creek,2026-03-08,08:00,2026-03-07,1,75,Sunday,True,8,Sunny,66.5,11
sugar_creek,2026-03-08,08:00,2026-03-08,0,76,Sunday,True,8,Sunny,66.5,11
sugar_creek,2026-03-08,09:00,2026-02-22,14,61,Sunday,True,9,Sunny,66.5,11
sugar_creek,2026-03-08,09:00,2026-02-26,10,65,Sunday,True,9,Sunny,66.5,11
sugar_creek,2026-03-08,09:00,2026-03-01,7,68,Sunday,True,9,Sunny,66.5,11
sugar_creek,2026-03-08,09:00,2026-03-03,5,71,Sunday,True,9,Sunny,66.5,11
sugar_creek,2026-03-08,09:00,2026-03-05,3,74,Sunday,True,9,Sunny,66.5,11
sugar_creek,2026-03-08,09:00,2026-03-06,2,77,Sunday,True,9,Sunny,66.5,11
sugar_creek,2026-03-08,09:00,2026-03-07,1,71,Sunday,True,9,Sunny,66.5,11
sugar_creek,2026-03-08,09:00,2026-03-08,0,75,Sunday,True,9,Sunny,66.5,11
sugar_creek,2026-03-08,10:00,2026-02-22,14,57,Sunday,True,10,Sunny,66.5,11
sugar_creek,2026-03-08,10:00,2026-02-26,10,59,Sunday,True,10,Sunny,66.5,11
sugar_creek,2026-03-08,10:00,2026-03-01,7,61,Sunday,True,10,Sunny,66.5,11
sugar_creek,2026-03-08,10:00,2026-03-03,5,60,Sunday,True,10,Sunny,66.5,11
sugar_creek,2026-03-08,10:00,2026-03-05,3,66,Sunday,True,10,Sunny,66.5,11
sugar_creek,2026-03-08,10:00,2026-03-06,2,64,Sunday,True,10,Sunny,66.5,11
sugar_creek,2026-03-08,10:00,2026-03-07,1,65,Sunday,True,10,Sunny,66.5,11
sugar_creek,2026-03-08,10:00,2026-03-08,0,68,Sunday,True,10,Sunny,66.5,11
sugar_creek,2026-03-08,12:00,2026-02-22,14,48,Sunday,True,12,Sunny,66.5,11
sugar_creek,2026-03-08,12:00,2026-02-26,10,49,Sunday,True,12,Sunny,66.5,11
sugar_creek,2026-03-08,12:00,2026-03-01,7,51,Sunday,True,12,Sunny,66.5,11
sugar_creek,2026-03-08,12:00,2026-03-03,5,56,Sunday,True,12,Sunny,66.5,11
sugar_creek,2026-03-08,12:00,2026-03-05,3,55,Sunday,True,12,Sunny,66.5,11
sugar_creek,2026-03-08,12:00,2026-03-06,2,59,Sunday,True,12,Sunny,66.5,11
sugar_creek,2026-03-08,12:00,2026-03-07,1,56,Sunday,True,12,Sunny,66.5,11
sugar_creek,2026-03-08,12:00,2026-03-08,0,60,Sunday,True,12,Sunny,66.5,11
sugar_creek,2026-03-08,14:00,2026-02-22,14,48,Sunday,True,14,Sunny,66.5,11
sugar_creek,2026-03-08,14:00,2026-02-26,10,50,Sunday,True,14,Sunny,66.5,11
sugar_creek,2026-03-08,14:00,2026-03-01,7,52,Sunday,True,14,Sunny,66.5,11
sugar_creek,2026-03-08,14:00,2026-03-03,5,52,Sunday,True,14,Sunny,66.5,11
sugar_creek,2026-03-08,14:00,2026-03-05,3,56,Sunday,True,14,Sunny,66.5,11
sugar_creek,2026-03-08,14:00,2026-03-06,2,57,Sunday,True,14,Sunny,66.5,11
sugar_creek,2026-03-08,14:00,2026-03-07,1,58,Sunday,True,14,Sunny,66.5,11
sugar_creek,2026-03-08,14:00,2026-03-08,0,61,Sunday,True,14,Sunny,66.5,11
sugar_creek,2026-03-08,16:00,2026-02-22,14,41,Sunday,True,16,Sunny,66.5,11
sugar_creek,2026-03-08,16:00,2026-02-26,10,42,Sunday,True,16,Sunny,66.5,11
sugar_creek,2026-03-08,16:00,2026-03-01,7,43,Sunday,True,16,Sunny,66.5,11
sugar_creek,2026-03-08,16:00,2026-03-03,5,47,Sunday,True,16,Sunny,66.5,11
sugar_creek,2026-03-08,16:00,2026-03-05,3,44,Sunday,True,16,Sunny,66.5,11
sugar_creek,2026-03-08,16:00,2026-03-06,2,49,Sunday,True,16,Sunny,66.5,11
sugar_creek,2026-03-08,16:00,2026-03-07,1,46,Sunday,True,16,Sunny,66.5,11
sugar_creek,2026-03-08,16:00,2026-03-08,0,51,Sunday,True,16,Sunny,66.5,11
sugar_creek,2026-03-09,07:00,2026-02-23,14,41,Monday,False,7,Partly Cloudy,61.4,27
sugar_creek,2026-03-09,07:00,2026-02-27,10,40,Monday,False,7,Partly Cloudy,61.4,27
sugar_creek,2026-03-09,07:00,2026-03-02,7,43,Monday,False,7,Partly Cloudy,61.4,27
sugar_creek,2026-03-09,07:00,2026-03-04,5,45,Monday,False,7,Partly Cloudy,61.4,27
sugar_creek,2026-03-09,07:00,2026-03-06,3,46,Monday,False,7,Partly Cloudy,61.4,27
sugar_creek,2026-03-09,07:00,2026-03-07,2,48,Monday,False,7,Partly Cloudy,61.4,27
sugar_creek,2026-03-09,07:00,2026-03-08,1,46,Monday,False,7,Partly Cloudy,61.4,27
sugar_creek,2026-03-09,07:00,2026-03-09,0,48,Monday,False,7,Partly Cloudy,61.4,27
sugar_creek,2026-03-09,08:00,2026-02-23,14,41,Monday,False,8,Partly Cloudy,61.4,27
sugar_creek,2026-03-09,08:00,2026-02-27,10,40,Monday,False,8,Partly Cloudy,61.4,27
sugar_creek,2026-03-09,08:00,2026-03-02,7,43,Monday,False,8,Partly Cloudy,61.4,27
sugar_creek,2026-03-09,08:00,2026-03-04,5,45,Monday,False,8,Partly Cloudy,61.4,27
sugar_creek,2026-03-09,08:00,2026-03-06,3,44,Monday,False,8,Partly Cloudy,61.4,27
sugar_creek,2026-03-09,08:00,2026-03-07,2,46,Monday,False,8,Partly Cloudy,61.4,27
sugar_creek,2026-03-09,08:00,2026-03-08,1,46,Monday,False,8,Partly Cloudy,61.4,27
sugar_creek,2026-03-09,08:00,2026-03-09,0,49,Monday,False,8,Partly Cloudy,61.4,27
sugar_creek,2026-03-09,09:00,2026-02-23,14,38,Monday,False,9,Partly Cloudy,61.4,27
sugar_creek,2026-03-09,09:00,2026-02-27,10,41,Monday,False,9,Partly Cloudy,61.4,27
sugar_creek,2026-03-09,09:00,2026-03-02,7,44,Monday,False,9,Partly Cloudy,61.4,27
sugar_creek,2026-03-09,09:00,2026-03-04,5,44,Monday,False,9,Partly Cloudy,61.4,27
sugar_creek,2026-03-09,09:00,2026-03-06,3,44,Monday,False,9,Partly Cloudy,61.4,27
sugar_creek,2026-03-09,09:00,2026-03-07,2,48,Monday,False,9,Partly Cloudy,61.4,27
sugar_creek,2026-03-09,09:00,2026-03-08,1,47,Monday,False,9,Partly Cloudy,61.4,27
sugar_creek,2026-03-09,09:00,2026-03-09,0,49,Monday,False,9,Partly Cloudy,61.4,27
sugar_creek,2026-03-09,10:00,2026-02-23,14,39,Monday,False,10,Partly Cloudy,61.4,27
sugar_creek,2026-03-09,10:00,2026-02-27,10,40,Monday,False,10,Partly Cloudy,61.4,27
sugar_creek,2026-03-09,10:00,2026-03-02,7,43,Monday,False,10,Partly Cloudy,61.4,27
sugar_creek,2026-03-09,10:00,2026-03-04,5,43,Monday,False,10,Partly Cloudy,61.4,27
sugar_creek,2026-03-09,10:00,2026-03-06,3,42,Monday,False,10,Partly Cloudy,61.4,27
sugar_creek,2026-03-09,10:00,2026-03-07,2,48,Monday,False,10,Partly Cloudy,61.4,27
sugar_creek,2026-03-09,10:00,2026-03-08,1,45,Monday,False,10,Partly Cloudy,61.4,27
sugar_creek,2026-03-09,10:00,2026-03-09,0,45,Monday,False,10,Partly Cloudy,61.4,27
sugar_creek,2026-03-09,12:00,2026-02-23,14,35,Monday,False,12,Partly Cloudy,61.4,27
sugar_creek,2026-03-09,12:00,2026-02-27,10,34,Monday,False,12,Partly Cloudy,61.4,27
sugar_creek,2026-03-09,12:00,2026-03-02,7,35,Monday,False,12,Partly Cloudy,61.4,27
sugar_creek,2026-03-09,12:00,2026-03-04,5,37,Monday,False,12,Partly Cloudy,61.4,27
sugar_creek,2026-03-09,12:00,2026-03-06,3,38,Monday,False,12,Partly Cloudy,61.4,27
sugar_creek,2026-03-09,12:00,2026-03-07,2,41,Monday,False,12,Partly Cloudy,61.4,27
sugar_creek,2026-03-09,12:00,2026-03-08,1,37,Monday,False,12,Partly Cloudy,61.4,27
sugar_creek,2026-03-09,12:00,2026-03-09,0,42,Monday,False,12,Partly Cloudy,61.4,27
sugar_creek,2026-03-09,14:00,2026-02-23,14,33,Monday,False,14,Partly Cloudy,61.4,27
sugar_creek,2026-03-09,14:00,2026-02-27,10,34,Monday,False,14,Partly Cloudy,61.4,27
sugar_creek,2026-03-09,14:00,2026-03-02,7,37,Monday,False,14,Partly Cloudy,61.4,27
sugar_creek,2026-03-09,14:00,2026-03-04,5,37,Monday,False,14,Partly Cloudy,61.4,27
sugar_creek,2026-03-09,14:00,2026-03-06,3,38,Monday,False,14,Partly Cloudy,61.4,27
sugar_creek,2026-03-09,14:00,2026-03-07,2,40,Monday,False,14,Partly Cloudy,61.4,27
sugar_creek,2026-03-09,14:00,2026-03-08,1,40,Monday,False,14,Partly Cloudy,61.4,27
sugar_creek,2026-03-09,14:00,2026-03-09,0,42,Monday,False,14,Partly Cloudy,61.4,27
sugar_creek,2026-03-09,16:00,2026-02-23,14,26,Monday,False,16,Partly Cloudy,61.4,27
sugar_creek,2026-03-09,16:00,2026-02-27,10,29,Monday,False,16,Partly Cloudy,61.4,27
sugar_creek,2026-03-09,16:00,2026-03-02,7,31,Monday,False,16,Partly Cloudy,61.4,27
sugar_creek,2026-03-09,16:00,2026-03-04,5,31,Monday,False,16,Partly Cloudy,61.4,27
sugar_creek,2026-03-09,16:00,2026-03-06,3,30,Monday,False,16,Partly Cloudy,61.4,27
sugar_creek,2026-03-09,16:00,2026-03-07,2,32,Monday,False,16,Partly Cloudy,61.4,27
sugar_creek,2026-03-09,16:00,2026-03-08,1,34,Monday,False,16,Partly Cloudy,61.4,27
sugar_creek,2026-03-09,16:00,2026-03-09,0,33,Monday,False,16,Partly Cloudy,61.4,27
sugar_creek,2026-03-10,07:00,2026-02-24,14,39,Tuesday,False,7,Overcast,70.8,37
sugar_creek,2026-03-10,07:00,2026-02-28,10,40,Tuesday,False,7,Overcast,70.8,37
sugar_creek,2026-03-10,07:00,2026-03-03,7,43,Tuesday,False,7,Overcast,70.8,37
sugar_creek,2026-03-10,07:00,2026-03-05,5,42,Tuesday,False,7,Overcast,70.8,37
sugar_creek,2026-03-10,07:00,2026-03-07,3,41,Tuesday,False,7,Overcast,70.8,37
sugar_creek,2026-03-10,07:00,2026-03-08,2,45,Tuesday,False,7,Overcast,70.8,37
sugar_creek,2026-03-10,07:00,2026-03-09,1,43,Tuesday,False,7,Overcast,70.8,37
sugar_creek,2026-03-10,07:00,2026-03-10,0,50,Tuesday,False,7,Overcast,70.8,37
sugar_creek,2026-03-10,08:00,2026-02-24,14,38,Tuesday,False,8,Overcast,70.8,37
sugar_creek,2026-03-10,08:00,2026-02-28,10,40,Tuesday,False,8,Overcast,70.8,37
sugar_creek,2026-03-10,08:00,2026-03-03,7,42,Tuesday,False,8,Overcast,70.8,37
sugar_creek,2026-03-10,08:00,2026-03-05,5,41,Tuesday,False,8,Overcast,70.8,37
sugar_creek,2026-03-10,08:00,2026-03-07,3,43,Tuesday,False,8,Overcast,70.8,37
sugar_creek,2026-03-10,08:00,2026-03-08,2,45,Tuesday,False,8,Overcast,70.8,37
sugar_creek,2026-03-10,08:00,2026-03-09,1,47,Tuesday,False,8,Overcast,70.8,37
sugar_creek,2026-03-10,08:00,2026-03-10,0,45,Tuesday,False,8,Overcast,70.8,37
sugar_creek,2026-03-10,09:00,2026-02-24,14,37,Tuesday,False,9,Overcast,70.8,37
sugar_creek,2026-03-10,09:00,2026-02-28,10,39,Tuesday,False,9,Overcast,70.8,37
sugar_creek,2026-03-10,09:00,2026-03-03,7,40,Tuesday,False,9,Overcast,70.8,37
sugar_creek,2026-03-10,09:00,2026-03-05,5,41,Tuesday,False,9,Overcast,70.8,37
sugar_creek,2026-03-10,09:00,2026-03-07,3,40,Tuesday,False,9,Overcast,70.8,37
sugar_creek,2026-03-10,09:00,2026-03-08,2,43,Tuesday,False,9,Overcast,70.8,37
sugar_creek,2026-03-10,09:00,2026-03-09,1,46,Tuesday,False,9,Overcast,70.8,37
sugar_creek,2026-03-10,09:00,2026-03-10,0,46,Tuesday,False,9,Overcast,70.8,37
sugar_creek,2026-03-10,10:00,2026-02-24,14,37,Tuesday,False,10,Overcast,70.8,37
sugar_creek,2026-03-10,10:00,2026-02-28,10,37,Tuesday,False,10,Overcast,70.8,37
sugar_creek,2026-03-10,10:00,2026-03-03,7,39,Tuesday,False,10,Overcast,70.8,37
sugar_creek,2026-03-10,10:00,2026-03-05,5,42,Tuesday,False,10,Overcast,70.8,37
sugar_creek,2026-03-10,10:00,2026-03-07,3,43,Tuesday,False,10,Overcast,70.8,37
sugar_creek,2026-03-10,10:00,2026-03-08,2,44,Tuesday,False,10,Overcast,70.8,37
sugar_creek,2026-03-10,10:00,2026-03-09,1,43,Tuesday,False,10,Overcast,70.8,37
sugar_creek,2026-03-10,10:00,2026-03-10,0,45,Tuesday,False,10,Overcast,70.8,37
sugar_creek,2026-03-10,12:00,2026-02-24,14,32,Tuesday,False,12,Overcast,70.8,37
sugar_creek,2026-03-10,12:00,2026-02-28,10,33,Tuesday,False,12,Overcast,70.8,37
sugar_creek,2026-03-10,12:00,2026-03-03,7,34,Tuesday,False,12,Overcast,70.8,37
sugar_creek,2026-03-10,12:00,2026-03-05,5,36,Tuesday,False,12,Overcast,70.8,37
sugar_creek,2026-03-10,12:00,2026-03-07,3,35,Tuesday,False,12,Overcast,70.8,37
sugar_creek,2026-03-10,12:00,2026-03-08,2,39,Tuesday,False,12,Overcast,70.8,37
sugar_creek,2026-03-10,12:00,2026-03-09,1,38,Tuesday,False,12,Overcast,70.8,37
sugar_creek,2026-03-10,12:00,2026-03-10,0,38,Tuesday,False,12,Overcast,70.8,37
sugar_creek,2026-03-10,14:00,2026-02-24,14,31,Tuesday,False,14,Overcast,70.8,37
sugar_creek,2026-03-10,14:00,2026-02-28,10,32,Tuesday,False,14,Overcast,70.8,37
sugar_creek,2026-03-10,14:00,2026-03-03,7,34,Tuesday,False,14,Overcast,70.8,37
sugar_creek,2026-03-10,14:00,2026-03-05,5,35,Tuesday,False,14,Overcast,70.8,37
sugar_creek,2026-03-10,14:00,2026-03-07,3,35,Tuesday,False,14,Overcast,70.8,37
sugar_creek,2026-03-10,14:00,2026-03-08,2,38,Tuesday,False,14,Overcast,70.8,37
sugar_creek,2026-03-10,14:00,2026-03-09,1,38,Tuesday,False,14,Overcast,70.8,37
sugar_creek,2026-03-10,14:00,2026-03-10,0,40,Tuesday,False,14,Overcast,70.8,37
sugar_creek,2026-03-10,16:00,2026-02-24,14,26,Tuesday,False,16,Overcast,70.8,37
sugar_creek,2026-03-10,16:00,2026-02-28,10,27,Tuesday,False,16,Overcast,70.8,37
sugar_creek,2026-03-10,16:00,2026-03-03,7,28,Tuesday,False,16,Overcast,70.8,37
sugar_creek,2026-03-10,16:00,2026-03-05,5,29,Tuesday,False,16,Overcast,70.8,37
sugar_creek,2026-03-10,16:00,2026-03-07,3,30,Tuesday,False,16,Overcast,70.8,37
sugar_creek,2026-03-10,16:00,2026-03-08,2,30,Tuesday,False,16,Overcast,70.8,37
sugar_creek,2026-03-10,16:00,2026-03-09,1,30,Tuesday,False,16,Overcast,70.8,37
sugar_creek,2026-03-10,16:00,2026-03-10,0,32,Tuesday,False,16,Overcast,70.8,37
chastain_park,2026-02-11,07:00,2026-02-11,0,22,Wednesday,False,7,Partly Cloudy,60.5,21
chastain_park,2026-02-11,08:00,2026-02-11,0,21,Wednesday,False,8,Partly Cloudy,60.5,21
chastain_park,2026-02-11,09:00,2026-02-11,0,21,Wednesday,False,9,Partly Cloudy,60.5,21
chastain_park,2026-02-11,10:00,2026-02-11,0,20,Wednesday,False,10,Partly Cloudy,60.5,21
chastain_park,2026-02-11,12:00,2026-02-11,0,18,Wednesday,False,12,Partly Cloudy,60.5,21
chastain_park,2026-02-11,14:00,2026-02-11,0,17,Wednesday,False,14,Partly Cloudy,60.5,21
chastain_park,2026-02-11,16:00,2026-02-11,0,15,Wednesday,False,16,Partly Cloudy,60.5,21
chastain_park,2026-02-12,07:00,2026-02-11,1,21,Thursday,False,7,Partly Cloudy,65.9,16
chastain_park,2026-02-12,07:00,2026-02-12,0,22,Thursday,False,7,Partly Cloudy,65.9,16
chastain_park,2026-02-12,08:00,2026-02-11,1,21,Thursday,False,8,Partly Cloudy,65.9,16
chastain_park,2026-02-12,08:00,2026-02-12,0,22,Thursday,False,8,Partly Cloudy,65.9,16
chastain_park,2026-02-12,09:00,2026-02-11,1,21,Thursday,False,9,Partly Cloudy,65.9,16
chastain_park,2026-02-12,09:00,2026-02-12,0,21,Thursday,False,9,Partly Cloudy,65.9,16
chastain_park,2026-02-12,10:00,2026-02-11,1,20,Thursday,False,10,Partly Cloudy,65.9,16
chastain_park,2026-02-12,10:00,2026-02-12,0,21,Thursday,False,10,Partly Cloudy,65.9,16
chastain_park,2026-02-12,12:00,2026-02-11,1,17,Thursday,False,12,Partly Cloudy,65.9,16
chastain_park,2026-02-12,12:00,2026-02-12,0,18,Thursday,False,12,Partly Cloudy,65.9,16
chastain_park,2026-02-12,14:00,2026-02-11,1,18,Thursday,False,14,Partly Cloudy,65.9,16
chastain_park,2026-02-12,14:00,2026-02-12,0,18,Thursday,False,14,Partly Cloudy,65.9,16
chastain_park,2026-02-12,16:00,2026-02-11,1,15,Thursday,False,16,Partly Cloudy,65.9,16
chastain_park,2026-02-12,16:00,2026-02-12,0,15,Thursday,False,16,Partly Cloudy,65.9,16
chastain_park,2026-02-13,07:00,2026-02-11,2,22,Friday,False,7,Partly Cloudy,48.4,21
chastain_park,2026-02-13,07:00,2026-02-12,1,22,Friday,False,7,Partly Cloudy,48.4,21
chastain_park,2026-02-13,07:00,2026-02-13,0,22,Friday,False,7,Partly Cloudy,48.4,21
chastain_park,2026-02-13,08:00,2026-02-11,2,23,Friday,False,8,Partly Cloudy,48.4,21
chastain_park,2026-02-13,08:00,2026-02-12,1,22,Friday,False,8,Partly Cloudy,48.4,21
chastain_park,2026-02-13,08:00,2026-02-13,0,22,Friday,False,8,Partly Cloudy,48.4,21
chastain_park,2026-02-13,09:00,2026-02-11,2,21,Friday,False,9,Partly Cloudy,48.4,21
chastain_park,2026-02-13,09:00,2026-02-12,1,22,Friday,False,9,Partly Cloudy,48.4,21
chastain_park,2026-02-13,09:00,2026-02-13,0,23,Friday,False,9,Partly Cloudy,48.4,21
chastain_park,2026-02-13,10:00,2026-02-11,2,21,Friday,False,10,Partly Cloudy,48.4,21
chastain_park,2026-02-13,10:00,2026-02-12,1,21,Friday,False,10,Partly Cloudy,48.4,21
chastain_park,2026-02-13,10:00,2026-02-13,0,22,Friday,False,10,Partly Cloudy,48.4,21
chastain_park,2026-02-13,12:00,2026-02-11,2,17,Friday,False,12,Partly Cloudy,48.4,21
chastain_park,2026-02-13,12:00,2026-02-12,1,18,Friday,False,12,Partly Cloudy,48.4,21
chastain_park,2026-02-13,12:00,2026-02-13,0,19,Friday,False,12,Partly Cloudy,48.4,21
chastain_park,2026-02-13,14:00,2026-02-11,2,18,Friday,False,14,Partly Cloudy,48.4,21
chastain_park,2026-02-13,14:00,2026-02-12,1,18,Friday,False,14,Partly Cloudy,48.4,21
chastain_park,2026-02-13,14:00,2026-02-13,0,18,Friday,False,14,Partly Cloudy,48.4,21
chastain_park,2026-02-13,16:00,2026-02-11,2,15,Friday,False,16,Partly Cloudy,48.4,21
chastain_park,2026-02-13,16:00,2026-02-12,1,15,Friday,False,16,Partly Cloudy,48.4,21
chastain_park,2026-02-13,16:00,2026-02-13,0,16,Friday,False,16,Partly Cloudy,48.4,21
chastain_park,2026-02-14,07:00,2026-02-11,3,26,Saturday,True,7,Overcast,65.3,44
chastain_park,2026-02-14,07:00,2026-02-12,2,27,Saturday,True,7,Overcast,65.3,44
chastain_park,2026-02-14,07:00,2026-02-13,1,28,Saturday,True,7,Overcast,65.3,44
chastain_park,2026-02-14,07:00,2026-02-14,0,31,Saturday,True,7,Overcast,65.3,44
chastain_park,2026-02-14,08:00,2026-02-11,3,27,Saturday,True,8,Overcast,65.3,44
chastain_park,2026-02-14,08:00,2026-02-12,2,27,Saturday,True,8,Overcast,65.3,44
chastain_park,2026-02-14,08:00,2026-02-13,1,30,Saturday,True,8,Overcast,65.3,44
chastain_park,2026-02-14,08:00,2026-02-14,0,29,Saturday,True,8,Overcast,65.3,44
chastain_park,2026-02-14,09:00,2026-02-11,3,26,Saturday,True,9,Overcast,65.3,44
chastain_park,2026-02-14,09:00,2026-02-12,2,29,Saturday,True,9,Overcast,65.3,44
chastain_park,2026-02-14,09:00,2026-02-13,1,27,Saturday,True,9,Overcast,65.3,44
chastain_park,2026-02-14,09:00,2026-02-14,0,28,Saturday,True,9,Overcast,65.3,44
chastain_park,2026-02-14,10:00,2026-02-11,3,25,Saturday,True,10,Overcast,65.3,44
chastain_park,2026-02-14,10:00,2026-02-12,2,25,Saturday,True,10,Overcast,65.3,44
chastain_park,2026-02-14,10:00,2026-02-13,1,25,Saturday,True,10,Overcast,65.3,44
chastain_park,2026-02-14,10:00,2026-02-14,0,26,Saturday,True,10,Overcast,65.3,44
chastain_park,2026-02-14,12:00,2026-02-11,3,21,Saturday,True,12,Overcast,65.3,44
chastain_park,2026-02-14,12:00,2026-02-12,2,21,Saturday,True,12,Overcast,65.3,44
chastain_park,2026-02-14,12:00,2026-02-13,1,22,Saturday,True,12,Overcast,65.3,44
chastain_park,2026-02-14,12:00,2026-02-14,0,22,Saturday,True,12,Overcast,65.3,44
chastain_park,2026-02-14,14:00,2026-02-11,3,20,Saturday,True,14,Overcast,65.3,44
chastain_park,2026-02-14,14:00,2026-02-12,2,21,Saturday,True,14,Overcast,65.3,44
chastain_park,2026-02-14,14:00,2026-02-13,1,20,Saturday,True,14,Overcast,65.3,44
chastain_park,2026-02-14,14:00,2026-02-14,0,22,Saturday,True,14,Overcast,65.3,44
chastain_park,2026-02-14,16:00,2026-02-11,3,18,Saturday,True,16,Overcast,65.3,44
chastain_park,2026-02-14,16:00,2026-02-12,2,19,Saturday,True,16,Overcast,65.3,44
chastain_park,2026-02-14,16:00,2026-02-13,1,18,Saturday,True,16,Overcast,65.3,44
chastain_park,2026-02-14,16:00,2026-02-14,0,18,Saturday,True,16,Overcast,65.3,44
chastain_park,2026-02-15,07:00,2026-02-12,3,29,Sunday,True,7,Sunny,59.9,14
chastain_park,2026-02-15,07:00,2026-02-13,2,31,Sunday,True,7,Sunny,59.9,14
chastain_park,2026-02-15,07:00,2026-02-14,1,31,Sunday,True,7,Sunny,59.9,14
chastain_park,2026-02-15,07:00,2026-02-15,0,30,Sunday,True,7,Sunny,59.9,14
chastain_park,2026-02-15,08:00,2026-02-12,3,28,Sunday,True,8,Sunny,59.9,14
chastain_park,2026-02-15,08:00,2026-02-13,2,31,Sunday,True,8,Sunny,59.9,14
chastain_park,2026-02-15,08:00,2026-02-14,1,29,Sunday,True,8,Sunny,59.9,14
chastain_park,2026-02-15,08:00,2026-02-15,0,31,Sunday,True,8,Sunny,59.9,14
chastain_park,2026-02-15,09:00,2026-02-12,3,27,Sunday,True,9,Sunny,59.9,14
chastain_park,2026-02-15,09:00,2026-02-13,2,30,Sunday,True,9,Sunny,59.9,14
chastain_park,2026-02-15,09:00,2026-02-14,1,31,Sunday,True,9,Sunny,59.9,14
chastain_park,2026-02-15,09:00,2026-02-15,0,31,Sunday,True,9,Sunny,59.9,14
chastain_park,2026-02-15,10:00,2026-02-12,3,27,Sunday,True,10,Sunny,59.9,14
chastain_park,2026-02-15,10:00,2026-02-13,2,27,Sunday,True,10,Sunny,59.9,14
chastain_park,2026-02-15,10:00,2026-02-14,1,27,Sunday,True,10,Sunny,59.9,14
chastain_park,2026-02-15,10:00,2026-02-15,0,29,Sunday,True,10,Sunny,59.9,14
chastain_park,2026-02-15,12:00,2026-02-12,3,23,Sunday,True,12,Sunny,59.9,14
chastain_park,2026-02-15,12:00,2026-02-13,2,24,Sunday,True,12,Sunny,59.9,14
chastain_park,2026-02-15,12:00,2026-02-14,1,24,Sunday,True,12,Sunny,59.9,14
chastain_park,2026-02-15,12:00,2026-02-15,0,23,Sunday,True,12,Sunny,59.9,14
chastain_park,2026-02-15,14:00,2026-02-12,3,22,Sunday,True,14,Sunny,59.9,14
chastain_park,2026-02-15,14:00,2026-02-13,2,25,Sunday,True,14,Sunny,59.9,14
chastain_park,2026-02-15,14:00,2026-02-14,1,24,Sunday,True,14,Sunny,59.9,14
chastain_park,2026-02-15,14:00,2026-02-15,0,25,Sunday,True,14,Sunny,59.9,14
chastain_park,2026-02-15,16:00,2026-02-12,3,19,Sunday,True,16,Sunny,59.9,14
chastain_park,2026-02-15,16:00,2026-02-13,2,20,Sunday,True,16,Sunny,59.9,14
chastain_park,2026-02-15,16:00,2026-02-14,1,20,Sunday,True,16,Sunny,59.9,14
chastain_park,2026-02-15,16:00,2026-02-15,0,19,Sunday,True,16,Sunny,59.9,14
chastain_park,2026-02-16,07:00,2026-02-11,5,17,Monday,False,7,Sunny,52.7,7
chastain_park,2026-02-16,07:00,2026-02-13,3,17,Monday,False,7,Sunny,52.7,7
chastain_park,2026-02-16,07:00,2026-02-14,2,19,Monday,False,7,Sunny,52.7,7
chastain_park,2026-02-16,07:00,2026-02-15,1,17,Monday,False,7,Sunny,52.7,7
chastain_park,2026-02-16,07:00,2026-02-16,0,19,Monday,False,7,Sunny,52.7,7
chastain_park,2026-02-16,08:00,2026-02-11,5,17,Monday,False,8,Sunny,52.7,7
chastain_park,2026-02-16,08:00,2026-02-13,3,17,Monday,False,8,Sunny,52.7,7
chastain_park,2026-02-16,08:00,2026-02-14,2,18,Monday,False,8,Sunny,52.7,7
chastain_park,2026-02-16,08:00,2026-02-15,1,18,Monday,False,8,Sunny,52.7,7
chastain_park,2026-02-16,08:00,2026-02-16,0,19,Monday,False,8,Sunny,52.7,7
chastain_park,2026-02-16,09:00,2026-02-11,5,18,Monday,False,9,Sunny,52.7,7
chastain_park,2026-02-16,09:00,2026-02-13,3,17,Monday,False,9,Sunny,52.7,7
chastain_park,2026-02-16,09:00,2026-02-14,2,17,Monday,False,9,Sunny,52.7,7
chastain_park,2026-02-16,09:00,2026-02-15,1,18,Monday,False,9,Sunny,52.7,7
chastain_park,2026-02-16,09:00,2026-02-16,0,20,Monday,False,9,Sunny,52.7,7
chastain_park,2026-02-16,10:00,2026-02-11,5,16,Monday,False,10,Sunny,52.7,7
chastain_park,2026-02-16,10:00,2026-02-13,3,17,Monday,False,10,Sunny,52.7,7
chastain_park,2026-02-16,10:00,2026-02-14,2,17,Monday,False,10,Sunny,52.7,7
chastain_park,2026-02-16,10:00,2026-02-15,1,17,Monday,False,10,Sunny,52.7,7
chastain_park,2026-02-16,10:00,2026-02-16,0,18,Monday,False,10,Sunny,52.7,7
chastain_park,2026-02-16,12:00,2026-02-11,5,15,Monday,False,12,Sunny,52.7,7
chastain_park,2026-02-16,12:00,2026-02-13,3,15,Monday,False,12,Sunny,52.7,7
chastain_park,2026-02-16,12:00,2026-02-14,2,16,Monday,False,12,Sunny,52.7,7
chastain_park,2026-02-16,12:00,2026-02-15,1,15,Monday,False,12,Sunny,52.7,7
chastain_park,2026-02-16,12:00,2026-02-16,0,15,Monday,False,12,Sunny,52.7,7
chastain_park,2026-02-16,14:00,2026-02-11,5,15,Monday,False,14,Sunny,52.7,7
chastain_park,2026-02-16,14:00,2026-02-13,3,15,Monday,False,14,Sunny,52.7,7
chastain_park,2026-02-16,14:00,2026-02-14,2,15,Monday,False,14,Sunny,52.7,7
chastain_park,2026-02-16,14:00,2026-02-15,1,15,Monday,False,14,Sunny,52.7,7
chastain_park,2026-02-16,14:00,2026-02-16,0,15,Monday,False,14,Sunny,52.7,7
chastain_park,2026-02-16,16:00,2026-02-11,5,15,Monday,False,16,Sunny,52.7,7
chastain_park,2026-02-16,16:00,2026-02-13,3,15,Monday,False,16,Sunny,52.7,7
chastain_park,2026-02-16,16:00,2026-02-14,2,15,Monday,False,16,Sunny,52.7,7
chastain_park,2026-02-16,16:00,2026-02-15,1,15,Monday,False,16,Sunny,52.7,7
chastain_park,2026-02-16,16:00,2026-02-16,0,15,Monday,False,16,Sunny,52.7,7
chastain_park,2026-02-17,07:00,2026-02-12,5,20,Tuesday,False,7,Sunny,59.0,1
chastain_park,2026-02-17,07:00,2026-02-14,3,19,Tuesday,False,7,Sunny,59.0,1
chastain_park,2026-02-17,07:00,2026-02-15,2,21,Tuesday,False,7,Sunny,59.0,1
chastain_park,2026-02-17,07:00,2026-02-16,1,20,Tuesday,False,7,Sunny,59.0,1
chastain_park,2026-02-17,07:00,2026-02-17,0,22,Tuesday,False,7,Sunny,59.0,1
chastain_park,2026-02-17,08:00,2026-02-12,5,19,Tuesday,False,8,Sunny,59.0,1
chastain_park,2026-02-17,08:00,2026-02-14,3,20,Tuesday,False,8,Sunny,59.0,1
chastain_park,2026-02-17,08:00,2026-02-15,2,20,Tuesday,False,8,Sunny,59.0,1
chastain_park,2026-02-17,08:00,2026-02-16,1,22,Tuesday,False,8,Sunny,59.0,1
chastain_park,2026-02-17,08:00,2026-02-17,0,21,Tuesday,False,8,Sunny,59.0,1
chastain_park,2026-02-17,09:00,2026-02-12,5,20,Tuesday,False,9,Sunny,59.0,1
chastain_park,2026-02-17,09:00,2026-02-14,3,21,Tuesday,False,9,Sunny,59.0,1
chastain_park,2026-02-17,09:00,2026-02-15,2,20,Tuesday,False,9,Sunny,59.0,1
chastain_park,2026-02-17,09:00,2026-02-16,1,21,Tuesday,False,9,Sunny,59.0,1
chastain_park,2026-02-17,09:00,2026-02-17,0,21,Tuesday,False,9,Sunny,59.0,1
chastain_park,2026-02-17,10:00,2026-02-12,5,19,Tuesday,False,10,Sunny,59.0,1
chastain_park,2026-02-17,10:00,2026-02-14,3,19,Tuesday,False,10,Sunny,59.0,1
chastain_park,2026-02-17,10:00,2026-02-15,2,20,Tuesday,False,10,Sunny,59.0,1
chastain_park,2026-02-17,10:00,2026-02-16,1,20,Tuesday,False,10,Sunny,59.0,1
chastain_park,2026-02-17,10:00,2026-02-17,0,20,Tuesday,False,10,Sunny,59.0,1
chastain_park,2026-02-17,12:00,2026-02-12,5,17,Tuesday,False,12,Sunny,59.0,1
chastain_park,2026-02-17,12:00,2026-02-14,3,17,Tuesday,False,12,Sunny,59.0,1
chastain_park,2026-02-17,12:00,2026-02-15,2,18,Tuesday,False,12,Sunny,59.0,1
chastain_park,2026-02-17,12:00,2026-02-16,1,18,Tuesday,False,12,Sunny,59.0,1
chastain_park,2026-02-17,12:00,2026-02-17,0,18,Tuesday,False,12,Sunny,59.0,1
chastain_park,2026-02-17,14:00,2026-02-12,5,16,Tuesday,False,14,Sunny,59.0,1
chastain_park,2026-02-17,14:00,2026-02-14,3,17,Tuesday,False,14,Sunny,59.0,1
chastain_park,2026-02-17,14:00,2026-02-15,2,18,Tuesday,False,14,Sunny,59.0,1
chastain_park,2026-02-17,14:00,2026-02-16,1,18,Tuesday,False,14,Sunny,59.0,1
chastain_park,2026-02-17,14:00,2026-02-17,0,19,Tuesday,False,14,Sunny,59.0,1
chastain_park,2026-02-17,16:00,2026-02-12,5,15,Tuesday,False,16,Sunny,59.0,1
chastain_park,2026-02-17,16:00,2026-02-14,3,15,Tuesday,False,16,Sunny,59.0,1
chastain_park,2026-02-17,16:00,2026-02-15,2,15,Tuesday,False,16,Sunny,59.0,1
chastain_park,2026-02-17,16:00,2026-02-16,1,15,Tuesday,False,16,Sunny,59.0,1
chastain_park,2026-02-17,16:00,2026-02-17,0,15,Tuesday,False,16,Sunny,59.0,1
chastain_park,2026-02-18,07:00,2026-02-11,7,19,Wednesday,False,7,Partly Cloudy,56.5,28
chastain_park,2026-02-18,07:00,2026-02-13,5,19,Wednesday,False,7,Partly Cloudy,56.5,28
chastain_park,2026-02-18,07:00,2026-02-15,3,19,Wednesday,False,7,Partly Cloudy,56.5,28
chastain_park,2026-02-18,07:00,2026-02-16,2,20,Wednesday,False,7,Partly Cloudy,56.5,28
chastain_park,2026-02-18,07:00,2026-02-17,1,20,Wednesday,False,7,Partly Cloudy,56.5,28
chastain_park,2026-02-18,07:00,2026-02-18,0,21,Wednesday,False,7,Partly Cloudy,56.5,28
chastain_park,2026-02-18,08:00,2026-02-11,7,18,Wednesday,False,8,Partly Cloudy,56.5,28
chastain_park,2026-02-18,08:00,2026-02-13,5,19,Wednesday,False,8,Partly Cloudy,56.5,28
chastain_park,2026-02-18,08:00,2026-02-15,3,20,Wednesday,False,8,Partly Cloudy,56.5,28
chastain_park,2026-02-18,08:00,2026-02-16,2,21,Wednesday,False,8,Partly Cloudy,56.5,28
chastain_park,2026-02-18,08:00,2026-02-17,1,21,Wednesday,False,8,Partly Cloudy,56.5,28
chastain_park,2026-02-18,08:00,2026-02-18,0,22,Wednesday,False,8,Partly Cloudy,56.5,28
chastain_park,2026-02-18,09:00,2026-02-11,7,18,Wednesday,False,9,Partly Cloudy,56.5,28
chastain_park,2026-02-18,09:00,2026-02-13,5,19,Wednesday,False,9,Partly Cloudy,56.5,28
chastain_park,2026-02-18,09:00,2026-02-15,3,20,Wednesday,False,9,Partly Cloudy,56.5,28
chastain_park,2026-02-18,09:00,2026-02-16,2,21,Wednesday,False,9,Partly Cloudy,56.5,28
chastain_park,2026-02-18,09:00,2026-02-17,1,21,Wednesday,False,9,Partly Cloudy,56.5,28
chastain_park,2026-02-18,09:00,2026-02-18,0,21,Wednesday,False,9,Partly Cloudy,56.5,28
chastain_park,2026-02-18,10:00,2026-02-11,7,19,Wednesday,False,10,Partly Cloudy,56.5,28
chastain_park,2026-02-18,10:00,2026-02-13,5,18,Wednesday,False,10,Partly Cloudy,56.5,28
chastain_park,2026-02-18,10:00,2026-02-15,3,18,Wednesday,False,10,Partly Cloudy,56.5,28
chastain_park,2026-02-18,10:00,2026-02-16,2,20,Wednesday,False,10,Partly Cloudy,56.5,28
chastain_park,2026-02-18,10:00,2026-02-17,1,20,Wednesday,False,10,Partly Cloudy,56.5,28
chastain_park,2026-02-18,10:00,2026-02-18,0,20,Wednesday,False,10,Partly Cloudy,56.5,28
chastain_park,2026-02-18,12:00,2026-02-11,7,16,Wednesday,False,12,Partly Cloudy,56.5,28
chastain_park,2026-02-18,12:00,2026-02-13,5,16,Wednesday,False,12,Partly Cloudy,56.5,28
chastain_park,2026-02-18,12:00,2026-02-15,3,16,Wednesday,False,12,Partly Cloudy,56.5,28
chastain_park,2026-02-18,12:00,2026-02-16,2,17,Wednesday,False,12,Partly Cloudy,56.5,28
chastain_park,2026-02-18,12:00,2026-02-17,1,16,Wednesday,False,12,Partly Cloudy,56.5,28
chastain_park,2026-02-18,12:00,2026-02-18,0,18,Wednesday,False,12,Partly Cloudy,56.5,28
chastain_park,2026-02-18,14:00,2026-02-11,7,15,Wednesday,False,14,Partly Cloudy,56.5,28
chastain_park,2026-02-18,14:00,2026-02-13,5,16,Wednesday,False,14,Partly Cloudy,56.5,28
chastain_park,2026-02-18,14:00,2026-02-15,3,16,Wednesday,False,14,Partly Cloudy,56.5,28
chastain_park,2026-02-18,14:00,2026-02-16,2,17,Wednesday,False,14,Partly Cloudy,56.5,28
chastain_park,2026-02-18,14:00,2026-02-17,1,18,Wednesday,False,14,Partly Cloudy,56.5,28
chastain_park,2026-02-18,14:00,2026-02-18,0,18,Wednesday,False,14,Partly Cloudy,56.5,28
chastain_park,2026-02-18,16:00,2026-02-11,7,15,Wednesday,False,16,Partly Cloudy,56.5,28
chastain_park,2026-02-18,16:00,2026-02-13,5,15,Wednesday,False,16,Partly Cloudy,56.5,28
chastain_park,2026-02-18,16:00,2026-02-15,3,15,Wednesday,False,16,Partly Cloudy,56.5,28
chastain_park,2026-02-18,16:00,2026-02-16,2,15,Wednesday,False,16,Partly Cloudy,56.5,28
chastain_park,2026-02-18,16:00,2026-02-17,1,15,Wednesday,False,16,Partly Cloudy,56.5,28
chastain_park,2026-02-18,16:00,2026-02-18,0,15,Wednesday,False,16,Partly Cloudy,56.5,28
chastain_park,2026-02-19,07:00,2026-02-12,7,20,Thursday,False,7,Sunny,59.6,1
chastain_park,2026-02-19,07:00,2026-02-14,5,20,Thursday,False,7,Sunny,59.6,1
chastain_park,2026-02-19,07:00,2026-02-16,3,21,Thursday,False,7,Sunny,59.6,1
chastain_park,2026-02-19,07:00,2026-02-17,2,22,Thursday,False,7,Sunny,59.6,1
chastain_park,2026-02-19,07:00,2026-02-18,1,23,Thursday,False,7,Sunny,59.6,1
chastain_park,2026-02-19,07:00,2026-02-19,0,23,Thursday,False,7,Sunny,59.6,1
chastain_park,2026-02-19,08:00,2026-02-12,7,20,Thursday,False,8,Sunny,59.6,1
chastain_park,2026-02-19,08:00,2026-02-14,5,21,Thursday,False,8,Sunny,59.6,1
chastain_park,2026-02-19,08:00,2026-02-16,3,21,Thursday,False,8,Sunny,59.6,1
chastain_park,2026-02-19,08:00,2026-02-17,2,23,Thursday,False,8,Sunny,59.6,1
chastain_park,2026-02-19,08:00,2026-02-18,1,21,Thursday,False,8,Sunny,59.6,1
chastain_park,2026-02-19,08:00,2026-02-19,0,24,Thursday,False,8,Sunny,59.6,1
chastain_park,2026-02-19,09:00,2026-02-12,7,20,Thursday,False,9,Sunny,59.6,1
chastain_park,2026-02-19,09:00,2026-02-14,5,22,Thursday,False,9,Sunny,59.6,1
chastain_park,2026-02-19,09:00,2026-02-16,3,20,Thursday,False,9,Sunny,59.6,1
chastain_park,2026-02-19,09:00,2026-02-17,2,21,Thursday,False,9,Sunny,59.6,1
chastain_park,2026-02-19,09:00,2026-02-18,1,22,Thursday,False,9,Sunny,59.6,1
chastain_park,2026-02-19,09:00,2026-02-19,0,24,Thursday,False,9,Sunny,59.6,1
chastain_park,2026-02-19,10:00,2026-02-12,7,19,Thursday,False,10,Sunny,59.6,1
chastain_park,2026-02-19,10:00,2026-02-14,5,20,Thursday,False,10,Sunny,59.6,1
chastain_park,2026-02-19,10:00,2026-02-16,3,21,Thursday,False,10,Sunny,59.6,1
chastain_park,2026-02-19,10:00,2026-02-17,2,22,Thursday,False,10,Sunny,59.6,1
chastain_park,2026-02-19,10:00,2026-02-18,1,22,Thursday,False,10,Sunny,59.6,1
chastain_park,2026-02-19,10:00,2026-02-19,0,22,Thursday,False,10,Sunny,59.6,1
chastain_park,2026-02-19,12:00,2026-02-12,7,17,Thursday,False,12,Sunny,59.6,1
chastain_park,2026-02-19,12:00,2026-02-14,5,18,Thursday,False,12,Sunny,59.6,1
chastain_park,2026-02-19,12:00,2026-02-16,3,18,Thursday,False,12,Sunny,59.6,1
chastain_park,2026-02-19,12:00,2026-02-17,2,19,Thursday,False,12,Sunny,59.6,1
chastain_park,2026-02-19,12:00,2026-02-18,1,19,Thursday,False,12,Sunny,59.6,1
chastain_park,2026-02-19,12:00,2026-02-19,0,19,Thursday,False,12,Sunny,59.6,1
chastain_park,2026-02-19,14:00,2026-02-12,7,17,Thursday,False,14,Sunny,59.6,1
chastain_park,2026-02-19,14:00,2026-02-14,5,18,Thursday,False,14,Sunny,59.6,1
chastain_park,2026-02-19,14:00,2026-02-16,3,18,Thursday,False,14,Sunny,59.6,1
chastain_park,2026-02-19,14:00,2026-02-17,2,19,Thursday,False,14,Sunny,59.6,1
chastain_park,2026-02-19,14:00,2026-02-18,1,19,Thursday,False,14,Sunny,59.6,1
chastain_park,2026-02-19,14:00,2026-02-19,0,20,Thursday,False,14,Sunny,59.6,1
chastain_park,2026-02-19,16:00,2026-02-12,7,15,Thursday,False,16,Sunny,59.6,1
chastain_park,2026-02-19,16:00,2026-02-14,5,15,Thursday,False,16,Sunny,59.6,1
chastain_park,2026-02-19,16:00,2026-02-16,3,15,Thursday,False,16,Sunny,59.6,1
chastain_park,2026-02-19,16:00,2026-02-17,2,15,Thursday,False,16,Sunny,59.6,1
chastain_park,2026-02-19,16:00,2026-02-18,1,15,Thursday,False,16,Sunny,59.6,1
chastain_park,2026-02-19,16:00,2026-02-19,0,15,Thursday,False,16,Sunny,59.6,1
chastain_park,2026-02-20,07:00,2026-02-13,7,20,Friday,False,7,Partly Cloudy,53.8,23
chastain_park,2026-02-20,07:00,2026-02-15,5,21,Friday,False,7,Partly Cloudy,53.8,23
chastain_park,2026-02-20,07:00,2026-02-17,3,21,Friday,False,7,Partly Cloudy,53.8,23
chastain_park,2026-02-20,07:00,2026-02-18,2,21,Friday,False,7,Partly Cloudy,53.8,23
chastain_park,2026-02-20,07:00,2026-02-19,1,22,Friday,False,7,Partly Cloudy,53.8,23
chastain_park,2026-02-20,07:00,2026-02-20,0,22,Friday,False,7,Partly Cloudy,53.8,23
chastain_park,2026-02-20,08:00,2026-02-13,7,20,Friday,False,8,Partly Cloudy,53.8,23
chastain_park,2026-02-20,08:00,2026-02-15,5,20,Friday,False,8,Partly Cloudy,53.8,23
chastain_park,2026-02-20,08:00,2026-02-17,3,21,Friday,False,8,Partly Cloudy,53.8,23
chastain_park,2026-02-20,08:00,2026-02-18,2,22,Friday,False,8,Partly Cloudy,53.8,23
chastain_park,2026-02-20,08:00,2026-02-19,1,22,Friday,False,8,Partly Cloudy,53.8,23
chastain_park,2026-02-20,08:00,2026-02-20,0,22,Friday,False,8,Partly Cloudy,53.8,23
chastain_park,2026-02-20,09:00,2026-02-13,7,20,Friday,False,9,Partly Cloudy,53.8,23
chastain_park,2026-02-20,09:00,2026-02-15,5,21,Friday,False,9,Partly Cloudy,53.8,23
chastain_park,2026-02-20,09:00,2026-02-17,3,20,Friday,False,9,Partly Cloudy,53.8,23
chastain_park,2026-02-20,09:00,2026-02-18,2,21,Friday,False,9,Partly Cloudy,53.8,23
chastain_park,2026-02-20,09:00,2026-02-19,1,22,Friday,False,9,Partly Cloudy,53.8,23
chastain_park,2026-02-20,09:00,2026-02-20,0,22,Friday,False,9,Partly Cloudy,53.8,23
chastain_park,2026-02-20,10:00,2026-02-13,7,19,Friday,False,10,Partly Cloudy,53.8,23
chastain_park,2026-02-20,10:00,2026-02-15,5,19,Friday,False,10,Partly Cloudy,53.8,23
chastain_park,2026-02-20,10:00,2026-02-17,3,20,Friday,False,10,Partly Cloudy,53.8,23
chastain_park,2026-02-20,10:00,2026-02-18,2,20,Friday,False,10,Partly Cloudy,53.8,23
chastain_park,2026-02-20,10:00,2026-02-19,1,21,Friday,False,10,Partly Cloudy,53.8,23
chastain_park,2026-02-20,10:00,2026-02-20,0,21,Friday,False,10,Partly Cloudy,53.8,23
chastain_park,2026-02-20,12:00,2026-02-13,7,17,Friday,False,12,Partly Cloudy,53.8,23
chastain_park,2026-02-20,12:00,2026-02-15,5,17,Friday,False,12,Partly Cloudy,53.8,23
chastain_park,2026-02-20,12:00,2026-02-17,3,18,Friday,False,12,Partly Cloudy,53.8,23
chastain_park,2026-02-20,12:00,2026-02-18,2,18,Friday,False,12,Partly Cloudy,53.8,23
chastain_park,2026-02-20,12:00,2026-02-19,1,19,Friday,False,12,Partly Cloudy,53.8,23
chastain_park,2026-02-20,12:00,2026-02-20,0,18,Friday,False,12,Partly Cloudy,53.8,23
chastain_park,2026-02-20,14:00,2026-02-13,7,16,Friday,False,14,Partly Cloudy,53.8,23
chastain_park,2026-02-20,14:00,2026-02-15,5,18,Friday,False,14,Partly Cloudy,53.8,23
chastain_park,2026-02-20,14:00,2026-02-17,3,17,Friday,False,14,Partly Cloudy,53.8,23
chastain_park,2026-02-20,14:00,2026-02-18,2,18,Friday,False,14,Partly Cloudy,53.8,23
chastain_park,2026-02-20,14:00,2026-02-19,1,18,Friday,False,14,Partly Cloudy,53.8,23
chastain_park,2026-02-20,14:00,2026-02-20,0,18,Friday,False,14,Partly Cloudy,53.8,23
chastain_park,2026-02-20,16:00,2026-02-13,7,15,Friday,False,16,Partly Cloudy,53.8,23
chastain_park,2026-02-20,16:00,2026-02-15,5,15,Friday,False,16,Partly Cloudy,53.8,23
chastain_park,2026-02-20,16:00,2026-02-17,3,15,Friday,False,16,Partly Cloudy,53.8,23
chastain_park,2026-02-20,16:00,2026-02-18,2,15,Friday,False,16,Partly Cloudy,53.8,23
chastain_park,2026-02-20,16:00,2026-02-19,1,15,Friday,False,16,Partly Cloudy,53.8,23
chastain_park,2026-02-20,16:00,2026-02-20,0,16,Friday,False,16,Partly Cloudy,53.8,23
chastain_park,2026-02-21,07:00,2026-02-11,10,22,Saturday,True,7,Overcast,52.0,60
chastain_park,2026-02-21,07:00,2026-02-14,7,22,Saturday,True,7,Overcast,52.0,60
chastain_park,2026-02-21,07:00,2026-02-16,5,23,Saturday,True,7,Overcast,52.0,60
chastain_park,2026-02-21,07:00,2026-02-18,3,24,Saturday,True,7,Overcast,52.0,60
chastain_park,2026-02-21,07:00,2026-02-19,2,25,Saturday,True,7,Overcast,52.0,60
chastain_park,2026-02-21,07:00,2026-02-20,1,26,Saturday,True,7,Overcast,52.0,60
chastain_park,2026-02-21,07:00,2026-02-21,0,27,Saturday,True,7,Overcast,52.0,60
chastain_park,2026-02-21,08:00,2026-02-11,10,23,Saturday,True,8,Overcast,52.0,60
chastain_park,2026-02-21,08:00,2026-02-14,7,23,Saturday,True,8,Overcast,52.0,60
chastain_park,2026-02-21,08:00,2026-02-16,5,23,Saturday,True,8,Overcast,52.0,60
chastain_park,2026-02-21,08:00,2026-02-18,3,24,Saturday,True,8,Overcast,52.0,60
chastain_park,2026-02-21,08:00,2026-02-19,2,25,Saturday,True,8,Overcast,52.0,60
chastain_park,2026-02-21,08:00,2026-02-20,1,25,Saturday,True,8,Overcast,52.0,60
chastain_park,2026-02-21,08:00,2026-02-21,0,26,Saturday,True,8,Overcast,52.0,60
chastain_park,2026-02-21,09:00,2026-02-11,10,23,Saturday,True,9,Overcast,52.0,60
chastain_park,2026-02-21,09:00,2026-02-14,7,23,Saturday,True,9,Overcast,52.0,60
chastain_park,2026-02-21,09:00,2026-02-16,5,23,Saturday,True,9,Overcast,52.0,60
chastain_park,2026-02-21,09:00,2026-02-18,3,24,Saturday,True,9,Overcast,52.0,60
chastain_park,2026-02-21,09:00,2026-02-19,2,26,Saturday,True,9,Overcast,52.0,60
chastain_park,2026-02-21,09:00,2026-02-20,1,24,Saturday,True,9,Overcast,52.0,60
chastain_park,2026-02-21,09:00,2026-02-21,0,26,Saturday,True,9,Overcast,52.0,60
chastain_park,2026-02-21,10:00,2026-02-11,10,20,Saturday,True,10,Overcast,52.0,60
chastain_park,2026-02-21,10:00,2026-02-14,7,20,Saturday,True,10,Overcast,52.0,60
chastain_park,2026-02-21,10:00,2026-02-16,5,22,Saturday,True,10,Overcast,52.0,60
chastain_park,2026-02-21,10:00,2026-02-18,3,23,Saturday,True,10,Overcast,52.0,60
chastain_park,2026-02-21,10:00,2026-02-19,2,23,Saturday,True,10,Overcast,52.0,60
chastain_park,2026-02-21,10:00,2026-02-20,1,23,Saturday,True,10,Overcast,52.0,60
chastain_park,2026-02-21,10:00,2026-02-21,0,23,Saturday,True,10,Overcast,52.0,60
chastain_park,2026-02-21,12:00,2026-02-11,10,17,Saturday,True,12,Overcast,52.0,60
chastain_park,2026-02-21,12:00,2026-02-14,7,17,Saturday,True,12,Overcast,52.0,60
chastain_park,2026-02-21,12:00,2026-02-16,5,18,Saturday,True,12,Overcast,52.0,60
chastain_park,2026-02-21,12:00,2026-02-18,3,19,Saturday,True,12,Overcast,52.0,60
chastain_park,2026-02-21,12:00,2026-02-19,2,18,Saturday,True,12,Overcast,52.0,60
chastain_park,2026-02-21,12:00,2026-02-20,1,20,Saturday,True,12,Overcast,52.0,60
chastain_park,2026-02-21,12:00,2026-02-21,0,20,Saturday,True,12,Overcast,52.0,60
chastain_park,2026-02-21,14:00,2026-02-11,10,17,Saturday,True,14,Overcast,52.0,60
chastain_park,2026-02-21,14:00,2026-02-14,7,18,Saturday,True,14,Overcast,52.0,60
chastain_park,2026-02-21,14:00,2026-02-16,5,19,Saturday,True,14,Overcast,52.0,60
chastain_park,2026-02-21,14:00,2026-02-18,3,18,Saturday,True,14,Overcast,52.0,60
chastain_park,2026-02-21,14:00,2026-02-19,2,18,Saturday,True,14,Overcast,52.0,60
chastain_park,2026-02-21,14:00,2026-02-20,1,20,Saturday,True,14,Overcast,52.0,60
chastain_park,2026-02-21,14:00,2026-02-21,0,20,Saturday,True,14,Overcast,52.0,60
chastain_park,2026-02-21,16:00,2026-02-11,10,15,Saturday,True,16,Overcast,52.0,60
chastain_park,2026-02-21,16:00,2026-02-14,7,15,Saturday,True,16,Overcast,52.0,60
chastain_park,2026-02-21,16:00,2026-02-16,5,15,Saturday,True,16,Overcast,52.0,60
chastain_park,2026-02-21,16:00,2026-02-18,3,15,Saturday,True,16,Overcast,52.0,60
chastain_park,2026-02-21,16:00,2026-02-19,2,16,Saturday,True,16,Overcast,52.0,60
chastain_park,2026-02-21,16:00,2026-02-20,1,15,Saturday,True,16,Overcast,52.0,60
chastain_park,2026-02-21,16:00,2026-02-21,0,16,Saturday,True,16,Overcast,52.0,60
chastain_park,2026-02-22,07:00,2026-02-12,10,26,Sunday,True,7,Sunny,59.8,6
chastain_park,2026-02-22,07:00,2026-02-15,7,27,Sunday,True,7,Sunny,59.8,6
chastain_park,2026-02-22,07:00,2026-02-17,5,28,Sunday,True,7,Sunny,59.8,6
chastain_park,2026-02-22,07:00,2026-02-19,3,29,Sunday,True,7,Sunny,59.8,6
chastain_park,2026-02-22,07:00,2026-02-20,2,29,Sunday,True,7,Sunny,59.8,6
chastain_park,2026-02-22,07:00,2026-02-21,1,29,Sunday,True,7,Sunny,59.8,6
chastain_park,2026-02-22,07:00,2026-02-22,0,32,Sunday,True,7,Sunny,59.8,6
chastain_park,2026-02-22,08:00,2026-02-12,10,27,Sunday,True,8,Sunny,59.8,6
chastain_park,2026-02-22,08:00,2026-02-15,7,27,Sunday,True,8,Sunny,59.8,6
chastain_park,2026-02-22,08:00,2026-02-17,5,28,Sunday,True,8,Sunny,59.8,6
chastain_park,2026-02-22,08:00,2026-02-19,3,29,Sunday,True,8,Sunny,59.8,6
chastain_park,2026-02-22,08:00,2026-02-20,2,30,Sunday,True,8,Sunny,59.8,6
chastain_park,2026-02-22,08:00,2026-02-21,1,30,Sunday,True,8,Sunny,59.8,6
chastain_park,2026-02-22,08:00,2026-02-22,0,30,Sunday,True,8,Sunny,59.8,6
chastain_park,2026-02-22,09:00,2026-02-12,10,28,Sunday,True,9,Sunny,59.8,6
chastain_park,2026-02-22,09:00,2026-02-15,7,27,Sunday,True,9,Sunny,59.8,6
chastain_park,2026-02-22,09:00,2026-02-17,5,28,Sunday,True,9,Sunny,59.8,6
chastain_park,2026-02-22,09:00,2026-02-19,3,29,Sunday,True,9,Sunny,59.8,6
chastain_park,2026-02-22,09:00,2026-02-20,2,29,Sunday,True,9,Sunny,59.8,6
chastain_park,2026-02-22,09:00,2026-02-21,1,30,Sunday,True,9,Sunny,59.8,6
chastain_park,2026-02-22,09:00,2026-02-22,0,31,Sunday,True,9,Sunny,59.8,6
chastain_park,2026-02-22,10:00,2026-02-12,10,24,Sunday,True,10,Sunny,59.8,6
chastain_park,2026-02-22,10:00,2026-02-15,7,25,Sunday,True,10,Sunny,59.8,6
chastain_park,2026-02-22,10:00,2026-02-17,5,25,Sunday,True,10,Sunny,59.8,6
chastain_park,2026-02-22,10:00,2026-02-19,3,25,Sunday,True,10,Sunny,59.8,6
chastain_park,2026-02-22,10:00,2026-02-20,2,28,Sunday,True,10,Sunny,59.8,6
chastain_park,2026-02-22,10:00,2026-02-21,1,27,Sunday,True,10,Sunny,59.8,6
chastain_park,2026-02-22,10:00,2026-02-22,0,28,Sunday,True,10,Sunny,59.8,6
chastain_park,2026-02-22,12:00,2026-02-12,10,20,Sunday,True,12,Sunny,59.8,6
chastain_park,2026-02-22,12:00,2026-02-15,7,22,Sunday,True,12,Sunny,59.8,6
chastain_park,2026-02-22,12:00,2026-02-17,5,22,Sunday,True,12,Sunny,59.8,6
chastain_park,2026-02-22,12:00,2026-02-19,3,23,Sunday,True,12,Sunny,59.8,6
chastain_park,2026-02-22,12:00,2026-02-20,2,24,Sunday,True,12,Sunny,59.8,6
chastain_park,2026-02-22,12:00,2026-02-21,1,23,Sunday,True,12,Sunny,59.8,6
chastain_park,2026-02-22,12:00,2026-02-22,0,24,Sunday,True,12,Sunny,59.8,6
chastain_park,2026-02-22,14:00,2026-02-12,10,20,Sunday,True,14,Sunny,59.8,6
chastain_park,2026-02-22,14:00,2026-02-15,7,21,Sunday,True,14,Sunny,59.8,6
chastain_park,2026-02-22,14:00,2026-02-17,5,22,Sunday,True,14,Sunny,59.8,6
chastain_park,2026-02-22,14:00,2026-02-19,3,23,Sunday,True,14,Sunny,59.8,6
chastain_park,2026-02-22,14:00,2026-02-20,2,24,Sunday,True,14,Sunny,59.8,6
chastain_park,2026-02-22,14:00,2026-02-21,1,24,Sunday,True,14,Sunny,59.8,6
chastain_park,2026-02-22,14:00,2026-02-22,0,24,Sunday,True,14,Sunny,59.8,6
chastain_park,2026-02-22,16:00,2026-02-12,10,17,Sunday,True,16,Sunny,59.8,6
chastain_park,2026-02-22,16:00,2026-02-15,7,17,Sunday,True,16,Sunny,59.8,6
chastain_park,2026-02-22,16:00,2026-02-17,5,18,Sunday,True,16,Sunny,59.8,6
chastain_park,2026-02-22,16:00,2026-02-19,3,19,Sunday,True,16,Sunny,59.8,6
chastain_park,2026-02-22,16:00,2026-02-20,2,21,Sunday,True,16,Sunny,59.8,6
chastain_park,2026-02-22,16:00,2026-02-21,1,19,Sunday,True,16,Sunny,59.8,6
chastain_park,2026-02-22,16:00,2026-02-22,0,19,Sunday,True,16,Sunny,59.8,6
chastain_park,2026-02-23,07:00,2026-02-13,10,15,Monday,False,7,Overcast,58.4,53
chastain_park,2026-02-23,07:00,2026-02-16,7,16,Monday,False,7,Overcast,58.4,53
chastain_park,2026-02-23,07:00,2026-02-18,5,17,Monday,False,7,Overcast,58.4,53
chastain_park,2026-02-23,07:00,2026-02-20,3,18,Monday,False,7,Overcast,58.4,53
chastain_park,2026-02-23,07:00,2026-02-21,2,18,Monday,False,7,Overcast,58.4,53
chastain_park,2026-02-23,07:00,2026-02-22,1,17,Monday,False,7,Overcast,58.4,53
chastain_park,2026-02-23,07:00,2026-02-23,0,18,Monday,False,7,Overcast,58.4,53
chastain_park,2026-02-23,08:00,2026-02-13,10,15,Monday,False,8,Overcast,58.4,53
chastain_park,2026-02-23,08:00,2026-02-16,7,16,Monday,False,8,Overcast,58.4,53
chastain_park,2026-02-23,08:00,2026-02-18,5,17,Monday,False,8,Overcast,58.4,53
chastain_park,2026-02-23,08:00,2026-02-20,3,18,Monday,False,8,Overcast,58.4,53
chastain_park,2026-02-23,08:00,2026-02-21,2,18,Monday,False,8,Overcast,58.4,53
chastain_park,2026-02-23,08:00,2026-02-22,1,18,Monday,False,8,Overcast,58.4,53
chastain_park,2026-02-23,08:00,2026-02-23,0,18,Monday,False,8,Overcast,58.4,53
chastain_park,2026-02-23,09:00,2026-02-13,10,16,Monday,False,9,Overcast,58.4,53
chastain_park,2026-02-23,09:00,2026-02-16,7,16,Monday,False,9,Overcast,58.4,53
chastain_park,2026-02-23,09:00,2026-02-18,5,16,Monday,False,9,Overcast,58.4,53
chastain_park,2026-02-23,09:00,2026-02-20,3,17,Monday,False,9,Overcast,58.4,53
chastain_park,2026-02-23,09:00,2026-02-21,2,18,Monday,False,9,Overcast,58.4,53
chastain_park,2026-02-23,09:00,2026-02-22,1,18,Monday,False,9,Overcast,58.4,53
chastain_park,2026-02-23,09:00,2026-02-23,0,18,Monday,False,9,Overcast,58.4,53
chastain_park,2026-02-23,10:00,2026-02-13,10,15,Monday,False,10,Overcast,58.4,53
chastain_park,2026-02-23,10:00,2026-02-16,7,15,Monday,False,10,Overcast,58.4,53
chastain_park,2026-02-23,10:00,2026-02-18,5,16,Monday,False,10,Overcast,58.4,53
chastain_park,2026-02-23,10:00,2026-02-20,3,16,Monday,False,10,Overcast,58.4,53
chastain_park,2026-02-23,10:00,2026-02-21,2,17,Monday,False,10,Overcast,58.4,53
chastain_park,2026-02-23,10:00,2026-02-22,1,17,Monday,False,10,Overcast,58.4,53
chastain_park,2026-02-23,10:00,2026-02-23,0,18,Monday,False,10,Overcast,58.4,53
chastain_park,2026-02-23,12:00,2026-02-13,10,15,Monday,False,12,Overcast,58.4,53
chastain_park,2026-02-23,12:00,2026-02-16,7,15,Monday,False,12,Overcast,58.4,53
chastain_park,2026-02-23,12:00,2026-02-18,5,15,Monday,False,12,Overcast,58.4,53
chastain_park,2026-02-23,12:00,2026-02-20,3,15,Monday,False,12,Overcast,58.4,53
chastain_park,2026-02-23,12:00,2026-02-21,2,15,Monday,False,12,Overcast,58.4,53
chastain_park,2026-02-23,12:00,2026-02-22,1,15,Monday,False,12,Overcast,58.4,53
chastain_park,2026-02-23,12:00,2026-02-23,0,15,Monday,False,12,Overcast,58.4,53
chastain_park,2026-02-23,14:00,2026-02-13,10,15,Monday,False,14,Overcast,58.4,53
chastain_park,2026-02-23,14:00,2026-02-16,7,15,Monday,False,14,Overcast,58.4,53
chastain_park,2026-02-23,14:00,2026-02-18,5,15,Monday,False,14,Overcast,58.4,53
chastain_park,2026-02-23,14:00,2026-02-20,3,15,Monday,False,14,Overcast,58.4,53
chastain_park,2026-02-23,14:00,2026-02-21,2,15,Monday,False,14,Overcast,58.4,53
chastain_park,2026-02-23,14:00,2026-02-22,1,15,Monday,False,14,Overcast,58.4,53
chastain_park,2026-02-23,14:00,2026-02-23,0,15,Monday,False,14,Overcast,58.4,53
chastain_park,2026-02-23,16:00,2026-02-13,10,15,Monday,False,16,Overcast,58.4,53
chastain_park,2026-02-23,16:00,2026-02-16,7,15,Monday,False,16,Overcast,58.4,53
chastain_park,2026-02-23,16:00,2026-02-18,5,15,Monday,False,16,Overcast,58.4,53
chastain_park,2026-02-23,16:00,2026-02-20,3,15,Monday,False,16,Overcast,58.4,53
chastain_park,2026-02-23,16:00,2026-02-21,2,15,Monday,False,16,Overcast,58.4,53
chastain_park,2026-02-23,16:00,2026-02-22,1,15,Monday,False,16,Overcast,58.4,53
chastain_park,2026-02-23,16:00,2026-02-23,0,15,Monday,False,16,Overcast,58.4,53
chastain_park,2026-02-24,07:00,2026-02-14,10,17,Tuesday,False,7,Partly Cloudy,55.4,16
chastain_park,2026-02-24,07:00,2026-02-17,7,18,Tuesday,False,7,Partly Cloudy,55.4,16
chastain_park,2026-02-24,07:00,2026-02-19,5,18,Tuesday,False,7,Partly Cloudy,55.4,16
chastain_park,2026-02-24,07:00,2026-02-21,3,18,Tuesday,False,7,Partly Cloudy,55.4,16
chastain_park,2026-02-24,07:00,2026-02-22,2,20,Tuesday,False,7,Partly Cloudy,55.4,16
chastain_park,2026-02-24,07:00,2026-02-23,1,19,Tuesday,False,7,Partly Cloudy,55.4,16
chastain_park,2026-02-24,07:00,2026-02-24,0,19,Tuesday,False,7,Partly Cloudy,55.4,16
chastain_park,2026-02-24,08:00,2026-02-14,10,17,Tuesday,False,8,Partly Cloudy,55.4,16
chastain_park,2026-02-24,08:00,2026-02-17,7,18,Tuesday,False,8,Partly Cloudy,55.4,16
chastain_park,2026-02-24,08:00,2026-02-19,5,19,Tuesday,False,8,Partly Cloudy,55.4,16
chastain_park,2026-02-24,08:00,2026-02-21,3,19,Tuesday,False,8,Partly Cloudy,55.4,16
chastain_park,2026-02-24,08:00,2026-02-22,2,21,Tuesday,False,8,Partly Cloudy,55.4,16
chastain_park,2026-02-24,08:00,2026-02-23,1,20,Tuesday,False,8,Partly Cloudy,55.4,16
chastain_park,2026-02-24,08:00,2026-02-24,0,20,Tuesday,False,8,Partly Cloudy,55.4,16
chastain_park,2026-02-24,09:00,2026-02-14,10,17,Tuesday,False,9,Partly Cloudy,55.4,16
chastain_park,2026-02-24,09:00,2026-02-17,7,18,Tuesday,False,9,Partly Cloudy,55.4,16
chastain_park,2026-02-24,09:00,2026-02-19,5,19,Tuesday,False,9,Partly Cloudy,55.4,16
chastain_park,2026-02-24,09:00,2026-02-21,3,19,Tuesday,False,9,Partly Cloudy,55.4,16
chastain_park,2026-02-24,09:00,2026-02-22,2,20,Tuesday,False,9,Partly Cloudy,55.4,16
chastain_park,2026-02-24,09:00,2026-02-23,1,19,Tuesday,False,9,Partly Cloudy,55.4,16
chastain_park,2026-02-24,09:00,2026-02-24,0,21,Tuesday,False,9,Partly Cloudy,55.4,16
chastain_park,2026-02-24,10:00,2026-02-14,10,17,Tuesday,False,10,Partly Cloudy,55.4,16
chastain_park,2026-02-24,10:00,2026-02-17,7,18,Tuesday,False,10,Partly Cloudy,55.4,16
chastain_park,2026-02-24,10:00,2026-02-19,5,18,Tuesday,False,10,Partly Cloudy,55.4,16
chastain_park,2026-02-24,10:00,2026-02-21,3,18,Tuesday,False,10,Partly Cloudy,55.4,16
chastain_park,2026-02-24,10:00,2026-02-22,2,19,Tuesday,False,10,Partly Cloudy,55.4,16
chastain_park,2026-02-24,10:00,2026-02-23,1,19,Tuesday,False,10,Partly Cloudy,55.4,16
chastain_park,2026-02-24,10:00,2026-02-24,0,19,Tuesday,False,10,Partly Cloudy,55.4,16
chastain_park,2026-02-24,12:00,2026-02-14,10,15,Tuesday,False,12,Partly Cloudy,55.4,16
chastain_park,2026-02-24,12:00,2026-02-17,7,15,Tuesday,False,12,Partly Cloudy,55.4,16
chastain_park,2026-02-24,12:00,2026-02-19,5,16,Tuesday,False,12,Partly Cloudy,55.4,16
chastain_park,2026-02-24,12:00,2026-02-21,3,17,Tuesday,False,12,Partly Cloudy,55.4,16
chastain_park,2026-02-24,12:00,2026-02-22,2,15,Tuesday,False,12,Partly Cloudy,55.4,16
chastain_park,2026-02-24,12:00,2026-02-23,1,16,Tuesday,False,12,Partly Cloudy,55.4,16
chastain_park,2026-02-24,12:00,2026-02-24,0,17,Tuesday,False,12,Partly Cloudy,55.4,16
chastain_park,2026-02-24,14:00,2026-02-14,10,15,Tuesday,False,14,Partly Cloudy,55.4,16
chastain_park,2026-02-24,14:00,2026-02-17,7,15,Tuesday,False,14,Partly Cloudy,55.4,16
chastain_park,2026-02-24,14:00,2026-02-19,5,15,Tuesday,False,14,Partly Cloudy,55.4,16
chastain_park,2026-02-24,14:00,2026-02-21,3,16,Tuesday,False,14,Partly Cloudy,55.4,16
chastain_park,2026-02-24,14:00,2026-02-22,2,17,Tuesday,False,14,Partly Cloudy,55.4,16
chastain_park,2026-02-24,14:00,2026-02-23,1,17,Tuesday,False,14,Partly Cloudy,55.4,16
chastain_park,2026-02-24,14:00,2026-02-24,0,17,Tuesday,False,14,Partly Cloudy,55.4,16
chastain_park,2026-02-24,16:00,2026-02-14,10,15,Tuesday,False,16,Partly Cloudy,55.4,16
chastain_park,2026-02-24,16:00,2026-02-17,7,15,Tuesday,False,16,Partly Cloudy,55.4,16
chastain_park,2026-02-24,16:00,2026-02-19,5,15,Tuesday,False,16,Partly Cloudy,55.4,16
chastain_park,2026-02-24,16:00,2026-02-21,3,15,Tuesday,False,16,Partly Cloudy,55.4,16
chastain_park,2026-02-24,16:00,2026-02-22,2,15,Tuesday,False,16,Partly Cloudy,55.4,16
chastain_park,2026-02-24,16:00,2026-02-23,1,15,Tuesday,False,16,Partly Cloudy,55.4,16
chastain_park,2026-02-24,16:00,2026-02-24,0,15,Tuesday,False,16,Partly Cloudy,55.4,16
chastain_park,2026-02-25,07:00,2026-02-11,14,17,Wednesday,False,7,Partly Cloudy,55.4,16
chastain_park,2026-02-25,07:00,2026-02-15,10,18,Wednesday,False,7,Partly Cloudy,55.4,16
chastain_park,2026-02-25,07:00,2026-02-18,7,19,Wednesday,False,7,Partly Cloudy,55.4,16
chastain_park,2026-02-25,07:00,2026-02-20,5,18,Wednesday,False,7,Partly Cloudy,55.4,16
chastain_park,2026-02-25,07:00,2026-02-22,3,20,Wednesday,False,7,Partly Cloudy,55.4,16
chastain_park,2026-02-25,07:00,2026-02-23,2,21,Wednesday,False,7,Partly Cloudy,55.4,16
chastain_park,2026-02-25,07:00,2026-02-24,1,21,Wednesday,False,7,Partly Cloudy,55.4,16
chastain_park,2026-02-25,07:00,2026-02-25,0,21,Wednesday,False,7,Partly Cloudy,55.4,16
chastain_park,2026-02-25,08:00,2026-02-11,14,17,Wednesday,False,8,Partly Cloudy,55.4,16
chastain_park,2026-02-25,08:00,2026-02-15,10,18,Wednesday,False,8,Partly Cloudy,55.4,16
chastain_park,2026-02-25,08:00,2026-02-18,7,18,Wednesday,False,8,Partly Cloudy,55.4,16
chastain_park,2026-02-25,08:00,2026-02-20,5,19,Wednesday,False,8,Partly Cloudy,55.4,16
chastain_park,2026-02-25,08:00,2026-02-22,3,19,Wednesday,False,8,Partly Cloudy,55.4,16
chastain_park,2026-02-25,08:00,2026-02-23,2,21,Wednesday,False,8,Partly Cloudy,55.4,16
chastain_park,2026-02-25,08:00,2026-02-24,1,20,Wednesday,False,8,Partly Cloudy,55.4,16
chastain_park,2026-02-25,08:00,2026-02-25,0,21,Wednesday,False,8,Partly Cloudy,55.4,16
chastain_park,2026-02-25,09:00,2026-02-11,14,18,Wednesday,False,9,Partly Cloudy,55.4,16
chastain_park,2026-02-25,09:00,2026-02-15,10,17,Wednesday,False,9,Partly Cloudy,55.4,16
chastain_park,2026-02-25,09:00,2026-02-18,7,19,Wednesday,False,9,Partly Cloudy,55.4,16
chastain_park,2026-02-25,09:00,2026-02-20,5,18,Wednesday,False,9,Partly Cloudy,55.4,16
chastain_park,2026-02-25,09:00,2026-02-22,3,19,Wednesday,False,9,Partly Cloudy,55.4,16
chastain_park,2026-02-25,09:00,2026-02-23,2,21,Wednesday,False,9,Partly Cloudy,55.4,16
chastain_park,2026-02-25,09:00,2026-02-24,1,20,Wednesday,False,9,Partly Cloudy,55.4,16
chastain_park,2026-02-25,09:00,2026-02-25,0,22,Wednesday,False,9,Partly Cloudy,55.4,16
chastain_park,2026-02-25,10:00,2026-02-11,14,17,Wednesday,False,10,Partly Cloudy,55.4,16
chastain_park,2026-02-25,10:00,2026-02-15,10,17,Wednesday,False,10,Partly Cloudy,55.4,16
chastain_park,2026-02-25,10:00,2026-02-18,7,17,Wednesday,False,10,Partly Cloudy,55.4,16
chastain_park,2026-02-25,10:00,2026-02-20,5,19,Wednesday,False,10,Partly Cloudy,55.4,16
chastain_park,2026-02-25,10:00,2026-02-22,3,19,Wednesday,False,10,Partly Cloudy,55.4,16
chastain_park,2026-02-25,10:00,2026-02-23,2,19,Wednesday,False,10,Partly Cloudy,55.4,16
chastain_park,2026-02-25,10:00,2026-02-24,1,19,Wednesday,False,10,Partly Cloudy,55.4,16
chastain_park,2026-02-25,10:00,2026-02-25,0,19,Wednesday,False,10,Partly Cloudy,55.4,16
chastain_park,2026-02-25,12:00,2026-02-11,14,15,Wednesday,False,12,Partly Cloudy,55.4,16
chastain_park,2026-02-25,12:00,2026-02-15,10,15,Wednesday,False,12,Partly Cloudy,55.4,16
chastain_park,2026-02-25,12:00,2026-02-18,7,15,Wednesday,False,12,Partly Cloudy,55.4,16
chastain_park,2026-02-25,12:00,2026-02-20,5,16,Wednesday,False,12,Partly Cloudy,55.4,16
chastain_park,2026-02-25,12:00,2026-02-22,3,17,Wednesday,False,12,Partly Cloudy,55.4,16
chastain_park,2026-02-25,12:00,2026-02-23,2,18,Wednesday,False,12,Partly Cloudy,55.4,16
chastain_park,2026-02-25,12:00,2026-02-24,1,17,Wednesday,False,12,Partly Cloudy,55.4,16
chastain_park,2026-02-25,12:00,2026-02-25,0,18,Wednesday,False,12,Partly Cloudy,55.4,16
chastain_park,2026-02-25,14:00,2026-02-11,14,15,Wednesday,False,14,Partly Cloudy,55.4,16
chastain_park,2026-02-25,14:00,2026-02-15,10,15,Wednesday,False,14,Partly Cloudy,55.4,16
chastain_park,2026-02-25,14:00,2026-02-18,7,16,Wednesday,False,14,Partly Cloudy,55.4,16
chastain_park,2026-02-25,14:00,2026-02-20,5,17,Wednesday,False,14,Partly Cloudy,55.4,16
chastain_park,2026-02-25,14:00,2026-02-22,3,17,Wednesday,False,14,Partly Cloudy,55.4,16
chastain_park,2026-02-25,14:00,2026-02-23,2,17,Wednesday,False,14,Partly Cloudy,55.4,16
chastain_park,2026-02-25,14:00,2026-02-24,1,17,Wednesday,False,14,Partly Cloudy,55.4,16
chastain_park,2026-02-25,14:00,2026-02-25,0,18,Wednesday,False,14,Partly Cloudy,55.4,16
chastain_park,2026-02-25,16:00,2026-02-11,14,15,Wednesday,False,16,Partly Cloudy,55.4,16
chastain_park,2026-02-25,16:00,2026-02-15,10,15,Wednesday,False,16,Partly Cloudy,55.4,16
chastain_park,2026-02-25,16:00,2026-02-18,7,15,Wednesday,False,16,Partly Cloudy,55.4,16
chastain_park,2026-02-25,16:00,2026-02-20,5,15,Wednesday,False,16,Partly Cloudy,55.4,16
chastain_park,2026-02-25,16:00,2026-02-22,3,15,Wednesday,False,16,Partly Cloudy,55.4,16
chastain_park,2026-02-25,16:00,2026-02-23,2,15,Wednesday,False,16,Partly Cloudy,55.4,16
chastain_park,2026-02-25,16:00,2026-02-24,1,15,Wednesday,False,16,Partly Cloudy,55.4,16
chastain_park,2026-02-25,16:00,2026-02-25,0,15,Wednesday,False,16,Partly Cloudy,55.4,16
chastain_park,2026-02-26,07:00,2026-02-12,14,17,Thursday,False,7,Sunny,54.5,2
chastain_park,2026-02-26,07:00,2026-02-16,10,17,Thursday,False,7,Sunny,54.5,2
chastain_park,2026-02-26,07:00,2026-02-19,7,19,Thursday,False,7,Sunny,54.5,2
chastain_park,2026-02-26,07:00,2026-02-21,5,18,Thursday,False,7,Sunny,54.5,2
chastain_park,2026-02-26,07:00,2026-02-23,3,20,Thursday,False,7,Sunny,54.5,2
chastain_park,2026-02-26,07:00,2026-02-24,2,19,Thursday,False,7,Sunny,54.5,2
chastain_park,2026-02-26,07:00,2026-02-25,1,20,Thursday,False,7,Sunny,54.5,2
chastain_park,2026-02-26,07:00,2026-02-26,0,20,Thursday,False,7,Sunny,54.5,2
chastain_park,2026-02-26,08:00,2026-02-12,14,18,Thursday,False,8,Sunny,54.5,2
chastain_park,2026-02-26,08:00,2026-02-16,10,17,Thursday,False,8,Sunny,54.5,2
chastain_park,2026-02-26,08:00,2026-02-19,7,18,Thursday,False,8,Sunny,54.5,2
chastain_park,2026-02-26,08:00,2026-02-21,5,19,Thursday,False,8,Sunny,54.5,2
chastain_park,2026-02-26,08:00,2026-02-23,3,19,Thursday,False,8,Sunny,54.5,2
chastain_park,2026-02-26,08:00,2026-02-24,2,21,Thursday,False,8,Sunny,54.5,2
chastain_park,2026-02-26,08:00,2026-02-25,1,20,Thursday,False,8,Sunny,54.5,2
chastain_park,2026-02-26,08:00,2026-02-26,0,20,Thursday,False,8,Sunny,54.5,2
chastain_park,2026-02-26,09:00,2026-02-12,14,17,Thursday,False,9,Sunny,54.5,2
chastain_park,2026-02-26,09:00,2026-02-16,10,17,Thursday,False,9,Sunny,54.5,2
chastain_park,2026-02-26,09:00,2026-02-19,7,19,Thursday,False,9,Sunny,54.5,2
chastain_park,2026-02-26,09:00,2026-02-21,5,19,Thursday,False,9,Sunny,54.5,2
chastain_park,2026-02-26,09:00,2026-02-23,3,20,Thursday,False,9,Sunny,54.5,2
chastain_park,2026-02-26,09:00,2026-02-24,2,21,Thursday,False,9,Sunny,54.5,2
chastain_park,2026-02-26,09:00,2026-02-25,1,19,Thursday,False,9,Sunny,54.5,2
chastain_park,2026-02-26,09:00,2026-02-26,0,21,Thursday,False,9,Sunny,54.5,2
chastain_park,2026-02-26,10:00,2026-02-12,14,16,Thursday,False,10,Sunny,54.5,2
chastain_park,2026-02-26,10:00,2026-02-16,10,18,Thursday,False,10,Sunny,54.5,2
chastain_park,2026-02-26,10:00,2026-02-19,7,17,Thursday,False,10,Sunny,54.5,2
chastain_park,2026-02-26,10:00,2026-02-21,5,17,Thursday,False,10,Sunny,54.5,2
chastain_park,2026-02-26,10:00,2026-02-23,3,18,Thursday,False,10,Sunny,54.5,2
chastain_park,2026-02-26,10:00,2026-02-24,2,19,Thursday,False,10,Sunny,54.5,2
chastain_park,2026-02-26,10:00,2026-02-25,1,18,Thursday,False,10,Sunny,54.5,2
chastain_park,2026-02-26,10:00,2026-02-26,0,20,Thursday,False,10,Sunny,54.5,2
chastain_park,2026-02-26,12:00,2026-02-12,14,15,Thursday,False,12,Sunny,54.5,2
chastain_park,2026-02-26,12:00,2026-02-16,10,15,Thursday,False,12,Sunny,54.5,2
chastain_park,2026-02-26,12:00,2026-02-19,7,15,Thursday,False,12,Sunny,54.5,2
chastain_park,2026-02-26,12:00,2026-02-21,5,16,Thursday,False,12,Sunny,54.5,2
chastain_park,2026-02-26,12:00,2026-02-23,3,16,Thursday,False,12,Sunny,54.5,2
chastain_park,2026-02-26,12:00,2026-02-24,2,17,Thursday,False,12,Sunny,54.5,2
chastain_park,2026-02-26,12:00,2026-02-25,1,17,Thursday,False,12,Sunny,54.5,2
chastain_park,2026-02-26,12:00,2026-02-26,0,17,Thursday,False,12,Sunny,54.5,2
chastain_park,2026-02-26,14:00,2026-02-12,14,15,Thursday,False,14,Sunny,54.5,2
chastain_park,2026-02-26,14:00,2026-02-16,10,15,Thursday,False,14,Sunny,54.5,2
chastain_park,2026-02-26,14:00,2026-02-19,7,15,Thursday,False,14,Sunny,54.5,2
chastain_park,2026-02-26,14:00,2026-02-21,5,16,Thursday,False,14,Sunny,54.5,2
chastain_park,2026-02-26,14:00,2026-02-23,3,16,Thursday,False,14,Sunny,54.5,2
chastain_park,2026-02-26,14:00,2026-02-24,2,17,Thursday,False,14,Sunny,54.5,2
chastain_park,2026-02-26,14:00,2026-02-25,1,17,Thursday,False,14,Sunny,54.5,2
chastain_park,2026-02-26,14:00,2026-02-26,0,16,Thursday,False,14,Sunny,54.5,2
chastain_park,2026-02-26,16:00,2026-02-12,14,15,Thursday,False,16,Sunny,54.5,2
chastain_park,2026-02-26,16:00,2026-02-16,10,15,Thursday,False,16,Sunny,54.5,2
chastain_park,2026-02-26,16:00,2026-02-19,7,15,Thursday,False,16,Sunny,54.5,2
chastain_park,2026-02-26,16:00,2026-02-21,5,15,Thursday,False,16,Sunny,54.5,2
chastain_park,2026-02-26,16:00,2026-02-23,3,15,Thursday,False,16,Sunny,54.5,2
chastain_park,2026-02-26,16:00,2026-02-24,2,15,Thursday,False,16,Sunny,54.5,2
chastain_park,2026-02-26,16:00,2026-02-25,1,15,Thursday,False,16,Sunny,54.5,2
chastain_park,2026-02-26,16:00,2026-02-26,0,15,Thursday,False,16,Sunny,54.5,2
chastain_park,2026-02-27,07:00,2026-02-13,14,22,Friday,False,7,Sunny,58.0,10
chastain_park,2026-02-27,07:00,2026-02-17,10,22,Friday,False,7,Sunny,58.0,10
chastain_park,2026-02-27,07:00,2026-02-20,7,23,Friday,False,7,Sunny,58.0,10
chastain_park,2026-02-27,07:00,2026-02-22,5,24,Friday,False,7,Sunny,58.0,10
chastain_park,2026-02-27,07:00,2026-02-24,3,25,Friday,False,7,Sunny,58.0,10
chastain_park,2026-02-27,07:00,2026-02-25,2,26,Friday,False,7,Sunny,58.0,10
chastain_park,2026-02-27,07:00,2026-02-26,1,26,Friday,False,7,Sunny,58.0,10
chastain_park,2026-02-27,07:00,2026-02-27,0,26,Friday,False,7,Sunny,58.0,10
chastain_park,2026-02-27,08:00,2026-02-13,14,21,Friday,False,8,Sunny,58.0,10
chastain_park,2026-02-27,08:00,2026-02-17,10,21,Friday,False,8,Sunny,58.0,10
chastain_park,2026-02-27,08:00,2026-02-20,7,23,Friday,False,8,Sunny,58.0,10
chastain_park,2026-02-27,08:00,2026-02-22,5,23,Friday,False,8,Sunny,58.0,10
chastain_park,2026-02-27,08:00,2026-02-24,3,24,Friday,False,8,Sunny,58.0,10
chastain_park,2026-02-27,08:00,2026-02-25,2,26,Friday,False,8,Sunny,58.0,10
chastain_park,2026-02-27,08:00,2026-02-26,1,26,Friday,False,8,Sunny,58.0,10
chastain_park,2026-02-27,08:00,2026-02-27,0,25,Friday,False,8,Sunny,58.0,10
chastain_park,2026-02-27,09:00,2026-02-13,14,22,Friday,False,9,Sunny,58.0,10
chastain_park,2026-02-27,09:00,2026-02-17,10,23,Friday,False,9,Sunny,58.0,10
chastain_park,2026-02-27,09:00,2026-02-20,7,22,Friday,False,9,Sunny,58.0,10
chastain_park,2026-02-27,09:00,2026-02-22,5,25,Friday,False,9,Sunny,58.0,10
chastain_park,2026-02-27,09:00,2026-02-24,3,24,Friday,False,9,Sunny,58.0,10
chastain_park,2026-02-27,09:00,2026-02-25,2,25,Friday,False,9,Sunny,58.0,10
chastain_park,2026-02-27,09:00,2026-02-26,1,25,Friday,False,9,Sunny,58.0,10
chastain_park,2026-02-27,09:00,2026-02-27,0,25,Friday,False,9,Sunny,58.0,10
chastain_park,2026-02-27,10:00,2026-02-13,14,21,Friday,False,10,Sunny,58.0,10
chastain_park,2026-02-27,10:00,2026-02-17,10,22,Friday,False,10,Sunny,58.0,10
chastain_park,2026-02-27,10:00,2026-02-20,7,22,Friday,False,10,Sunny,58.0,10
chastain_park,2026-02-27,10:00,2026-02-22,5,23,Friday,False,10,Sunny,58.0,10
chastain_park,2026-02-27,10:00,2026-02-24,3,24,Friday,False,10,Sunny,58.0,10
chastain_park,2026-02-27,10:00,2026-02-25,2,24,Friday,False,10,Sunny,58.0,10
chastain_park,2026-02-27,10:00,2026-02-26,1,25,Friday,False,10,Sunny,58.0,10
chastain_park,2026-02-27,10:00,2026-02-27,0,24,Friday,False,10,Sunny,58.0,10
chastain_park,2026-02-27,12:00,2026-02-13,14,18,Friday,False,12,Sunny,58.0,10
chastain_park,2026-02-27,12:00,2026-02-17,10,19,Friday,False,12,Sunny,58.0,10
chastain_park,2026-02-27,12:00,2026-02-20,7,18,Friday,False,12,Sunny,58.0,10
chastain_park,2026-02-27,12:00,2026-02-22,5,20,Friday,False,12,Sunny,58.0,10
chastain_park,2026-02-27,12:00,2026-02-24,3,20,Friday,False,12,Sunny,58.0,10
chastain_park,2026-02-27,12:00,2026-02-25,2,21,Friday,False,12,Sunny,58.0,10
chastain_park,2026-02-27,12:00,2026-02-26,1,21,Friday,False,12,Sunny,58.0,10
chastain_park,2026-02-27,12:00,2026-02-27,0,22,Friday,False,12,Sunny,58.0,10
chastain_park,2026-02-27,14:00,2026-02-13,14,18,Friday,False,14,Sunny,58.0,10
chastain_park,2026-02-27,14:00,2026-02-17,10,18,Friday,False,14,Sunny,58.0,10
chastain_park,2026-02-27,14:00,2026-02-20,7,20,Friday,False,14,Sunny,58.0,10
chastain_park,2026-02-27,14:00,2026-02-22,5,20,Friday,False,14,Sunny,58.0,10
chastain_park,2026-02-27,14:00,2026-02-24,3,20,Friday,False,14,Sunny,58.0,10
chastain_park,2026-02-27,14:00,2026-02-25,2,21,Friday,False,14,Sunny,58.0,10
chastain_park,2026-02-27,14:00,2026-02-26,1,22,Friday,False,14,Sunny,58.0,10
chastain_park,2026-02-27,14:00,2026-02-27,0,22,Friday,False,14,Sunny,58.0,10
chastain_park,2026-02-27,16:00,2026-02-13,14,15,Friday,False,16,Sunny,58.0,10
chastain_park,2026-02-27,16:00,2026-02-17,10,15,Friday,False,16,Sunny,58.0,10
chastain_park,2026-02-27,16:00,2026-02-20,7,16,Friday,False,16,Sunny,58.0,10
chastain_park,2026-02-27,16:00,2026-02-22,5,17,Friday,False,16,Sunny,58.0,10
chastain_park,2026-02-27,16:00,2026-02-24,3,16,Friday,False,16,Sunny,58.0,10
chastain_park,2026-02-27,16:00,2026-02-25,2,18,Friday,False,16,Sunny,58.0,10
chastain_park,2026-02-27,16:00,2026-02-26,1,17,Friday,False,16,Sunny,58.0,10
chastain_park,2026-02-27,16:00,2026-02-27,0,18,Friday,False,16,Sunny,58.0,10
chastain_park,2026-02-28,07:00,2026-02-14,14,26,Saturday,True,7,Sunny,60.0,5
chastain_park,2026-02-28,07:00,2026-02-18,10,28,Saturday,True,7,Sunny,60.0,5
chastain_park,2026-02-28,07:00,2026-02-21,7,29,Saturday,True,7,Sunny,60.0,5
chastain_park,2026-02-28,07:00,2026-02-23,5,29,Saturday,True,7,Sunny,60.0,5
chastain_park,2026-02-28,07:00,2026-02-25,3,29,Saturday,True,7,Sunny,60.0,5
chastain_park,2026-02-28,07:00,2026-02-26,2,30,Saturday,True,7,Sunny,60.0,5
chastain_park,2026-02-28,07:00,2026-02-27,1,31,Saturday,True,7,Sunny,60.0,5
chastain_park,2026-02-28,07:00,2026-02-28,0,33,Saturday,True,7,Sunny,60.0,5
chastain_park,2026-02-28,08:00,2026-02-14,14,28,Saturday,True,8,Sunny,60.0,5
chastain_park,2026-02-28,08:00,2026-02-18,10,28,Saturday,True,8,Sunny,60.0,5
chastain_park,2026-02-28,08:00,2026-02-21,7,28,Saturday,True,8,Sunny,60.0,5
chastain_park,2026-02-28,08:00,2026-02-23,5,29,Saturday,True,8,Sunny,60.0,5
chastain_park,2026-02-28,08:00,2026-02-25,3,31,Saturday,True,8,Sunny,60.0,5
chastain_park,2026-02-28,08:00,2026-02-26,2,31,Saturday,True,8,Sunny,60.0,5
chastain_park,2026-02-28,08:00,2026-02-27,1,33,Saturday,True,8,Sunny,60.0,5
chastain_park,2026-02-28,08:00,2026-02-28,0,33,Saturday,True,8,Sunny,60.0,5
chastain_park,2026-02-28,09:00,2026-02-14,14,27,Saturday,True,9,Sunny,60.0,5
chastain_park,2026-02-28,09:00,2026-02-18,10,29,Saturday,True,9,Sunny,60.0,5
chastain_park,2026-02-28,09:00,2026-02-21,7,27,Saturday,True,9,Sunny,60.0,5
chastain_park,2026-02-28,09:00,2026-02-23,5,30,Saturday,True,9,Sunny,60.0,5
chastain_park,2026-02-28,09:00,2026-02-25,3,30,Saturday,True,9,Sunny,60.0,5
chastain_park,2026-02-28,09:00,2026-02-26,2,31,Saturday,True,9,Sunny,60.0,5
chastain_park,2026-02-28,09:00,2026-02-27,1,32,Saturday,True,9,Sunny,60.0,5
chastain_park,2026-02-28,09:00,2026-02-28,0,34,Saturday,True,9,Sunny,60.0,5
chastain_park,2026-02-28,10:00,2026-02-14,14,25,Saturday,True,10,Sunny,60.0,5
chastain_park,2026-02-28,10:00,2026-02-18,10,24,Saturday,True,10,Sunny,60.0,5
chastain_park,2026-02-28,10:00,2026-02-21,7,26,Saturday,True,10,Sunny,60.0,5
chastain_park,2026-02-28,10:00,2026-02-23,5,28,Saturday,True,10,Sunny,60.0,5
chastain_park,2026-02-28,10:00,2026-02-25,3,28,Saturday,True,10,Sunny,60.0,5
chastain_park,2026-02-28,10:00,2026-02-26,2,29,Saturday,True,10,Sunny,60.0,5
chastain_park,2026-02-28,10:00,2026-02-27,1,28,Saturday,True,10,Sunny,60.0,5
chastain_park,2026-02-28,10:00,2026-02-28,0,29,Saturday,True,10,Sunny,60.0,5
chastain_park,2026-02-28,12:00,2026-02-14,14,20,Saturday,True,12,Sunny,60.0,5
chastain_park,2026-02-28,12:00,2026-02-18,10,21,Saturday,True,12,Sunny,60.0,5
chastain_park,2026-02-28,12:00,2026-02-21,7,22,Saturday,True,12,Sunny,60.0,5
chastain_park,2026-02-28,12:00,2026-02-23,5,23,Saturday,True,12,Sunny,60.0,5
chastain_park,2026-02-28,12:00,2026-02-25,3,23,Saturday,True,12,Sunny,60.0,5
chastain_park,2026-02-28,12:00,2026-02-26,2,24,Saturday,True,12,Sunny,60.0,5
chastain_park,2026-02-28,12:00,2026-02-27,1,25,Saturday,True,12,Sunny,60.0,5
chastain_park,2026-02-28,12:00,2026-02-28,0,25,Saturday,True,12,Sunny,60.0,5
chastain_park,2026-02-28,14:00,2026-02-14,14,22,Saturday,True,14,Sunny,60.0,5
chastain_park,2026-02-28,14:00,2026-02-18,10,21,Saturday,True,14,Sunny,60.0,5
chastain_park,2026-02-28,14:00,2026-02-21,7,23,Saturday,True,14,Sunny,60.0,5
chastain_park,2026-02-28,14:00,2026-02-23,5,23,Saturday,True,14,Sunny,60.0,5
chastain_park,2026-02-28,14:00,2026-02-25,3,23,Saturday,True,14,Sunny,60.0,5
chastain_park,2026-02-28,14:00,2026-02-26,2,25,Saturday,True,14,Sunny,60.0,5
chastain_park,2026-02-28,14:00,2026-02-27,1,24,Saturday,True,14,Sunny,60.0,5
chastain_park,2026-02-28,14:00,2026-02-28,0,26,Saturday,True,14,Sunny,60.0,5
chastain_park,2026-02-28,16:00,2026-02-14,14,17,Saturday,True,16,Sunny,60.0,5
chastain_park,2026-02-28,16:00,2026-02-18,10,18,Saturday,True,16,Sunny,60.0,5
chastain_park,2026-02-28,16:00,2026-02-21,7,19,Saturday,True,16,Sunny,60.0,5
chastain_park,2026-02-28,16:00,2026-02-23,5,19,Saturday,True,16,Sunny,60.0,5
chastain_park,2026-02-28,16:00,2026-02-25,3,21,Saturday,True,16,Sunny,60.0,5
chastain_park,2026-02-28,16:00,2026-02-26,2,21,Saturday,True,16,Sunny,60.0,5
chastain_park,2026-02-28,16:00,2026-02-27,1,21,Saturday,True,16,Sunny,60.0,5
chastain_park,2026-02-28,16:00,2026-02-28,0,21,Saturday,True,16,Sunny,60.0,5
chastain_park,2026-03-01,07:00,2026-02-15,14,29,Sunday,True,7,Sunny,64.9,0
chastain_park,2026-03-01,07:00,2026-02-19,10,29,Sunday,True,7,Sunny,64.9,0
chastain_park,2026-03-01,07:00,2026-02-22,7,31,Sunday,True,7,Sunny,64.9,0
chastain_park,2026-03-01,07:00,2026-02-24,5,33,Sunday,True,7,Sunny,64.9,0
chastain_park,2026-03-01,07:00,2026-02-26,3,34,Sunday,True,7,Sunny,64.9,0
chastain_park,2026-03-01,07:00,2026-02-27,2,33,Sunday,True,7,Sunny,64.9,0
chastain_park,2026-03-01,07:00,2026-02-28,1,35,Sunday,True,7,Sunny,64.9,0
chastain_park,2026-03-01,07:00,2026-03-01,0,34,Sunday,True,7,Sunny,64.9,0
chastain_park,2026-03-01,08:00,2026-02-15,14,30,Sunday,True,8,Sunny,64.9,0
chastain_park,2026-03-01,08:00,2026-02-19,10,31,Sunday,True,8,Sunny,64.9,0
chastain_park,2026-03-01,08:00,2026-02-22,7,30,Sunday,True,8,Sunny,64.9,0
chastain_park,2026-03-01,08:00,2026-02-24,5,33,Sunday,True,8,Sunny,64.9,0
chastain_park,2026-03-01,08:00,2026-02-26,3,35,Sunday,True,8,Sunny,64.9,0
chastain_park,2026-03-01,08:00,2026-02-27,2,35,Sunday,True,8,Sunny,64.9,0
chastain_park,2026-03-01,08:00,2026-02-28,1,35,Sunday,True,8,Sunny,64.9,0
chastain_park,2026-03-01,08:00,2026-03-01,0,37,Sunday,True,8,Sunny,64.9,0
chastain_park,2026-03-01,09:00,2026-02-15,14,28,Sunday,True,9,Sunny,64.9,0
chastain_park,2026-03-01,09:00,2026-02-19,10,30,Sunday,True,9,Sunny,64.9,0
chastain_park,2026-03-01,09:00,2026-02-22,7,31,Sunday,True,9,Sunny,64.9,0
chastain_park,2026-03-01,09:00,2026-02-24,5,33,Sunday,True,9,Sunny,64.9,0
chastain_park,2026-03-01,09:00,2026-02-26,3,33,Sunday,True,9,Sunny,64.9,0
chastain_park,2026-03-01,09:00,2026-02-27,2,34,Sunday,True,9,Sunny,64.9,0
chastain_park,2026-03-01,09:00,2026-02-28,1,35,Sunday,True,9,Sunny,64.9,0
chastain_park,2026-03-01,09:00,2026-03-01,0,35,Sunday,True,9,Sunny,64.9,0
chastain_park,2026-03-01,10:00,2026-02-15,14,26,Sunday,True,10,Sunny,64.9,0
chastain_park,2026-03-01,10:00,2026-02-19,10,27,Sunday,True,10,Sunny,64.9,0
chastain_park,2026-03-01,10:00,2026-02-22,7,28,Sunday,True,10,Sunny,64.9,0
chastain_park,2026-03-01,10:00,2026-02-24,5,28,Sunday,True,10,Sunny,64.9,0
chastain_park,2026-03-01,10:00,2026-02-26,3,30,Sunday,True,10,Sunny,64.9,0
chastain_park,2026-03-01,10:00,2026-02-27,2,30,Sunday,True,10,Sunny,64.9,0
chastain_park,2026-03-01,10:00,2026-02-28,1,32,Sunday,True,10,Sunny,64.9,0
chastain_park,2026-03-01,10:00,2026-03-01,0,32,Sunday,True,10,Sunny,64.9,0
chastain_park,2026-03-01,12:00,2026-02-15,14,23,Sunday,True,12,Sunny,64.9,0
chastain_park,2026-03-01,12:00,2026-02-19,10,24,Sunday,True,12,Sunny,64.9,0
chastain_park,2026-03-01,12:00,2026-02-22,7,25,Sunday,True,12,Sunny,64.9,0
chastain_park,2026-03-01,12:00,2026-02-24,5,26,Sunday,True,12,Sunny,64.9,0
chastain_park,2026-03-01,12:00,2026-02-26,3,25,Sunday,True,12,Sunny,64.9,0
chastain_park,2026-03-01,12:00,2026-02-27,2,26,Sunday,True,12,Sunny,64.9,0
chastain_park,2026-03-01,12:00,2026-02-28,1,27,Sunday,True,12,Sunny,64.9,0
chastain_park,2026-03-01,12:00,2026-03-01,0,28,Sunday,True,12,Sunny,64.9,0
chastain_park,2026-03-01,14:00,2026-02-15,14,23,Sunday,True,14,Sunny,64.9,0
chastain_park,2026-03-01,14:00,2026-02-19,10,24,Sunday,True,14,Sunny,64.9,0
chastain_park,2026-03-01,14:00,2026-02-22,7,24,Sunday,True,14,Sunny,64.9,0
chastain_park,2026-03-01,14:00,2026-02-24,5,26,Sunday,True,14,Sunny,64.9,0
chastain_park,2026-03-01,14:00,2026-02-26,3,25,Sunday,True,14,Sunny,64.9,0
chastain_park,2026-03-01,14:00,2026-02-27,2,27,Sunday,True,14,Sunny,64.9,0
chastain_park,2026-03-01,14:00,2026-02-28,1,26,Sunday,True,14,Sunny,64.9,0
chastain_park,2026-03-01,14:00,2026-03-01,0,28,Sunday,True,14,Sunny,64.9,0
chastain_park,2026-03-01,16:00,2026-02-15,14,19,Sunday,True,16,Sunny,64.9,0
chastain_park,2026-03-01,16:00,2026-02-19,10,19,Sunday,True,16,Sunny,64.9,0
chastain_park,2026-03-01,16:00,2026-02-22,7,20,Sunday,True,16,Sunny,64.9,0
chastain_park,2026-03-01,16:00,2026-02-24,5,22,Sunday,True,16,Sunny,64.9,0
chastain_park,2026-03-01,16:00,2026-02-26,3,21,Sunday,True,16,Sunny,64.9,0
chastain_park,2026-03-01,16:00,2026-02-27,2,23,Sunday,True,16,Sunny,64.9,0
chastain_park,2026-03-01,16:00,2026-02-28,1,22,Sunday,True,16,Sunny,64.9,0
chastain_park,2026-03-01,16:00,2026-03-01,0,24,Sunday,True,16,Sunny,64.9,0
chastain_park,2026-03-02,07:00,2026-02-16,14,19,Monday,False,7,Sunny,66.5,8
chastain_park,2026-03-02,07:00,2026-02-20,10,21,Monday,False,7,Sunny,66.5,8
chastain_park,2026-03-02,07:00,2026-02-23,7,21,Monday,False,7,Sunny,66.5,8
chastain_park,2026-03-02,07:00,2026-02-25,5,22,Monday,False,7,Sunny,66.5,8
chastain_park,2026-03-02,07:00,2026-02-27,3,22,Monday,False,7,Sunny,66.5,8
chastain_park,2026-03-02,07:00,2026-02-28,2,24,Monday,False,7,Sunny,66.5,8
chastain_park,2026-03-02,07:00,2026-03-01,1,24,Monday,False,7,Sunny,66.5,8
chastain_park,2026-03-02,07:00,2026-03-02,0,24,Monday,False,7,Sunny,66.5,8
chastain_park,2026-03-02,08:00,2026-02-16,14,19,Monday,False,8,Sunny,66.5,8
chastain_park,2026-03-02,08:00,2026-02-20,10,20,Monday,False,8,Sunny,66.5,8
chastain_park,2026-03-02,08:00,2026-02-23,7,21,Monday,False,8,Sunny,66.5,8
chastain_park,2026-03-02,08:00,2026-02-25,5,22,Monday,False,8,Sunny,66.5,8
chastain_park,2026-03-02,08:00,2026-02-27,3,22,Monday,False,8,Sunny,66.5,8
chastain_park,2026-03-02,08:00,2026-02-28,2,23,Monday,False,8,Sunny,66.5,8
chastain_park,2026-03-02,08:00,2026-03-01,1,23,Monday,False,8,Sunny,66.5,8
chastain_park,2026-03-02,08:00,2026-03-02,0,25,Monday,False,8,Sunny,66.5,8
chastain_park,2026-03-02,09:00,2026-02-16,14,20,Monday,False,9,Sunny,66.5,8
chastain_park,2026-03-02,09:00,2026-02-20,10,21,Monday,False,9,Sunny,66.5,8
chastain_park,2026-03-02,09:00,2026-02-23,7,21,Monday,False,9,Sunny,66.5,8
chastain_park,2026-03-02,09:00,2026-02-25,5,22,Monday,False,9,Sunny,66.5,8
chastain_park,2026-03-02,09:00,2026-02-27,3,22,Monday,False,9,Sunny,66.5,8
chastain_park,2026-03-02,09:00,2026-02-28,2,24,Monday,False,9,Sunny,66.5,8
chastain_park,2026-03-02,09:00,2026-03-01,1,23,Monday,False,9,Sunny,66.5,8
chastain_park,2026-03-02,09:00,2026-03-02,0,25,Monday,False,9,Sunny,66.5,8
chastain_park,2026-03-02,10:00,2026-02-16,14,18,Monday,False,10,Sunny,66.5,8
chastain_park,2026-03-02,10:00,2026-02-20,10,20,Monday,False,10,Sunny,66.5,8
chastain_park,2026-03-02,10:00,2026-02-23,7,21,Monday,False,10,Sunny,66.5,8
chastain_park,2026-03-02,10:00,2026-02-25,5,21,Monday,False,10,Sunny,66.5,8
chastain_park,2026-03-02,10:00,2026-02-27,3,22,Monday,False,10,Sunny,66.5,8
chastain_park,2026-03-02,10:00,2026-02-28,2,23,Monday,False,10,Sunny,66.5,8
chastain_park,2026-03-02,10:00,2026-03-01,1,22,Monday,False,10,Sunny,66.5,8
chastain_park,2026-03-02,10:00,2026-03-02,0,23,Monday,False,10,Sunny,66.5,8
chastain_park,2026-03-02,12:00,2026-02-16,14,17,Monday,False,12,Sunny,66.5,8
chastain_park,2026-03-02,12:00,2026-02-20,10,17,Monday,False,12,Sunny,66.5,8
chastain_park,2026-03-02,12:00,2026-02-23,7,18,Monday,False,12,Sunny,66.5,8
chastain_park,2026-03-02,12:00,2026-02-25,5,18,Monday,False,12,Sunny,66.5,8
chastain_park,2026-03-02,12:00,2026-02-27,3,19,Monday,False,12,Sunny,66.5,8
chastain_park,2026-03-02,12:00,2026-02-28,2,20,Monday,False,12,Sunny,66.5,8
chastain_park,2026-03-02,12:00,2026-03-01,1,19,Monday,False,12,Sunny,66.5,8
chastain_park,2026-03-02,12:00,2026-03-02,0,20,Monday,False,12,Sunny,66.5,8
chastain_park,2026-03-02,14:00,2026-02-16,14,16,Monday,False,14,Sunny,66.5,8
chastain_park,2026-03-02,14:00,2026-02-20,10,17,Monday,False,14,Sunny,66.5,8
chastain_park,2026-03-02,14:00,2026-02-23,7,18,Monday,False,14,Sunny,66.5,8
chastain_park,2026-03-02,14:00,2026-02-25,5,18,Monday,False,14,Sunny,66.5,8
chastain_park,2026-03-02,14:00,2026-02-27,3,18,Monday,False,14,Sunny,66.5,8
chastain_park,2026-03-02,14:00,2026-02-28,2,20,Monday,False,14,Sunny,66.5,8
chastain_park,2026-03-02,14:00,2026-03-01,1,20,Monday,False,14,Sunny,66.5,8
chastain_park,2026-03-02,14:00,2026-03-02,0,20,Monday,False,14,Sunny,66.5,8
chastain_park,2026-03-02,16:00,2026-02-16,14,15,Monday,False,16,Sunny,66.5,8
chastain_park,2026-03-02,16:00,2026-02-20,10,15,Monday,False,16,Sunny,66.5,8
chastain_park,2026-03-02,16:00,2026-02-23,7,15,Monday,False,16,Sunny,66.5,8
chastain_park,2026-03-02,16:00,2026-02-25,5,15,Monday,False,16,Sunny,66.5,8
chastain_park,2026-03-02,16:00,2026-02-27,3,15,Monday,False,16,Sunny,66.5,8
chastain_park,2026-03-02,16:00,2026-02-28,2,16,Monday,False,16,Sunny,66.5,8
chastain_park,2026-03-02,16:00,2026-03-01,1,16,Monday,False,16,Sunny,66.5,8
chastain_park,2026-03-02,16:00,2026-03-02,0,16,Monday,False,16,Sunny,66.5,8
chastain_park,2026-03-03,07:00,2026-02-17,14,20,Tuesday,False,7,Sunny,69.0,4
chastain_park,2026-03-03,07:00,2026-02-21,10,21,Tuesday,False,7,Sunny,69.0,4
chastain_park,2026-03-03,07:00,2026-02-24,7,22,Tuesday,False,7,Sunny,69.0,4
chastain_park,2026-03-03,07:00,2026-02-26,5,23,Tuesday,False,7,Sunny,69.0,4
chastain_park,2026-03-03,07:00,2026-02-28,3,23,Tuesday,False,7,Sunny,69.0,4
chastain_park,2026-03-03,07:00,2026-03-01,2,25,Tuesday,False,7,Sunny,69.0,4
chastain_park,2026-03-03,07:00,2026-03-02,1,24,Tuesday,False,7,Sunny,69.0,4
chastain_park,2026-03-03,07:00,2026-03-03,0,25,Tuesday,False,7,Sunny,69.0,4
chastain_park,2026-03-03,08:00,2026-02-17,14,20,Tuesday,False,8,Sunny,69.0,4
chastain_park,2026-03-03,08:00,2026-02-21,10,20,Tuesday,False,8,Sunny,69.0,4
chastain_park,2026-03-03,08:00,2026-02-24,7,21,Tuesday,False,8,Sunny,69.0,4
chastain_park,2026-03-03,08:00,2026-02-26,5,22,Tuesday,False,8,Sunny,69.0,4
chastain_park,2026-03-03,08:00,2026-02-28,3,23,Tuesday,False,8,Sunny,69.0,4
chastain_park,2026-03-03,08:00,2026-03-01,2,24,Tuesday,False,8,Sunny,69.0,4
chastain_park,2026-03-03,08:00,2026-03-02,1,24,Tuesday,False,8,Sunny,69.0,4
chastain_park,2026-03-03,08:00,2026-03-03,0,25,Tuesday,False,8,Sunny,69.0,4
chastain_park,2026-03-03,09:00,2026-02-17,14,20,Tuesday,False,9,Sunny,69.0,4
chastain_park,2026-03-03,09:00,2026-02-21,10,21,Tuesday,False,9,Sunny,69.0,4
chastain_park,2026-03-03,09:00,2026-02-24,7,22,Tuesday,False,9,Sunny,69.0,4
chastain_park,2026-03-03,09:00,2026-02-26,5,22,Tuesday,False,9,Sunny,69.0,4
chastain_park,2026-03-03,09:00,2026-02-28,3,22,Tuesday,False,9,Sunny,69.0,4
chastain_park,2026-03-03,09:00,2026-03-01,2,24,Tuesday,False,9,Sunny,69.0,4
chastain_park,2026-03-03,09:00,2026-03-02,1,24,Tuesday,False,9,Sunny,69.0,4
chastain_park,2026-03-03,09:00,2026-03-03,0,24,Tuesday,False,9,Sunny,69.0,4
chastain_park,2026-03-03,10:00,2026-02-17,14,19,Tuesday,False,10,Sunny,69.0,4
chastain_park,2026-03-03,10:00,2026-02-21,10,21,Tuesday,False,10,Sunny,69.0,4
chastain_park,2026-03-03,10:00,2026-02-24,7,21,Tuesday,False,10,Sunny,69.0,4
chastain_park,2026-03-03,10:00,2026-02-26,5,22,Tuesday,False,10,Sunny,69.0,4
chastain_park,2026-03-03,10:00,2026-02-28,3,22,Tuesday,False,10,Sunny,69.0,4
chastain_park,2026-03-03,10:00,2026-03-01,2,22,Tuesday,False,10,Sunny,69.0,4
chastain_park,2026-03-03,10:00,2026-03-02,1,23,Tuesday,False,10,Sunny,69.0,4
chastain_park,2026-03-03,10:00,2026-03-03,0,24,Tuesday,False,10,Sunny,69.0,4
chastain_park,2026-03-03,12:00,2026-02-17,14,17,Tuesday,False,12,Sunny,69.0,4
chastain_park,2026-03-03,12:00,2026-02-21,10,18,Tuesday,False,12,Sunny,69.0,4
chastain_park,2026-03-03,12:00,2026-02-24,7,19,Tuesday,False,12,Sunny,69.0,4
chastain_park,2026-03-03,12:00,2026-02-26,5,19,Tuesday,False,12,Sunny,69.0,4
chastain_park,2026-03-03,12:00,2026-02-28,3,20,Tuesday,False,12,Sunny,69.0,4
chastain_park,2026-03-03,12:00,2026-03-01,2,19,Tuesday,False,12,Sunny,69.0,4
chastain_park,2026-03-03,12:00,2026-03-02,1,20,Tuesday,False,12,Sunny,69.0,4
chastain_park,2026-03-03,12:00,2026-03-03,0,21,Tuesday,False,12,Sunny,69.0,4
chastain_park,2026-03-03,14:00,2026-02-17,14,17,Tuesday,False,14,Sunny,69.0,4
chastain_park,2026-03-03,14:00,2026-02-21,10,17,Tuesday,False,14,Sunny,69.0,4
chastain_park,2026-03-03,14:00,2026-02-24,7,18,Tuesday,False,14,Sunny,69.0,4
chastain_park,2026-03-03,14:00,2026-02-26,5,20,Tuesday,False,14,Sunny,69.0,4
chastain_park,2026-03-03,14:00,2026-02-28,3,19,Tuesday,False,14,Sunny,69.0,4
chastain_park,2026-03-03,14:00,2026-03-01,2,21,Tuesday,False,14,Sunny,69.0,4
chastain_park,2026-03-03,14:00,2026-03-02,1,20,Tuesday,False,14,Sunny,69.0,4
chastain_park,2026-03-03,14:00,2026-03-03,0,21,Tuesday,False,14,Sunny,69.0,4
chastain_park,2026-03-03,16:00,2026-02-17,14,15,Tuesday,False,16,Sunny,69.0,4
chastain_park,2026-03-03,16:00,2026-02-21,10,15,Tuesday,False,16,Sunny,69.0,4
chastain_park,2026-03-03,16:00,2026-02-24,7,15,Tuesday,False,16,Sunny,69.0,4
chastain_park,2026-03-03,16:00,2026-02-26,5,16,Tuesday,False,16,Sunny,69.0,4
chastain_park,2026-03-03,16:00,2026-02-28,3,16,Tuesday,False,16,Sunny,69.0,4
chastain_park,2026-03-03,16:00,2026-03-01,2,16,Tuesday,False,16,Sunny,69.0,4
chastain_park,2026-03-03,16:00,2026-03-02,1,16,Tuesday,False,16,Sunny,69.0,4
chastain_park,2026-03-03,16:00,2026-03-03,0,17,Tuesday,False,16,Sunny,69.0,4
chastain_park,2026-03-04,07:00,2026-02-18,14,22,Wednesday,False,7,Sunny,60.0,0
chastain_park,2026-03-04,07:00,2026-02-22,10,23,Wednesday,False,7,Sunny,60.0,0
chastain_park,2026-03-04,07:00,2026-02-25,7,22,Wednesday,False,7,Sunny,60.0,0
chastain_park,2026-03-04,07:00,2026-02-27,5,23,Wednesday,False,7,Sunny,60.0,0
chastain_park,2026-03-04,07:00,2026-03-01,3,24,Wednesday,False,7,Sunny,60.0,0
chastain_park,2026-03-04,07:00,2026-03-02,2,25,Wednesday,False,7,Sunny,60.0,0
chastain_park,2026-03-04,07:00,2026-03-03,1,24,Wednesday,False,7,Sunny,60.0,0
chastain_park,2026-03-04,07:00,2026-03-04,0,26,Wednesday,False,7,Sunny,60.0,0
chastain_park,2026-03-04,08:00,2026-02-18,14,21,Wednesday,False,8,Sunny,60.0,0
chastain_park,2026-03-04,08:00,2026-02-22,10,23,Wednesday,False,8,Sunny,60.0,0
chastain_park,2026-03-04,08:00,2026-02-25,7,23,Wednesday,False,8,Sunny,60.0,0
chastain_park,2026-03-04,08:00,2026-02-27,5,23,Wednesday,False,8,Sunny,60.0,0
chastain_park,2026-03-04,08:00,2026-03-01,3,25,Wednesday,False,8,Sunny,60.0,0
chastain_park,2026-03-04,08:00,2026-03-02,2,25,Wednesday,False,8,Sunny,60.0,0
chastain_park,2026-03-04,08:00,2026-03-03,1,26,Wednesday,False,8,Sunny,60.0,0
chastain_park,2026-03-04,08:00,2026-03-04,0,27,Wednesday,False,8,Sunny,60.0,0
chastain_park,2026-03-04,09:00,2026-02-18,14,21,Wednesday,False,9,Sunny,60.0,0
chastain_park,2026-03-04,09:00,2026-02-22,10,22,Wednesday,False,9,Sunny,60.0,0
chastain_park,2026-03-04,09:00,2026-02-25,7,23,Wednesday,False,9,Sunny,60.0,0
chastain_park,2026-03-04,09:00,2026-02-27,5,24,Wednesday,False,9,Sunny,60.0,0
chastain_park,2026-03-04,09:00,2026-03-01,3,24,Wednesday,False,9,Sunny,60.0,0
chastain_park,2026-03-04,09:00,2026-03-02,2,26,Wednesday,False,9,Sunny,60.0,0
chastain_park,2026-03-04,09:00,2026-03-03,1,26,Wednesday,False,9,Sunny,60.0,0
chastain_park,2026-03-04,09:00,2026-03-04,0,26,Wednesday,False,9,Sunny,60.0,0
chastain_park,2026-03-04,10:00,2026-02-18,14,20,Wednesday,False,10,Sunny,60.0,0
chastain_park,2026-03-04,10:00,2026-02-22,10,21,Wednesday,False,10,Sunny,60.0,0
chastain_park,2026-03-04,10:00,2026-02-25,7,20,Wednesday,False,10,Sunny,60.0,0
chastain_park,2026-03-04,10:00,2026-02-27,5,22,Wednesday,False,10,Sunny,60.0,0
chastain_park,2026-03-04,10:00,2026-03-01,3,23,Wednesday,False,10,Sunny,60.0,0
chastain_park,2026-03-04,10:00,2026-03-02,2,25,Wednesday,False,10,Sunny,60.0,0
chastain_park,2026-03-04,10:00,2026-03-03,1,24,Wednesday,False,10,Sunny,60.0,0
chastain_park,2026-03-04,10:00,2026-03-04,0,25,Wednesday,False,10,Sunny,60.0,0
chastain_park,2026-03-04,12:00,2026-02-18,14,18,Wednesday,False,12,Sunny,60.0,0
chastain_park,2026-03-04,12:00,2026-02-22,10,19,Wednesday,False,12,Sunny,60.0,0
chastain_park,2026-03-04,12:00,2026-02-25,7,20,Wednesday,False,12,Sunny,60.0,0
chastain_park,2026-03-04,12:00,2026-02-27,5,20,Wednesday,False,12,Sunny,60.0,0
chastain_park,2026-03-04,12:00,2026-03-01,3,20,Wednesday,False,12,Sunny,60.0,0
chastain_park,2026-03-04,12:00,2026-03-02,2,21,Wednesday,False,12,Sunny,60.0,0
chastain_park,2026-03-04,12:00,2026-03-03,1,22,Wednesday,False,12,Sunny,60.0,0
chastain_park,2026-03-04,12:00,2026-03-04,0,21,Wednesday,False,12,Sunny,60.0,0
chastain_park,2026-03-04,14:00,2026-02-18,14,17,Wednesday,False,14,Sunny,60.0,0
chastain_park,2026-03-04,14:00,2026-02-22,10,19,Wednesday,False,14,Sunny,60.0,0
chastain_park,2026-03-04,14:00,2026-02-25,7,20,Wednesday,False,14,Sunny,60.0,0
chastain_park,2026-03-04,14:00,2026-02-27,5,20,Wednesday,False,14,Sunny,60.0,0
chastain_park,2026-03-04,14:00,2026-03-01,3,20,Wednesday,False,14,Sunny,60.0,0
chastain_park,2026-03-04,14:00,2026-03-02,2,21,Wednesday,False,14,Sunny,60.0,0
chastain_park,2026-03-04,14:00,2026-03-03,1,21,Wednesday,False,14,Sunny,60.0,0
chastain_park,2026-03-04,14:00,2026-03-04,0,22,Wednesday,False,14,Sunny,60.0,0
chastain_park,2026-03-04,16:00,2026-02-18,14,15,Wednesday,False,16,Sunny,60.0,0
chastain_park,2026-03-04,16:00,2026-02-22,10,15,Wednesday,False,16,Sunny,60.0,0
chastain_park,2026-03-04,16:00,2026-02-25,7,15,Wednesday,False,16,Sunny,60.0,0
chastain_park,2026-03-04,16:00,2026-02-27,5,17,Wednesday,False,16,Sunny,60.0,0
chastain_park,2026-03-04,16:00,2026-03-01,3,16,Wednesday,False,16,Sunny,60.0,0
chastain_park,2026-03-04,16:00,2026-03-02,2,17,Wednesday,False,16,Sunny,60.0,0
chastain_park,2026-03-04,16:00,2026-03-03,1,17,Wednesday,False,16,Sunny,60.0,0
chastain_park,2026-03-04,16:00,2026-03-04,0,18,Wednesday,False,16,Sunny,60.0,0
chastain_park,2026-03-05,07:00,2026-02-19,14,21,Thursday,False,7,Sunny,57.2,10
chastain_park,2026-03-05,07:00,2026-02-23,10,22,Thursday,False,7,Sunny,57.2,10
chastain_park,2026-03-05,07:00,2026-02-26,7,24,Thursday,False,7,Sunny,57.2,10
chastain_park,2026-03-05,07:00,2026-02-28,5,26,Thursday,False,7,Sunny,57.2,10
chastain_park,2026-03-05,07:00,2026-03-02,3,26,Thursday,False,7,Sunny,57.2,10
chastain_park,2026-03-05,07:00,2026-03-03,2,26,Thursday,False,7,Sunny,57.2,10
chastain_park,2026-03-05,07:00,2026-03-04,1,26,Thursday,False,7,Sunny,57.2,10
chastain_park,2026-03-05,07:00,2026-03-05,0,26,Thursday,False,7,Sunny,57.2,10
chastain_park,2026-03-05,08:00,2026-02-19,14,22,Thursday,False,8,Sunny,57.2,10
chastain_park,2026-03-05,08:00,2026-02-23,10,23,Thursday,False,8,Sunny,57.2,10
chastain_park,2026-03-05,08:00,2026-02-26,7,24,Thursday,False,8,Sunny,57.2,10
chastain_park,2026-03-05,08:00,2026-02-28,5,23,Thursday,False,8,Sunny,57.2,10
chastain_park,2026-03-05,08:00,2026-03-02,3,24,Thursday,False,8,Sunny,57.2,10
chastain_park,2026-03-05,08:00,2026-03-03,2,26,Thursday,False,8,Sunny,57.2,10
chastain_park,2026-03-05,08:00,2026-03-04,1,25,Thursday,False,8,Sunny,57.2,10
chastain_park,2026-03-05,08:00,2026-03-05,0,26,Thursday,False,8,Sunny,57.2,10
chastain_park,2026-03-05,09:00,2026-02-19,14,22,Thursday,False,9,Sunny,57.2,10
chastain_park,2026-03-05,09:00,2026-02-23,10,22,Thursday,False,9,Sunny,57.2,10
chastain_park,2026-03-05,09:00,2026-02-26,7,25,Thursday,False,9,Sunny,57.2,10
chastain_park,2026-03-05,09:00,2026-02-28,5,24,Thursday,False,9,Sunny,57.2,10
chastain_park,2026-03-05,09:00,2026-03-02,3,25,Thursday,False,9,Sunny,57.2,10
chastain_park,2026-03-05,09:00,2026-03-03,2,26,Thursday,False,9,Sunny,57.2,10
chastain_park,2026-03-05,09:00,2026-03-04,1,25,Thursday,False,9,Sunny,57.2,10
chastain_park,2026-03-05,09:00,2026-03-05,0,27,Thursday,False,9,Sunny,57.2,10
chastain_park,2026-03-05,10:00,2026-02-19,14,21,Thursday,False,10,Sunny,57.2,10
chastain_park,2026-03-05,10:00,2026-02-23,10,22,Thursday,False,10,Sunny,57.2,10
chastain_park,2026-03-05,10:00,2026-02-26,7,23,Thursday,False,10,Sunny,57.2,10
chastain_park,2026-03-05,10:00,2026-02-28,5,23,Thursday,False,10,Sunny,57.2,10
chastain_park,2026-03-05,10:00,2026-03-02,3,25,Thursday,False,10,Sunny,57.2,10
chastain_park,2026-03-05,10:00,2026-03-03,2,26,Thursday,False,10,Sunny,57.2,10
chastain_park,2026-03-05,10:00,2026-03-04,1,24,Thursday,False,10,Sunny,57.2,10
chastain_park,2026-03-05,10:00,2026-03-05,0,25,Thursday,False,10,Sunny,57.2,10
chastain_park,2026-03-05,12:00,2026-02-19,14,18,Thursday,False,12,Sunny,57.2,10
chastain_park,2026-03-05,12:00,2026-02-23,10,18,Thursday,False,12,Sunny,57.2,10
chastain_park,2026-03-05,12:00,2026-02-26,7,20,Thursday,False,12,Sunny,57.2,10
chastain_park,2026-03-05,12:00,2026-02-28,5,21,Thursday,False,12,Sunny,57.2,10
chastain_park,2026-03-05,12:00,2026-03-02,3,21,Thursday,False,12,Sunny,57.2,10
chastain_park,2026-03-05,12:00,2026-03-03,2,22,Thursday,False,12,Sunny,57.2,10
chastain_park,2026-03-05,12:00,2026-03-04,1,22,Thursday,False,12,Sunny,57.2,10
chastain_park,2026-03-05,12:00,2026-03-05,0,23,Thursday,False,12,Sunny,57.2,10
chastain_park,2026-03-05,14:00,2026-02-19,14,18,Thursday,False,14,Sunny,57.2,10
chastain_park,2026-03-05,14:00,2026-02-23,10,19,Thursday,False,14,Sunny,57.2,10
chastain_park,2026-03-05,14:00,2026-02-26,7,20,Thursday,False,14,Sunny,57.2,10
chastain_park,2026-03-05,14:00,2026-02-28,5,21,Thursday,False,14,Sunny,57.2,10
chastain_park,2026-03-05,14:00,2026-03-02,3,21,Thursday,False,14,Sunny,57.2,10
chastain_park,2026-03-05,14:00,2026-03-03,2,22,Thursday,False,14,Sunny,57.2,10
chastain_park,2026-03-05,14:00,2026-03-04,1,23,Thursday,False,14,Sunny,57.2,10
chastain_park,2026-03-05,14:00,2026-03-05,0,22,Thursday,False,14,Sunny,57.2,10
chastain_park,2026-03-05,16:00,2026-02-19,14,15,Thursday,False,16,Sunny,57.2,10
chastain_park,2026-03-05,16:00,2026-02-23,10,15,Thursday,False,16,Sunny,57.2,10
chastain_park,2026-03-05,16:00,2026-02-26,7,17,Thursday,False,16,Sunny,57.2,10
chastain_park,2026-03-05,16:00,2026-02-28,5,17,Thursday,False,16,Sunny,57.2,10
chastain_park,2026-03-05,16:00,2026-03-02,3,17,Thursday,False,16,Sunny,57.2,10
chastain_park,2026-03-05,16:00,2026-03-03,2,18,Thursday,False,16,Sunny,57.2,10
chastain_park,2026-03-05,16:00,2026-03-04,1,18,Thursday,False,16,Sunny,57.2,10
chastain_park,2026-03-05,16:00,2026-03-05,0,18,Thursday,False,16,Sunny,57.2,10
chastain_park,2026-03-06,07:00,2026-02-20,14,22,Friday,False,7,Overcast,61.1,54
chastain_park,2026-03-06,07:00,2026-02-24,10,23,Friday,False,7,Overcast,61.1,54
chastain_park,2026-03-06,07:00,2026-02-27,7,23,Friday,False,7,Overcast,61.1,54
chastain_park,2026-03-06,07:00,2026-03-01,5,24,Friday,False,7,Overcast,61.1,54
chastain_park,2026-03-06,07:00,2026-03-03,3,23,Friday,False,7,Overcast,61.1,54
chastain_park,2026-03-06,07:00,2026-03-04,2,25,Friday,False,7,Overcast,61.1,54
chastain_park,2026-03-06,07:00,2026-03-05,1,26,Friday,False,7,Overcast,61.1,54
chastain_park,2026-03-06,07:00,2026-03-06,0,26,Friday,False,7,Overcast,61.1,54
chastain_park,2026-03-06,08:00,2026-02-20,14,21,Friday,False,8,Overcast,61.1,54
chastain_park,2026-03-06,08:00,2026-02-24,10,23,Friday,False,8,Overcast,61.1,54
chastain_park,2026-03-06,08:00,2026-02-27,7,24,Friday,False,8,Overcast,61.1,54
chastain_park,2026-03-06,08:00,2026-03-01,5,24,Friday,False,8,Overcast,61.1,54
chastain_park,2026-03-06,08:00,2026-03-03,3,25,Friday,False,8,Overcast,61.1,54
chastain_park,2026-03-06,08:00,2026-03-04,2,25,Friday,False,8,Overcast,61.1,54
chastain_park,2026-03-06,08:00,2026-03-05,1,26,Friday,False,8,Overcast,61.1,54
chastain_park,2026-03-06,08:00,2026-03-06,0,27,Friday,False,8,Overcast,61.1,54
chastain_park,2026-03-06,09:00,2026-02-20,14,21,Friday,False,9,Overcast,61.1,54
chastain_park,2026-03-06,09:00,2026-02-24,10,23,Friday,False,9,Overcast,61.1,54
chastain_park,2026-03-06,09:00,2026-02-27,7,24,Friday,False,9,Overcast,61.1,54
chastain_park,2026-03-06,09:00,2026-03-01,5,24,Friday,False,9,Overcast,61.1,54
chastain_park,2026-03-06,09:00,2026-03-03,3,25,Friday,False,9,Overcast,61.1,54
chastain_park,2026-03-06,09:00,2026-03-04,2,25,Friday,False,9,Overcast,61.1,54
chastain_park,2026-03-06,09:00,2026-03-05,1,27,Friday,False,9,Overcast,61.1,54
chastain_park,2026-03-06,09:00,2026-03-06,0,27,Friday,False,9,Overcast,61.1,54
chastain_park,2026-03-06,10:00,2026-02-20,14,20,Friday,False,10,Overcast,61.1,54
chastain_park,2026-03-06,10:00,2026-02-24,10,22,Friday,False,10,Overcast,61.1,54
chastain_park,2026-03-06,10:00,2026-02-27,7,23,Friday,False,10,Overcast,61.1,54
chastain_park,2026-03-06,10:00,2026-03-01,5,23,Friday,False,10,Overcast,61.1,54
chastain_park,2026-03-06,10:00,2026-03-03,3,23,Friday,False,10,Overcast,61.1,54
chastain_park,2026-03-06,10:00,2026-03-04,2,25,Friday,False,10,Overcast,61.1,54
chastain_park,2026-03-06,10:00,2026-03-05,1,25,Friday,False,10,Overcast,61.1,54
chastain_park,2026-03-06,10:00,2026-03-06,0,26,Friday,False,10,Overcast,61.1,54
chastain_park,2026-03-06,12:00,2026-02-20,14,18,Friday,False,12,Overcast,61.1,54
chastain_park,2026-03-06,12:00,2026-02-24,10,20,Friday,False,12,Overcast,61.1,54
chastain_park,2026-03-06,12:00,2026-02-27,7,20,Friday,False,12,Overcast,61.1,54
chastain_park,2026-03-06,12:00,2026-03-01,5,21,Friday,False,12,Overcast,61.1,54
chastain_park,2026-03-06,12:00,2026-03-03,3,20,Friday,False,12,Overcast,61.1,54
chastain_park,2026-03-06,12:00,2026-03-04,2,21,Friday,False,12,Overcast,61.1,54
chastain_park,2026-03-06,12:00,2026-03-05,1,22,Friday,False,12,Overcast,61.1,54
chastain_park,2026-03-06,12:00,2026-03-06,0,23,Friday,False,12,Overcast,61.1,54
chastain_park,2026-03-06,14:00,2026-02-20,14,19,Friday,False,14,Overcast,61.1,54
chastain_park,2026-03-06,14:00,2026-02-24,10,19,Friday,False,14,Overcast,61.1,54
chastain_park,2026-03-06,14:00,2026-02-27,7,20,Friday,False,14,Overcast,61.1,54
chastain_park,2026-03-06,14:00,2026-03-01,5,20,Friday,False,14,Overcast,61.1,54
chastain_park,2026-03-06,14:00,2026-03-03,3,21,Friday,False,14,Overcast,61.1,54
chastain_park,2026-03-06,14:00,2026-03-04,2,22,Friday,False,14,Overcast,61.1,54
chastain_park,2026-03-06,14:00,2026-03-05,1,21,Friday,False,14,Overcast,61.1,54
chastain_park,2026-03-06,14:00,2026-03-06,0,22,Friday,False,14,Overcast,61.1,54
chastain_park,2026-03-06,16:00,2026-02-20,14,15,Friday,False,16,Overcast,61.1,54
chastain_park,2026-03-06,16:00,2026-02-24,10,16,Friday,False,16,Overcast,61.1,54
chastain_park,2026-03-06,16:00,2026-02-27,7,16,Friday,False,16,Overcast,61.1,54
chastain_park,2026-03-06,16:00,2026-03-01,5,16,Friday,False,16,Overcast,61.1,54
chastain_park,2026-03-06,16:00,2026-03-03,3,17,Friday,False,16,Overcast,61.1,54
chastain_park,2026-03-06,16:00,2026-03-04,2,18,Friday,False,16,Overcast,61.1,54
chastain_park,2026-03-06,16:00,2026-03-05,1,18,Friday,False,16,Overcast,61.1,54
chastain_park,2026-03-06,16:00,2026-03-06,0,18,Friday,False,16,Overcast,61.1,54
chastain_park,2026-03-07,07:00,2026-02-21,14,32,Saturday,True,7,Sunny,65.9,4
chastain_park,2026-03-07,07:00,2026-02-25,10,33,Saturday,True,7,Sunny,65.9,4
chastain_park,2026-03-07,07:00,2026-02-28,7,34,Saturday,True,7,Sunny,65.9,4
chastain_park,2026-03-07,07:00,2026-03-02,5,33,Saturday,True,7,Sunny,65.9,4
chastain_park,2026-03-07,07:00,2026-03-04,3,37,Saturday,True,7,Sunny,65.9,4
chastain_park,2026-03-07,07:00,2026-03-05,2,36,Saturday,True,7,Sunny,65.9,4
chastain_park,2026-03-07,07:00,2026-03-06,1,37,Saturday,True,7,Sunny,65.9,4
chastain_park,2026-03-07,07:00,2026-03-07,0,39,Saturday,True,7,Sunny,65.9,4
chastain_park,2026-03-07,08:00,2026-02-21,14,31,Saturday,True,8,Sunny,65.9,4
chastain_park,2026-03-07,08:00,2026-02-25,10,31,Saturday,True,8,Sunny,65.9,4
chastain_park,2026-03-07,08:00,2026-02-28,7,34,Saturday,True,8,Sunny,65.9,4
chastain_park,2026-03-07,08:00,2026-03-02,5,35,Saturday,True,8,Sunny,65.9,4
chastain_park,2026-03-07,08:00,2026-03-04,3,35,Saturday,True,8,Sunny,65.9,4
chastain_park,2026-03-07,08:00,2026-03-05,2,35,Saturday,True,8,Sunny,65.9,4
chastain_park,2026-03-07,08:00,2026-03-06,1,37,Saturday,True,8,Sunny,65.9,4
chastain_park,2026-03-07,08:00,2026-03-07,0,38,Saturday,True,8,Sunny,65.9,4
chastain_park,2026-03-07,09:00,2026-02-21,14,31,Saturday,True,9,Sunny,65.9,4
chastain_park,2026-03-07,09:00,2026-02-25,10,31,Saturday,True,9,Sunny,65.9,4
chastain_park,2026-03-07,09:00,2026-02-28,7,33,Saturday,True,9,Sunny,65.9,4
chastain_park,2026-03-07,09:00,2026-03-02,5,35,Saturday,True,9,Sunny,65.9,4
chastain_park,2026-03-07,09:00,2026-03-04,3,37,Saturday,True,9,Sunny,65.9,4
chastain_park,2026-03-07,09:00,2026-03-05,2,37,Saturday,True,9,Sunny,65.9,4
chastain_park,2026-03-07,09:00,2026-03-06,1,38,Saturday,True,9,Sunny,65.9,4
chastain_park,2026-03-07,09:00,2026-03-07,0,38,Saturday,True,9,Sunny,65.9,4
chastain_park,2026-03-07,10:00,2026-02-21,14,28,Saturday,True,10,Sunny,65.9,4
chastain_park,2026-03-07,10:00,2026-02-25,10,29,Saturday,True,10,Sunny,65.9,4
chastain_park,2026-03-07,10:00,2026-02-28,7,30,Saturday,True,10,Sunny,65.9,4
chastain_park,2026-03-07,10:00,2026-03-02,5,32,Saturday,True,10,Sunny,65.9,4
chastain_park,2026-03-07,10:00,2026-03-04,3,31,Saturday,True,10,Sunny,65.9,4
chastain_park,2026-03-07,10:00,2026-03-05,2,33,Saturday,True,10,Sunny,65.9,4
chastain_park,2026-03-07,10:00,2026-03-06,1,33,Saturday,True,10,Sunny,65.9,4
chastain_park,2026-03-07,10:00,2026-03-07,0,34,Saturday,True,10,Sunny,65.9,4
chastain_park,2026-03-07,12:00,2026-02-21,14,25,Saturday,True,12,Sunny,65.9,4
chastain_park,2026-03-07,12:00,2026-02-25,10,25,Saturday,True,12,Sunny,65.9,4
chastain_park,2026-03-07,12:00,2026-02-28,7,27,Saturday,True,12,Sunny,65.9,4
chastain_park,2026-03-07,12:00,2026-03-02,5,27,Saturday,True,12,Sunny,65.9,4
chastain_park,2026-03-07,12:00,2026-03-04,3,26,Saturday,True,12,Sunny,65.9,4
chastain_park,2026-03-07,12:00,2026-03-05,2,29,Saturday,True,12,Sunny,65.9,4
chastain_park,2026-03-07,12:00,2026-03-06,1,27,Saturday,True,12,Sunny,65.9,4
chastain_park,2026-03-07,12:00,2026-03-07,0,29,Saturday,True,12,Sunny,65.9,4
chastain_park,2026-03-07,14:00,2026-02-21,14,24,Saturday,True,14,Sunny,65.9,4
chastain_park,2026-03-07,14:00,2026-02-25,10,25,Saturday,True,14,Sunny,65.9,4
chastain_park,2026-03-07,14:00,2026-02-28,7,25,Saturday,True,14,Sunny,65.9,4
chastain_park,2026-03-07,14:00,2026-03-02,5,26,Saturday,True,14,Sunny,65.9,4
chastain_park,2026-03-07,14:00,2026-03-04,3,26,Saturday,True,14,Sunny,65.9,4
chastain_park,2026-03-07,14:00,2026-03-05,2,28,Saturday,True,14,Sunny,65.9,4
chastain_park,2026-03-07,14:00,2026-03-06,1,29,Saturday,True,14,Sunny,65.9,4
chastain_park,2026-03-07,14:00,2026-03-07,0,29,Saturday,True,14,Sunny,65.9,4
chastain_park,2026-03-07,16:00,2026-02-21,14,20,Saturday,True,16,Sunny,65.9,4
chastain_park,2026-03-07,16:00,2026-02-25,10,21,Saturday,True,16,Sunny,65.9,4
chastain_park,2026-03-07,16:00,2026-02-28,7,22,Saturday,True,16,Sunny,65.9,4
chastain_park,2026-03-07,16:00,2026-03-02,5,23,Saturday,True,16,Sunny,65.9,4
chastain_park,2026-03-07,16:00,2026-03-04,3,23,Saturday,True,16,Sunny,65.9,4
chastain_park,2026-03-07,16:00,2026-03-05,2,24,Saturday,True,16,Sunny,65.9,4
chastain_park,2026-03-07,16:00,2026-03-06,1,22,Saturday,True,16,Sunny,65.9,4
chastain_park,2026-03-07,16:00,2026-03-07,0,25,Saturday,True,16,Sunny,65.9,4
chastain_park,2026-03-08,07:00,2026-02-22,14,28,Sunday,True,7,Sunny,66.5,11
chastain_park,2026-03-08,07:00,2026-02-26,10,30,Sunday,True,7,Sunny,66.5,11
chastain_park,2026-03-08,07:00,2026-03-01,7,31,Sunday,True,7,Sunny,66.5,11
chastain_park,2026-03-08,07:00,2026-03-03,5,33,Sunday,True,7,Sunny,66.5,11
chastain_park,2026-03-08,07:00,2026-03-05,3,32,Sunday,True,7,Sunny,66.5,11
chastain_park,2026-03-08,07:00,2026-03-06,2,34,Sunday,True,7,Sunny,66.5,11
chastain_park,2026-03-08,07:00,2026-03-07,1,34,Sunday,True,7,Sunny,66.5,11
chastain_park,2026-03-08,07:00,2026-03-08,0,36,Sunday,True,7,Sunny,66.5,11
chastain_park,2026-03-08,08:00,2026-02-22,14,30,Sunday,True,8,Sunny,66.5,11
chastain_park,2026-03-08,08:00,2026-02-26,10,32,Sunday,True,8,Sunny,66.5,11
chastain_park,2026-03-08,08:00,2026-03-01,7,33,Sunday,True,8,Sunny,66.5,11
chastain_park,2026-03-08,08:00,2026-03-03,5,33,Sunday,True,8,Sunny,66.5,11
chastain_park,2026-03-08,08:00,2026-03-05,3,34,Sunday,True,8,Sunny,66.5,11
chastain_park,2026-03-08,08:00,2026-03-06,2,34,Sunday,True,8,Sunny,66.5,11
chastain_park,2026-03-08,08:00,2026-03-07,1,37,Sunday,True,8,Sunny,66.5,11
chastain_park,2026-03-08,08:00,2026-03-08,0,36,Sunday,True,8,Sunny,66.5,11
chastain_park,2026-03-08,09:00,2026-02-22,14,29,Sunday,True,9,Sunny,66.5,11
chastain_park,2026-03-08,09:00,2026-02-26,10,31,Sunday,True,9,Sunny,66.5,11
chastain_park,2026-03-08,09:00,2026-03-01,7,31,Sunday,True,9,Sunny,66.5,11
chastain_park,2026-03-08,09:00,2026-03-03,5,31,Sunday,True,9,Sunny,66.5,11
chastain_park,2026-03-08,09:00,2026-03-05,3,34,Sunday,True,9,Sunny,66.5,11
chastain_park,2026-03-08,09:00,2026-03-06,2,36,Sunday,True,9,Sunny,66.5,11
chastain_park,2026-03-08,09:00,2026-03-07,1,35,Sunday,True,9,Sunny,66.5,11
chastain_park,2026-03-08,09:00,2026-03-08,0,36,Sunday,True,9,Sunny,66.5,11
chastain_park,2026-03-08,10:00,2026-02-22,14,27,Sunday,True,10,Sunny,66.5,11
chastain_park,2026-03-08,10:00,2026-02-26,10,28,Sunday,True,10,Sunny,66.5,11
chastain_park,2026-03-08,10:00,2026-03-01,7,29,Sunday,True,10,Sunny,66.5,11
chastain_park,2026-03-08,10:00,2026-03-03,5,30,Sunday,True,10,Sunny,66.5,11
chastain_park,2026-03-08,10:00,2026-03-05,3,30,Sunday,True,10,Sunny,66.5,11
chastain_park,2026-03-08,10:00,2026-03-06,2,33,Sunday,True,10,Sunny,66.5,11
chastain_park,2026-03-08,10:00,2026-03-07,1,32,Sunday,True,10,Sunny,66.5,11
chastain_park,2026-03-08,10:00,2026-03-08,0,33,Sunday,True,10,Sunny,66.5,11
chastain_park,2026-03-08,12:00,2026-02-22,14,23,Sunday,True,12,Sunny,66.5,11
chastain_park,2026-03-08,12:00,2026-02-26,10,24,Sunday,True,12,Sunny,66.5,11
chastain_park,2026-03-08,12:00,2026-03-01,7,25,Sunday,True,12,Sunny,66.5,11
chastain_park,2026-03-08,12:00,2026-03-03,5,25,Sunday,True,12,Sunny,66.5,11
chastain_park,2026-03-08,12:00,2026-03-05,3,26,Sunday,True,12,Sunny,66.5,11
chastain_park,2026-03-08,12:00,2026-03-06,2,27,Sunday,True,12,Sunny,66.5,11
chastain_park,2026-03-08,12:00,2026-03-07,1,28,Sunday,True,12,Sunny,66.5,11
chastain_park,2026-03-08,12:00,2026-03-08,0,29,Sunday,True,12,Sunny,66.5,11
chastain_park,2026-03-08,14:00,2026-02-22,14,22,Sunday,True,14,Sunny,66.5,11
chastain_park,2026-03-08,14:00,2026-02-26,10,24,Sunday,True,14,Sunny,66.5,11
chastain_park,2026-03-08,14:00,2026-03-01,7,26,Sunday,True,14,Sunny,66.5,11
chastain_park,2026-03-08,14:00,2026-03-03,5,25,Sunday,True,14,Sunny,66.5,11
chastain_park,2026-03-08,14:00,2026-03-05,3,26,Sunday,True,14,Sunny,66.5,11
chastain_park,2026-03-08,14:00,2026-03-06,2,28,Sunday,True,14,Sunny,66.5,11
chastain_park,2026-03-08,14:00,2026-03-07,1,26,Sunday,True,14,Sunny,66.5,11
chastain_park,2026-03-08,14:00,2026-03-08,0,28,Sunday,True,14,Sunny,66.5,11
chastain_park,2026-03-08,16:00,2026-02-22,14,20,Sunday,True,16,Sunny,66.5,11
chastain_park,2026-03-08,16:00,2026-02-26,10,20,Sunday,True,16,Sunny,66.5,11
chastain_park,2026-03-08,16:00,2026-03-01,7,21,Sunday,True,16,Sunny,66.5,11
chastain_park,2026-03-08,16:00,2026-03-03,5,21,Sunday,True,16,Sunny,66.5,11
chastain_park,2026-03-08,16:00,2026-03-05,3,21,Sunday,True,16,Sunny,66.5,11
chastain_park,2026-03-08,16:00,2026-03-06,2,23,Sunday,True,16,Sunny,66.5,11
chastain_park,2026-03-08,16:00,2026-03-07,1,22,Sunday,True,16,Sunny,66.5,11
chastain_park,2026-03-08,16:00,2026-03-08,0,23,Sunday,True,16,Sunny,66.5,11
chastain_park,2026-03-09,07:00,2026-02-23,14,19,Monday,False,7,Partly Cloudy,61.4,27
chastain_park,2026-03-09,07:00,2026-02-27,10,20,Monday,False,7,Partly Cloudy,61.4,27
chastain_park,2026-03-09,07:00,2026-03-02,7,20,Monday,False,7,Partly Cloudy,61.4,27
chastain_park,2026-03-09,07:00,2026-03-04,5,21,Monday,False,7,Partly Cloudy,61.4,27
chastain_park,2026-03-09,07:00,2026-03-06,3,21,Monday,False,7,Partly Cloudy,61.4,27
chastain_park,2026-03-09,07:00,2026-03-07,2,23,Monday,False,7,Partly Cloudy,61.4,27
chastain_park,2026-03-09,07:00,2026-03-08,1,22,Monday,False,7,Partly Cloudy,61.4,27
chastain_park,2026-03-09,07:00,2026-03-09,0,23,Monday,False,7,Partly Cloudy,61.4,27
chastain_park,2026-03-09,08:00,2026-02-23,14,18,Monday,False,8,Partly Cloudy,61.4,27
chastain_park,2026-03-09,08:00,2026-02-27,10,19,Monday,False,8,Partly Cloudy,61.4,27
chastain_park,2026-03-09,08:00,2026-03-02,7,20,Monday,False,8,Partly Cloudy,61.4,27
chastain_park,2026-03-09,08:00,2026-03-04,5,21,Monday,False,8,Partly Cloudy,61.4,27
chastain_park,2026-03-09,08:00,2026-03-06,3,21,Monday,False,8,Partly Cloudy,61.4,27
chastain_park,2026-03-09,08:00,2026-03-07,2,23,Monday,False,8,Partly Cloudy,61.4,27
chastain_park,2026-03-09,08:00,2026-03-08,1,22,Monday,False,8,Partly Cloudy,61.4,27
chastain_park,2026-03-09,08:00,2026-03-09,0,23,Monday,False,8,Partly Cloudy,61.4,27
chastain_park,2026-03-09,09:00,2026-02-23,14,18,Monday,False,9,Partly Cloudy,61.4,27
chastain_park,2026-03-09,09:00,2026-02-27,10,19,Monday,False,9,Partly Cloudy,61.4,27
chastain_park,2026-03-09,09:00,2026-03-02,7,20,Monday,False,9,Partly Cloudy,61.4,27
chastain_park,2026-03-09,09:00,2026-03-04,5,21,Monday,False,9,Partly Cloudy,61.4,27
chastain_park,2026-03-09,09:00,2026-03-06,3,21,Monday,False,9,Partly Cloudy,61.4,27
chastain_park,2026-03-09,09:00,2026-03-07,2,23,Monday,False,9,Partly Cloudy,61.4,27
chastain_park,2026-03-09,09:00,2026-03-08,1,22,Monday,False,9,Partly Cloudy,61.4,27
chastain_park,2026-03-09,09:00,2026-03-09,0,23,Monday,False,9,Partly Cloudy,61.4,27
chastain_park,2026-03-09,10:00,2026-02-23,14,18,Monday,False,10,Partly Cloudy,61.4,27
chastain_park,2026-03-09,10:00,2026-02-27,10,19,Monday,False,10,Partly Cloudy,61.4,27
chastain_park,2026-03-09,10:00,2026-03-02,7,19,Monday,False,10,Partly Cloudy,61.4,27
chastain_park,2026-03-09,10:00,2026-03-04,5,20,Monday,False,10,Partly Cloudy,61.4,27
chastain_park,2026-03-09,10:00,2026-03-06,3,21,Monday,False,10,Partly Cloudy,61.4,27
chastain_park,2026-03-09,10:00,2026-03-07,2,21,Monday,False,10,Partly Cloudy,61.4,27
chastain_park,2026-03-09,10:00,2026-03-08,1,21,Monday,False,10,Partly Cloudy,61.4,27
chastain_park,2026-03-09,10:00,2026-03-09,0,21,Monday,False,10,Partly Cloudy,61.4,27
chastain_park,2026-03-09,12:00,2026-02-23,14,16,Monday,False,12,Partly Cloudy,61.4,27
chastain_park,2026-03-09,12:00,2026-02-27,10,16,Monday,False,12,Partly Cloudy,61.4,27
chastain_park,2026-03-09,12:00,2026-03-02,7,17,Monday,False,12,Partly Cloudy,61.4,27
chastain_park,2026-03-09,12:00,2026-03-04,5,18,Monday,False,12,Partly Cloudy,61.4,27
chastain_park,2026-03-09,12:00,2026-03-06,3,18,Monday,False,12,Partly Cloudy,61.4,27
chastain_park,2026-03-09,12:00,2026-03-07,2,18,Monday,False,12,Partly Cloudy,61.4,27
chastain_park,2026-03-09,12:00,2026-03-08,1,19,Monday,False,12,Partly Cloudy,61.4,27
chastain_park,2026-03-09,12:00,2026-03-09,0,20,Monday,False,12,Partly Cloudy,61.4,27
chastain_park,2026-03-09,14:00,2026-02-23,14,16,Monday,False,14,Partly Cloudy,61.4,27
chastain_park,2026-03-09,14:00,2026-02-27,10,16,Monday,False,14,Partly Cloudy,61.4,27
chastain_park,2026-03-09,14:00,2026-03-02,7,17,Monday,False,14,Partly Cloudy,61.4,27
chastain_park,2026-03-09,14:00,2026-03-04,5,18,Monday,False,14,Partly Cloudy,61.4,27
chastain_park,2026-03-09,14:00,2026-03-06,3,18,Monday,False,14,Partly Cloudy,61.4,27
chastain_park,2026-03-09,14:00,2026-03-07,2,19,Monday,False,14,Partly Cloudy,61.4,27
chastain_park,2026-03-09,14:00,2026-03-08,1,19,Monday,False,14,Partly Cloudy,61.4,27
chastain_park,2026-03-09,14:00,2026-03-09,0,18,Monday,False,14,Partly Cloudy,61.4,27
chastain_park,2026-03-09,16:00,2026-02-23,14,15,Monday,False,16,Partly Cloudy,61.4,27
chastain_park,2026-03-09,16:00,2026-02-27,10,15,Monday,False,16,Partly Cloudy,61.4,27
chastain_park,2026-03-09,16:00,2026-03-02,7,15,Monday,False,16,Partly Cloudy,61.4,27
chastain_park,2026-03-09,16:00,2026-03-04,5,15,Monday,False,16,Partly Cloudy,61.4,27
chastain_park,2026-03-09,16:00,2026-03-06,3,15,Monday,False,16,Partly Cloudy,61.4,27
chastain_park,2026-03-09,16:00,2026-03-07,2,16,Monday,False,16,Partly Cloudy,61.4,27
chastain_park,2026-03-09,16:00,2026-03-08,1,16,Monday,False,16,Partly Cloudy,61.4,27
chastain_park,2026-03-09,16:00,2026-03-09,0,16,Monday,False,16,Partly Cloudy,61.4,27
chastain_park,2026-03-10,07:00,2026-02-24,14,18,Tuesday,False,7,Overcast,70.8,37
chastain_park,2026-03-10,07:00,2026-02-28,10,18,Tuesday,False,7,Overcast,70.8,37
chastain_park,2026-03-10,07:00,2026-03-03,7,19,Tuesday,False,7,Overcast,70.8,37
chastain_park,2026-03-10,07:00,2026-03-05,5,19,Tuesday,False,7,Overcast,70.8,37
chastain_park,2026-03-10,07:00,2026-03-07,3,20,Tuesday,False,7,Overcast,70.8,37
chastain_park,2026-03-10,07:00,2026-03-08,2,21,Tuesday,False,7,Overcast,70.8,37
chastain_park,2026-03-10,07:00,2026-03-09,1,21,Tuesday,False,7,Overcast,70.8,37
chastain_park,2026-03-10,07:00,2026-03-10,0,22,Tuesday,False,7,Overcast,70.8,37
chastain_park,2026-03-10,08:00,2026-02-24,14,17,Tuesday,False,8,Overcast,70.8,37
chastain_park,2026-03-10,08:00,2026-02-28,10,19,Tuesday,False,8,Overcast,70.8,37
chastain_park,2026-03-10,08:00,2026-03-03,7,19,Tuesday,False,8,Overcast,70.8,37
chastain_park,2026-03-10,08:00,2026-03-05,5,20,Tuesday,False,8,Overcast,70.8,37
chastain_park,2026-03-10,08:00,2026-03-07,3,21,Tuesday,False,8,Overcast,70.8,37
chastain_park,2026-03-10,08:00,2026-03-08,2,22,Tuesday,False,8,Overcast,70.8,37
chastain_park,2026-03-10,08:00,2026-03-09,1,22,Tuesday,False,8,Overcast,70.8,37
chastain_park,2026-03-10,08:00,2026-03-10,0,22,Tuesday,False,8,Overcast,70.8,37
chastain_park,2026-03-10,09:00,2026-02-24,14,17,Tuesday,False,9,Overcast,70.8,37
chastain_park,2026-03-10,09:00,2026-02-28,10,18,Tuesday,False,9,Overcast,70.8,37
chastain_park,2026-03-10,09:00,2026-03-03,7,19,Tuesday,False,9,Overcast,70.8,37
chastain_park,2026-03-10,09:00,2026-03-05,5,20,Tuesday,False,9,Overcast,70.8,37
chastain_park,2026-03-10,09:00,2026-03-07,3,20,Tuesday,False,9,Overcast,70.8,37
chastain_park,2026-03-10,09:00,2026-03-08,2,21,Tuesday,False,9,Overcast,70.8,37
chastain_park,2026-03-10,09:00,2026-03-09,1,21,Tuesday,False,9,Overcast,70.8,37
chastain_park,2026-03-10,09:00,2026-03-10,0,21,Tuesday,False,9,Overcast,70.8,37
chastain_park,2026-03-10,10:00,2026-02-24,14,16,Tuesday,False,10,Overcast,70.8,37
chastain_park,2026-03-10,10:00,2026-02-28,10,18,Tuesday,False,10,Overcast,70.8,37
chastain_park,2026-03-10,10:00,2026-03-03,7,19,Tuesday,False,10,Overcast,70.8,37
chastain_park,2026-03-10,10:00,2026-03-05,5,18,Tuesday,False,10,Overcast,70.8,37
chastain_park,2026-03-10,10:00,2026-03-07,3,19,Tuesday,False,10,Overcast,70.8,37
chastain_park,2026-03-10,10:00,2026-03-08,2,19,Tuesday,False,10,Overcast,70.8,37
chastain_park,2026-03-10,10:00,2026-03-09,1,21,Tuesday,False,10,Overcast,70.8,37
chastain_park,2026-03-10,10:00,2026-03-10,0,21,Tuesday,False,10,Overcast,70.8,37
chastain_park,2026-03-10,12:00,2026-02-24,14,16,Tuesday,False,12,Overcast,70.8,37
chastain_park,2026-03-10,12:00,2026-02-28,10,16,Tuesday,False,12,Overcast,70.8,37
chastain_park,2026-03-10,12:00,2026-03-03,7,16,Tuesday,False,12,Overcast,70.8,37
chastain_park,2026-03-10,12:00,2026-03-05,5,17,Tuesday,False,12,Overcast,70.8,37
chastain_park,2026-03-10,12:00,2026-03-07,3,18,Tuesday,False,12,Overcast,70.8,37
chastain_park,2026-03-10,12:00,2026-03-08,2,18,Tuesday,False,12,Overcast,70.8,37
chastain_park,2026-03-10,12:00,2026-03-09,1,18,Tuesday,False,12,Overcast,70.8,37
chastain_park,2026-03-10,12:00,2026-03-10,0,18,Tuesday,False,12,Overcast,70.8,37
chastain_park,2026-03-10,14:00,2026-02-24,14,15,Tuesday,False,14,Overcast,70.8,37
chastain_park,2026-03-10,14:00,2026-02-28,10,15,Tuesday,False,14,Overcast,70.8,37
chastain_park,2026-03-10,14:00,2026-03-03,7,16,Tuesday,False,14,Overcast,70.8,37
chastain_park,2026-03-10,14:00,2026-03-05,5,17,Tuesday,False,14,Overcast,70.8,37
chastain_park,2026-03-10,14:00,2026-03-07,3,17,Tuesday,False,14,Overcast,70.8,37
chastain_park,2026-03-10,14:00,2026-03-08,2,18,Tuesday,False,14,Overcast,70.8,37
chastain_park,2026-03-10,14:00,2026-03-09,1,18,Tuesday,False,14,Overcast,70.8,37
chastain_park,2026-03-10,14:00,2026-03-10,0,19,Tuesday,False,14,Overcast,70.8,37
chastain_park,2026-03-10,16:00,2026-02-24,14,15,Tuesday,False,16,Overcast,70.8,37
chastain_park,2026-03-10,16:00,2026-02-28,10,15,Tuesday,False,16,Overcast,70.8,37
chastain_park,2026-03-10,16:00,2026-03-03,7,15,Tuesday,False,16,Overcast,70.8,37
chastain_park,2026-03-10,16:00,2026-03-05,5,15,Tuesday,False,16,Overcast,70.8,37
chastain_park,2026-03-10,16:00,2026-03-07,3,15,Tuesday,False,16,Overcast,70.8,37
chastain_park,2026-03-10,16:00,2026-03-08,2,15,Tuesday,False,16,Overcast,70.8,37
chastain_park,2026-03-10,16:00,2026-03-09,1,15,Tuesday,False,16,Overcast,70.8,37
chastain_park,2026-03-10,16:00,2026-03-10,0,15,Tuesday,False,16,Overcast,70.8,37
browns_mill,2026-02-11,07:00,2026-02-11,0,21,Wednesday,False,7,Partly Cloudy,60.5,21
browns_mill,2026-02-11,08:00,2026-02-11,0,21,Wednesday,False,8,Partly Cloudy,60.5,21
browns_mill,2026-02-11,09:00,2026-02-11,0,20,Wednesday,False,9,Partly Cloudy,60.5,21
browns_mill,2026-02-11,10:00,2026-02-11,0,21,Wednesday,False,10,Partly Cloudy,60.5,21
browns_mill,2026-02-11,12:00,2026-02-11,0,17,Wednesday,False,12,Partly Cloudy,60.5,21
browns_mill,2026-02-11,14:00,2026-02-11,0,18,Wednesday,False,14,Partly Cloudy,60.5,21
browns_mill,2026-02-11,16:00,2026-02-11,0,15,Wednesday,False,16,Partly Cloudy,60.5,21
browns_mill,2026-02-12,07:00,2026-02-11,1,21,Thursday,False,7,Partly Cloudy,65.9,16
browns_mill,2026-02-12,07:00,2026-02-12,0,22,Thursday,False,7,Partly Cloudy,65.9,16
browns_mill,2026-02-12,08:00,2026-02-11,1,21,Thursday,False,8,Partly Cloudy,65.9,16
browns_mill,2026-02-12,08:00,2026-02-12,0,21,Thursday,False,8,Partly Cloudy,65.9,16
browns_mill,2026-02-12,09:00,2026-02-11,1,21,Thursday,False,9,Partly Cloudy,65.9,16
browns_mill,2026-02-12,09:00,2026-02-12,0,22,Thursday,False,9,Partly Cloudy,65.9,16
browns_mill,2026-02-12,10:00,2026-02-11,1,21,Thursday,False,10,Partly Cloudy,65.9,16
browns_mill,2026-02-12,10:00,2026-02-12,0,21,Thursday,False,10,Partly Cloudy,65.9,16
browns_mill,2026-02-12,12:00,2026-02-11,1,17,Thursday,False,12,Partly Cloudy,65.9,16
browns_mill,2026-02-12,12:00,2026-02-12,0,19,Thursday,False,12,Partly Cloudy,65.9,16
browns_mill,2026-02-12,14:00,2026-02-11,1,17,Thursday,False,14,Partly Cloudy,65.9,16
browns_mill,2026-02-12,14:00,2026-02-12,0,18,Thursday,False,14,Partly Cloudy,65.9,16
browns_mill,2026-02-12,16:00,2026-02-11,1,15,Thursday,False,16,Partly Cloudy,65.9,16
browns_mill,2026-02-12,16:00,2026-02-12,0,16,Thursday,False,16,Partly Cloudy,65.9,16
browns_mill,2026-02-13,07:00,2026-02-11,2,22,Friday,False,7,Partly Cloudy,48.4,21
browns_mill,2026-02-13,07:00,2026-02-12,1,22,Friday,False,7,Partly Cloudy,48.4,21
browns_mill,2026-02-13,07:00,2026-02-13,0,22,Friday,False,7,Partly Cloudy,48.4,21
browns_mill,2026-02-13,08:00,2026-02-11,2,22,Friday,False,8,Partly Cloudy,48.4,21
browns_mill,2026-02-13,08:00,2026-02-12,1,21,Friday,False,8,Partly Cloudy,48.4,21
browns_mill,2026-02-13,08:00,2026-02-13,0,23,Friday,False,8,Partly Cloudy,48.4,21
browns_mill,2026-02-13,09:00,2026-02-11,2,23,Friday,False,9,Partly Cloudy,48.4,21
browns_mill,2026-02-13,09:00,2026-02-12,1,22,Friday,False,9,Partly Cloudy,48.4,21
browns_mill,2026-02-13,09:00,2026-02-13,0,23,Friday,False,9,Partly Cloudy,48.4,21
browns_mill,2026-02-13,10:00,2026-02-11,2,21,Friday,False,10,Partly Cloudy,48.4,21
browns_mill,2026-02-13,10:00,2026-02-12,1,20,Friday,False,10,Partly Cloudy,48.4,21
browns_mill,2026-02-13,10:00,2026-02-13,0,21,Friday,False,10,Partly Cloudy,48.4,21
browns_mill,2026-02-13,12:00,2026-02-11,2,18,Friday,False,12,Partly Cloudy,48.4,21
browns_mill,2026-02-13,12:00,2026-02-12,1,18,Friday,False,12,Partly Cloudy,48.4,21
browns_mill,2026-02-13,12:00,2026-02-13,0,18,Friday,False,12,Partly Cloudy,48.4,21
browns_mill,2026-02-13,14:00,2026-02-11,2,18,Friday,False,14,Partly Cloudy,48.4,21
browns_mill,2026-02-13,14:00,2026-02-12,1,18,Friday,False,14,Partly Cloudy,48.4,21
browns_mill,2026-02-13,14:00,2026-02-13,0,20,Friday,False,14,Partly Cloudy,48.4,21
browns_mill,2026-02-13,16:00,2026-02-11,2,15,Friday,False,16,Partly Cloudy,48.4,21
browns_mill,2026-02-13,16:00,2026-02-12,1,15,Friday,False,16,Partly Cloudy,48.4,21
browns_mill,2026-02-13,16:00,2026-02-13,0,15,Friday,False,16,Partly Cloudy,48.4,21
browns_mill,2026-02-14,07:00,2026-02-11,3,27,Saturday,True,7,Overcast,65.3,44
browns_mill,2026-02-14,07:00,2026-02-12,2,28,Saturday,True,7,Overcast,65.3,44
browns_mill,2026-02-14,07:00,2026-02-13,1,28,Saturday,True,7,Overcast,65.3,44
browns_mill,2026-02-14,07:00,2026-02-14,0,28,Saturday,True,7,Overcast,65.3,44
browns_mill,2026-02-14,08:00,2026-02-11,3,26,Saturday,True,8,Overcast,65.3,44
browns_mill,2026-02-14,08:00,2026-02-12,2,28,Saturday,True,8,Overcast,65.3,44
browns_mill,2026-02-14,08:00,2026-02-13,1,28,Saturday,True,8,Overcast,65.3,44
browns_mill,2026-02-14,08:00,2026-02-14,0,28,Saturday,True,8,Overcast,65.3,44
browns_mill,2026-02-14,09:00,2026-02-11,3,27,Saturday,True,9,Overcast,65.3,44
browns_mill,2026-02-14,09:00,2026-02-12,2,26,Saturday,True,9,Overcast,65.3,44
browns_mill,2026-02-14,09:00,2026-02-13,1,28,Saturday,True,9,Overcast,65.3,44
browns_mill,2026-02-14,09:00,2026-02-14,0,28,Saturday,True,9,Overcast,65.3,44
browns_mill,2026-02-14,10:00,2026-02-11,3,24,Saturday,True,10,Overcast,65.3,44
browns_mill,2026-02-14,10:00,2026-02-12,2,26,Saturday,True,10,Overcast,65.3,44
browns_mill,2026-02-14,10:00,2026-02-13,1,25,Saturday,True,10,Overcast,65.3,44
browns_mill,2026-02-14,10:00,2026-02-14,0,28,Saturday,True,10,Overcast,65.3,44
browns_mill,2026-02-14,12:00,2026-02-11,3,21,Saturday,True,12,Overcast,65.3,44
browns_mill,2026-02-14,12:00,2026-02-12,2,22,Saturday,True,12,Overcast,65.3,44
browns_mill,2026-02-14,12:00,2026-02-13,1,21,Saturday,True,12,Overcast,65.3,44
browns_mill,2026-02-14,12:00,2026-02-14,0,22,Saturday,True,12,Overcast,65.3,44
browns_mill,2026-02-14,14:00,2026-02-11,3,21,Saturday,True,14,Overcast,65.3,44
browns_mill,2026-02-14,14:00,2026-02-12,2,22,Saturday,True,14,Overcast,65.3,44
browns_mill,2026-02-14,14:00,2026-02-13,1,22,Saturday,True,14,Overcast,65.3,44
browns_mill,2026-02-14,14:00,2026-02-14,0,22,Saturday,True,14,Overcast,65.3,44
browns_mill,2026-02-14,16:00,2026-02-11,3,17,Saturday,True,16,Overcast,65.3,44
browns_mill,2026-02-14,16:00,2026-02-12,2,18,Saturday,True,16,Overcast,65.3,44
browns_mill,2026-02-14,16:00,2026-02-13,1,19,Saturday,True,16,Overcast,65.3,44
browns_mill,2026-02-14,16:00,2026-02-14,0,19,Saturday,True,16,Overcast,65.3,44
browns_mill,2026-02-15,07:00,2026-02-12,3,29,Sunday,True,7,Sunny,59.9,14
browns_mill,2026-02-15,07:00,2026-02-13,2,29,Sunday,True,7,Sunny,59.9,14
browns_mill,2026-02-15,07:00,2026-02-14,1,30,Sunday,True,7,Sunny,59.9,14
browns_mill,2026-02-15,07:00,2026-02-15,0,32,Sunday,True,7,Sunny,59.9,14
browns_mill,2026-02-15,08:00,2026-02-12,3,28,Sunday,True,8,Sunny,59.9,14
browns_mill,2026-02-15,08:00,2026-02-13,2,31,Sunday,True,8,Sunny,59.9,14
browns_mill,2026-02-15,08:00,2026-02-14,1,30,Sunday,True,8,Sunny,59.9,14
browns_mill,2026-02-15,08:00,2026-02-15,0,30,Sunday,True,8,Sunny,59.9,14
browns_mill,2026-02-15,09:00,2026-02-12,3,29,Sunday,True,9,Sunny,59.9,14
browns_mill,2026-02-15,09:00,2026-02-13,2,29,Sunday,True,9,Sunny,59.9,14
browns_mill,2026-02-15,09:00,2026-02-14,1,29,Sunday,True,9,Sunny,59.9,14
browns_mill,2026-02-15,09:00,2026-02-15,0,31,Sunday,True,9,Sunny,59.9,14
browns_mill,2026-02-15,10:00,2026-02-12,3,27,Sunday,True,10,Sunny,59.9,14
browns_mill,2026-02-15,10:00,2026-02-13,2,28,Sunday,True,10,Sunny,59.9,14
browns_mill,2026-02-15,10:00,2026-02-14,1,28,Sunday,True,10,Sunny,59.9,14
browns_mill,2026-02-15,10:00,2026-02-15,0,30,Sunday,True,10,Sunny,59.9,14
browns_mill,2026-02-15,12:00,2026-02-12,3,23,Sunday,True,12,Sunny,59.9,14
browns_mill,2026-02-15,12:00,2026-02-13,2,24,Sunday,True,12,Sunny,59.9,14
browns_mill,2026-02-15,12:00,2026-02-14,1,24,Sunday,True,12,Sunny,59.9,14
browns_mill,2026-02-15,12:00,2026-02-15,0,25,Sunday,True,12,Sunny,59.9,14
browns_mill,2026-02-15,14:00,2026-02-12,3,21,Sunday,True,14,Sunny,59.9,14
browns_mill,2026-02-15,14:00,2026-02-13,2,23,Sunday,True,14,Sunny,59.9,14
browns_mill,2026-02-15,14:00,2026-02-14,1,22,Sunday,True,14,Sunny,59.9,14
browns_mill,2026-02-15,14:00,2026-02-15,0,25,Sunday,True,14,Sunny,59.9,14
browns_mill,2026-02-15,16:00,2026-02-12,3,18,Sunday,True,16,Sunny,59.9,14
browns_mill,2026-02-15,16:00,2026-02-13,2,21,Sunday,True,16,Sunny,59.9,14
browns_mill,2026-02-15,16:00,2026-02-14,1,19,Sunday,True,16,Sunny,59.9,14
browns_mill,2026-02-15,16:00,2026-02-15,0,20,Sunday,True,16,Sunny,59.9,14
browns_mill,2026-02-16,07:00,2026-02-11,5,17,Monday,False,7,Sunny,52.7,7
browns_mill,2026-02-16,07:00,2026-02-13,3,17,Monday,False,7,Sunny,52.7,7
browns_mill,2026-02-16,07:00,2026-02-14,2,18,Monday,False,7,Sunny,52.7,7
browns_mill,2026-02-16,07:00,2026-02-15,1,18,Monday,False,7,Sunny,52.7,7
browns_mill,2026-02-16,07:00,2026-02-16,0,18,Monday,False,7,Sunny,52.7,7
browns_mill,2026-02-16,08:00,2026-02-11,5,17,Monday,False,8,Sunny,52.7,7
browns_mill,2026-02-16,08:00,2026-02-13,3,17,Monday,False,8,Sunny,52.7,7
browns_mill,2026-02-16,08:00,2026-02-14,2,19,Monday,False,8,Sunny,52.7,7
browns_mill,2026-02-16,08:00,2026-02-15,1,18,Monday,False,8,Sunny,52.7,7
browns_mill,2026-02-16,08:00,2026-02-16,0,19,Monday,False,8,Sunny,52.7,7
browns_mill,2026-02-16,09:00,2026-02-11,5,18,Monday,False,9,Sunny,52.7,7
browns_mill,2026-02-16,09:00,2026-02-13,3,18,Monday,False,9,Sunny,52.7,7
browns_mill,2026-02-16,09:00,2026-02-14,2,18,Monday,False,9,Sunny,52.7,7
browns_mill,2026-02-16,09:00,2026-02-15,1,18,Monday,False,9,Sunny,52.7,7
browns_mill,2026-02-16,09:00,2026-02-16,0,19,Monday,False,9,Sunny,52.7,7
browns_mill,2026-02-16,10:00,2026-02-11,5,16,Monday,False,10,Sunny,52.7,7
browns_mill,2026-02-16,10:00,2026-02-13,3,17,Monday,False,10,Sunny,52.7,7
browns_mill,2026-02-16,10:00,2026-02-14,2,17,Monday,False,10,Sunny,52.7,7
browns_mill,2026-02-16,10:00,2026-02-15,1,17,Monday,False,10,Sunny,52.7,7
browns_mill,2026-02-16,10:00,2026-02-16,0,18,Monday,False,10,Sunny,52.7,7
browns_mill,2026-02-16,12:00,2026-02-11,5,15,Monday,False,12,Sunny,52.7,7
browns_mill,2026-02-16,12:00,2026-02-13,3,15,Monday,False,12,Sunny,52.7,7
browns_mill,2026-02-16,12:00,2026-02-14,2,15,Monday,False,12,Sunny,52.7,7
browns_mill,2026-02-16,12:00,2026-02-15,1,15,Monday,False,12,Sunny,52.7,7
browns_mill,2026-02-16,12:00,2026-02-16,0,15,Monday,False,12,Sunny,52.7,7
browns_mill,2026-02-16,14:00,2026-02-11,5,15,Monday,False,14,Sunny,52.7,7
browns_mill,2026-02-16,14:00,2026-02-13,3,15,Monday,False,14,Sunny,52.7,7
browns_mill,2026-02-16,14:00,2026-02-14,2,16,Monday,False,14,Sunny,52.7,7
browns_mill,2026-02-16,14:00,2026-02-15,1,15,Monday,False,14,Sunny,52.7,7
browns_mill,2026-02-16,14:00,2026-02-16,0,16,Monday,False,14,Sunny,52.7,7
browns_mill,2026-02-16,16:00,2026-02-11,5,15,Monday,False,16,Sunny,52.7,7
browns_mill,2026-02-16,16:00,2026-02-13,3,15,Monday,False,16,Sunny,52.7,7
browns_mill,2026-02-16,16:00,2026-02-14,2,15,Monday,False,16,Sunny,52.7,7
browns_mill,2026-02-16,16:00,2026-02-15,1,15,Monday,False,16,Sunny,52.7,7
browns_mill,2026-02-16,16:00,2026-02-16,0,15,Monday,False,16,Sunny,52.7,7
browns_mill,2026-02-17,07:00,2026-02-12,5,20,Tuesday,False,7,Sunny,59.0,1
browns_mill,2026-02-17,07:00,2026-02-14,3,21,Tuesday,False,7,Sunny,59.0,1
browns_mill,2026-02-17,07:00,2026-02-15,2,21,Tuesday,False,7,Sunny,59.0,1
browns_mill,2026-02-17,07:00,2026-02-16,1,20,Tuesday,False,7,Sunny,59.0,1
browns_mill,2026-02-17,07:00,2026-02-17,0,21,Tuesday,False,7,Sunny,59.0,1
browns_mill,2026-02-17,08:00,2026-02-12,5,19,Tuesday,False,8,Sunny,59.0,1
browns_mill,2026-02-17,08:00,2026-02-14,3,20,Tuesday,False,8,Sunny,59.0,1
browns_mill,2026-02-17,08:00,2026-02-15,2,21,Tuesday,False,8,Sunny,59.0,1
browns_mill,2026-02-17,08:00,2026-02-16,1,21,Tuesday,False,8,Sunny,59.0,1
browns_mill,2026-02-17,08:00,2026-02-17,0,22,Tuesday,False,8,Sunny,59.0,1
browns_mill,2026-02-17,09:00,2026-02-12,5,19,Tuesday,False,9,Sunny,59.0,1
browns_mill,2026-02-17,09:00,2026-02-14,3,20,Tuesday,False,9,Sunny,59.0,1
browns_mill,2026-02-17,09:00,2026-02-15,2,21,Tuesday,False,9,Sunny,59.0,1
browns_mill,2026-02-17,09:00,2026-02-16,1,21,Tuesday,False,9,Sunny,59.0,1
browns_mill,2026-02-17,09:00,2026-02-17,0,22,Tuesday,False,9,Sunny,59.0,1
browns_mill,2026-02-17,10:00,2026-02-12,5,18,Tuesday,False,10,Sunny,59.0,1
browns_mill,2026-02-17,10:00,2026-02-14,3,19,Tuesday,False,10,Sunny,59.0,1
browns_mill,2026-02-17,10:00,2026-02-15,2,19,Tuesday,False,10,Sunny,59.0,1
browns_mill,2026-02-17,10:00,2026-02-16,1,20,Tuesday,False,10,Sunny,59.0,1
browns_mill,2026-02-17,10:00,2026-02-17,0,21,Tuesday,False,10,Sunny,59.0,1
browns_mill,2026-02-17,12:00,2026-02-12,5,17,Tuesday,False,12,Sunny,59.0,1
browns_mill,2026-02-17,12:00,2026-02-14,3,17,Tuesday,False,12,Sunny,59.0,1
browns_mill,2026-02-17,12:00,2026-02-15,2,18,Tuesday,False,12,Sunny,59.0,1
browns_mill,2026-02-17,12:00,2026-02-16,1,17,Tuesday,False,12,Sunny,59.0,1
browns_mill,2026-02-17,12:00,2026-02-17,0,18,Tuesday,False,12,Sunny,59.0,1
browns_mill,2026-02-17,14:00,2026-02-12,5,16,Tuesday,False,14,Sunny,59.0,1
browns_mill,2026-02-17,14:00,2026-02-14,3,17,Tuesday,False,14,Sunny,59.0,1
browns_mill,2026-02-17,14:00,2026-02-15,2,17,Tuesday,False,14,Sunny,59.0,1
browns_mill,2026-02-17,14:00,2026-02-16,1,18,Tuesday,False,14,Sunny,59.0,1
browns_mill,2026-02-17,14:00,2026-02-17,0,18,Tuesday,False,14,Sunny,59.0,1
browns_mill,2026-02-17,16:00,2026-02-12,5,15,Tuesday,False,16,Sunny,59.0,1
browns_mill,2026-02-17,16:00,2026-02-14,3,15,Tuesday,False,16,Sunny,59.0,1
browns_mill,2026-02-17,16:00,2026-02-15,2,15,Tuesday,False,16,Sunny,59.0,1
browns_mill,2026-02-17,16:00,2026-02-16,1,15,Tuesday,False,16,Sunny,59.0,1
browns_mill,2026-02-17,16:00,2026-02-17,0,15,Tuesday,False,16,Sunny,59.0,1
browns_mill,2026-02-18,07:00,2026-02-11,7,19,Wednesday,False,7,Partly Cloudy,56.5,28
browns_mill,2026-02-18,07:00,2026-02-13,5,19,Wednesday,False,7,Partly Cloudy,56.5,28
browns_mill,2026-02-18,07:00,2026-02-15,3,20,Wednesday,False,7,Partly Cloudy,56.5,28
browns_mill,2026-02-18,07:00,2026-02-16,2,22,Wednesday,False,7,Partly Cloudy,56.5,28
browns_mill,2026-02-18,07:00,2026-02-17,1,21,Wednesday,False,7,Partly Cloudy,56.5,28
browns_mill,2026-02-18,07:00,2026-02-18,0,20,Wednesday,False,7,Partly Cloudy,56.5,28
browns_mill,2026-02-18,08:00,2026-02-11,7,19,Wednesday,False,8,Partly Cloudy,56.5,28
browns_mill,2026-02-18,08:00,2026-02-13,5,19,Wednesday,False,8,Partly Cloudy,56.5,28
browns_mill,2026-02-18,08:00,2026-02-15,3,19,Wednesday,False,8,Partly Cloudy,56.5,28
browns_mill,2026-02-18,08:00,2026-02-16,2,20,Wednesday,False,8,Partly Cloudy,56.5,28
browns_mill,2026-02-18,08:00,2026-02-17,1,21,Wednesday,False,8,Partly Cloudy,56.5,28
browns_mill,2026-02-18,08:00,2026-02-18,0,21,Wednesday,False,8,Partly Cloudy,56.5,28
browns_mill,2026-02-18,09:00,2026-02-11,7,19,Wednesday,False,9,Partly Cloudy,56.5,28
browns_mill,2026-02-18,09:00,2026-02-13,5,19,Wednesday,False,9,Partly Cloudy,56.5,28
browns_mill,2026-02-18,09:00,2026-02-15,3,19,Wednesday,False,9,Partly Cloudy,56.5,28
browns_mill,2026-02-18,09:00,2026-02-16,2,19,Wednesday,False,9,Partly Cloudy,56.5,28
browns_mill,2026-02-18,09:00,2026-02-17,1,21,Wednesday,False,9,Partly Cloudy,56.5,28
browns_mill,2026-02-18,09:00,2026-02-18,0,21,Wednesday,False,9,Partly Cloudy,56.5,28
browns_mill,2026-02-18,10:00,2026-02-11,7,18,Wednesday,False,10,Partly Cloudy,56.5,28
browns_mill,2026-02-18,10:00,2026-02-13,5,18,Wednesday,False,10,Partly Cloudy,56.5,28
browns_mill,2026-02-18,10:00,2026-02-15,3,19,Wednesday,False,10,Partly Cloudy,56.5,28
browns_mill,2026-02-18,10:00,2026-02-16,2,19,Wednesday,False,10,Partly Cloudy,56.5,28
browns_mill,2026-02-18,10:00,2026-02-17,1,19,Wednesday,False,10,Partly Cloudy,56.5,28
browns_mill,2026-02-18,10:00,2026-02-18,0,20,Wednesday,False,10,Partly Cloudy,56.5,28
browns_mill,2026-02-18,12:00,2026-02-11,7,16,Wednesday,False,12,Partly Cloudy,56.5,28
browns_mill,2026-02-18,12:00,2026-02-13,5,16,Wednesday,False,12,Partly Cloudy,56.5,28
browns_mill,2026-02-18,12:00,2026-02-15,3,16,Wednesday,False,12,Partly Cloudy,56.5,28
browns_mill,2026-02-18,12:00,2026-02-16,2,17,Wednesday,False,12,Partly Cloudy,56.5,28
browns_mill,2026-02-18,12:00,2026-02-17,1,18,Wednesday,False,12,Partly Cloudy,56.5,28
browns_mill,2026-02-18,12:00,2026-02-18,0,18,Wednesday,False,12,Partly Cloudy,56.5,28
browns_mill,2026-02-18,14:00,2026-02-11,7,15,Wednesday,False,14,Partly Cloudy,56.5,28
browns_mill,2026-02-18,14:00,2026-02-13,5,16,Wednesday,False,14,Partly Cloudy,56.5,28
browns_mill,2026-02-18,14:00,2026-02-15,3,16,Wednesday,False,14,Partly Cloudy,56.5,28
browns_mill,2026-02-18,14:00,2026-02-16,2,18,Wednesday,False,14,Partly Cloudy,56.5,28
browns_mill,2026-02-18,14:00,2026-02-17,1,17,Wednesday,False,14,Partly Cloudy,56.5,28
browns_mill,2026-02-18,14:00,2026-02-18,0,17,Wednesday,False,14,Partly Cloudy,56.5,28
browns_mill,2026-02-18,16:00,2026-02-11,7,15,Wednesday,False,16,Partly Cloudy,56.5,28
browns_mill,2026-02-18,16:00,2026-02-13,5,15,Wednesday,False,16,Partly Cloudy,56.5,28
browns_mill,2026-02-18,16:00,2026-02-15,3,15,Wednesday,False,16,Partly Cloudy,56.5,28
browns_mill,2026-02-18,16:00,2026-02-16,2,15,Wednesday,False,16,Partly Cloudy,56.5,28
browns_mill,2026-02-18,16:00,2026-02-17,1,15,Wednesday,False,16,Partly Cloudy,56.5,28
browns_mill,2026-02-18,16:00,2026-02-18,0,15,Wednesday,False,16,Partly Cloudy,56.5,28
browns_mill,2026-02-19,07:00,2026-02-12,7,20,Thursday,False,7,Sunny,59.6,1
browns_mill,2026-02-19,07:00,2026-02-14,5,22,Thursday,False,7,Sunny,59.6,1
browns_mill,2026-02-19,07:00,2026-02-16,3,21,Thursday,False,7,Sunny,59.6,1
browns_mill,2026-02-19,07:00,2026-02-17,2,22,Thursday,False,7,Sunny,59.6,1
browns_mill,2026-02-19,07:00,2026-02-18,1,22,Thursday,False,7,Sunny,59.6,1
browns_mill,2026-02-19,07:00,2026-02-19,0,24,Thursday,False,7,Sunny,59.6,1
browns_mill,2026-02-19,08:00,2026-02-12,7,21,Thursday,False,8,Sunny,59.6,1
browns_mill,2026-02-19,08:00,2026-02-14,5,21,Thursday,False,8,Sunny,59.6,1
browns_mill,2026-02-19,08:00,2026-02-16,3,22,Thursday,False,8,Sunny,59.6,1
browns_mill,2026-02-19,08:00,2026-02-17,2,23,Thursday,False,8,Sunny,59.6,1
browns_mill,2026-02-19,08:00,2026-02-18,1,22,Thursday,False,8,Sunny,59.6,1
browns_mill,2026-02-19,08:00,2026-02-19,0,23,Thursday,False,8,Sunny,59.6,1
browns_mill,2026-02-19,09:00,2026-02-12,7,21,Thursday,False,9,Sunny,59.6,1
browns_mill,2026-02-19,09:00,2026-02-14,5,22,Thursday,False,9,Sunny,59.6,1
browns_mill,2026-02-19,09:00,2026-02-16,3,22,Thursday,False,9,Sunny,59.6,1
browns_mill,2026-02-19,09:00,2026-02-17,2,22,Thursday,False,9,Sunny,59.6,1
browns_mill,2026-02-19,09:00,2026-02-18,1,22,Thursday,False,9,Sunny,59.6,1
browns_mill,2026-02-19,09:00,2026-02-19,0,23,Thursday,False,9,Sunny,59.6,1
browns_mill,2026-02-19,10:00,2026-02-12,7,19,Thursday,False,10,Sunny,59.6,1
browns_mill,2026-02-19,10:00,2026-02-14,5,20,Thursday,False,10,Sunny,59.6,1
browns_mill,2026-02-19,10:00,2026-02-16,3,20,Thursday,False,10,Sunny,59.6,1
browns_mill,2026-02-19,10:00,2026-02-17,2,22,Thursday,False,10,Sunny,59.6,1
browns_mill,2026-02-19,10:00,2026-02-18,1,21,Thursday,False,10,Sunny,59.6,1
browns_mill,2026-02-19,10:00,2026-02-19,0,22,Thursday,False,10,Sunny,59.6,1
browns_mill,2026-02-19,12:00,2026-02-12,7,17,Thursday,False,12,Sunny,59.6,1
browns_mill,2026-02-19,12:00,2026-02-14,5,18,Thursday,False,12,Sunny,59.6,1
browns_mill,2026-02-19,12:00,2026-02-16,3,18,Thursday,False,12,Sunny,59.6,1
browns_mill,2026-02-19,12:00,2026-02-17,2,19,Thursday,False,12,Sunny,59.6,1
browns_mill,2026-02-19,12:00,2026-02-18,1,20,Thursday,False,12,Sunny,59.6,1
browns_mill,2026-02-19,12:00,2026-02-19,0,19,Thursday,False,12,Sunny,59.6,1
browns_mill,2026-02-19,14:00,2026-02-12,7,17,Thursday,False,14,Sunny,59.6,1
browns_mill,2026-02-19,14:00,2026-02-14,5,17,Thursday,False,14,Sunny,59.6,1
browns_mill,2026-02-19,14:00,2026-02-16,3,18,Thursday,False,14,Sunny,59.6,1
browns_mill,2026-02-19,14:00,2026-02-17,2,19,Thursday,False,14,Sunny,59.6,1
browns_mill,2026-02-19,14:00,2026-02-18,1,19,Thursday,False,14,Sunny,59.6,1
browns_mill,2026-02-19,14:00,2026-02-19,0,19,Thursday,False,14,Sunny,59.6,1
browns_mill,2026-02-19,16:00,2026-02-12,7,15,Thursday,False,16,Sunny,59.6,1
browns_mill,2026-02-19,16:00,2026-02-14,5,15,Thursday,False,16,Sunny,59.6,1
browns_mill,2026-02-19,16:00,2026-02-16,3,15,Thursday,False,16,Sunny,59.6,1
browns_mill,2026-02-19,16:00,2026-02-17,2,16,Thursday,False,16,Sunny,59.6,1
browns_mill,2026-02-19,16:00,2026-02-18,1,16,Thursday,False,16,Sunny,59.6,1
browns_mill,2026-02-19,16:00,2026-02-19,0,15,Thursday,False,16,Sunny,59.6,1
browns_mill,2026-02-20,07:00,2026-02-13,7,20,Friday,False,7,Partly Cloudy,53.8,23
browns_mill,2026-02-20,07:00,2026-02-15,5,20,Friday,False,7,Partly Cloudy,53.8,23
browns_mill,2026-02-20,07:00,2026-02-17,3,21,Friday,False,7,Partly Cloudy,53.8,23
browns_mill,2026-02-20,07:00,2026-02-18,2,22,Friday,False,7,Partly Cloudy,53.8,23
browns_mill,2026-02-20,07:00,2026-02-19,1,22,Friday,False,7,Partly Cloudy,53.8,23
browns_mill,2026-02-20,07:00,2026-02-20,0,22,Friday,False,7,Partly Cloudy,53.8,23
browns_mill,2026-02-20,08:00,2026-02-13,7,19,Friday,False,8,Partly Cloudy,53.8,23
browns_mill,2026-02-20,08:00,2026-02-15,5,21,Friday,False,8,Partly Cloudy,53.8,23
browns_mill,2026-02-20,08:00,2026-02-17,3,20,Friday,False,8,Partly Cloudy,53.8,23
browns_mill,2026-02-20,08:00,2026-02-18,2,22,Friday,False,8,Partly Cloudy,53.8,23
browns_mill,2026-02-20,08:00,2026-02-19,1,21,Friday,False,8,Partly Cloudy,53.8,23
browns_mill,2026-02-20,08:00,2026-02-20,0,23,Friday,False,8,Partly Cloudy,53.8,23
browns_mill,2026-02-20,09:00,2026-02-13,7,19,Friday,False,9,Partly Cloudy,53.8,23
browns_mill,2026-02-20,09:00,2026-02-15,5,20,Friday,False,9,Partly Cloudy,53.8,23
browns_mill,2026-02-20,09:00,2026-02-17,3,20,Friday,False,9,Partly Cloudy,53.8,23
browns_mill,2026-02-20,09:00,2026-02-18,2,23,Friday,False,9,Partly Cloudy,53.8,23
browns_mill,2026-02-20,09:00,2026-02-19,1,22,Friday,False,9,Partly Cloudy,53.8,23
browns_mill,2026-02-20,09:00,2026-02-20,0,23,Friday,False,9,Partly Cloudy,53.8,23
browns_mill,2026-02-20,10:00,2026-02-13,7,19,Friday,False,10,Partly Cloudy,53.8,23
browns_mill,2026-02-20,10:00,2026-02-15,5,19,Friday,False,10,Partly Cloudy,53.8,23
browns_mill,2026-02-20,10:00,2026-02-17,3,20,Friday,False,10,Partly Cloudy,53.8,23
browns_mill,2026-02-20,10:00,2026-02-18,2,21,Friday,False,10,Partly Cloudy,53.8,23
browns_mill,2026-02-20,10:00,2026-02-19,1,21,Friday,False,10,Partly Cloudy,53.8,23
browns_mill,2026-02-20,10:00,2026-02-20,0,22,Friday,False,10,Partly Cloudy,53.8,23
browns_mill,2026-02-20,12:00,2026-02-13,7,17,Friday,False,12,Partly Cloudy,53.8,23
browns_mill,2026-02-20,12:00,2026-02-15,5,17,Friday,False,12,Partly Cloudy,53.8,23
browns_mill,2026-02-20,12:00,2026-02-17,3,17,Friday,False,12,Partly Cloudy,53.8,23
browns_mill,2026-02-20,12:00,2026-02-18,2,18,Friday,False,12,Partly Cloudy,53.8,23
browns_mill,2026-02-20,12:00,2026-02-19,1,18,Friday,False,12,Partly Cloudy,53.8,23
browns_mill,2026-02-20,12:00,2026-02-20,0,19,Friday,False,12,Partly Cloudy,53.8,23
browns_mill,2026-02-20,14:00,2026-02-13,7,17,Friday,False,14,Partly Cloudy,53.8,23
browns_mill,2026-02-20,14:00,2026-02-15,5,16,Friday,False,14,Partly Cloudy,53.8,23
browns_mill,2026-02-20,14:00,2026-02-17,3,17,Friday,False,14,Partly Cloudy,53.8,23
browns_mill,2026-02-20,14:00,2026-02-18,2,18,Friday,False,14,Partly Cloudy,53.8,23
browns_mill,2026-02-20,14:00,2026-02-19,1,18,Friday,False,14,Partly Cloudy,53.8,23
browns_mill,2026-02-20,14:00,2026-02-20,0,19,Friday,False,14,Partly Cloudy,53.8,23
browns_mill,2026-02-20,16:00,2026-02-13,7,15,Friday,False,16,Partly Cloudy,53.8,23
browns_mill,2026-02-20,16:00,2026-02-15,5,15,Friday,False,16,Partly Cloudy,53.8,23
browns_mill,2026-02-20,16:00,2026-02-17,3,15,Friday,False,16,Partly Cloudy,53.8,23
browns_mill,2026-02-20,16:00,2026-02-18,2,15,Friday,False,16,Partly Cloudy,53.8,23
browns_mill,2026-02-20,16:00,2026-02-19,1,15,Friday,False,16,Partly Cloudy,53.8,23
browns_mill,2026-02-20,16:00,2026-02-20,0,15,Friday,False,16,Partly Cloudy,53.8,23
browns_mill,2026-02-21,07:00,2026-02-11,10,23,Saturday,True,7,Overcast,52.0,60
browns_mill,2026-02-21,07:00,2026-02-14,7,23,Saturday,True,7,Overcast,52.0,60
browns_mill,2026-02-21,07:00,2026-02-16,5,23,Saturday,True,7,Overcast,52.0,60
browns_mill,2026-02-21,07:00,2026-02-18,3,23,Saturday,True,7,Overcast,52.0,60
browns_mill,2026-02-21,07:00,2026-02-19,2,25,Saturday,True,7,Overcast,52.0,60
browns_mill,2026-02-21,07:00,2026-02-20,1,27,Saturday,True,7,Overcast,52.0,60
browns_mill,2026-02-21,07:00,2026-02-21,0,26,Saturday,True,7,Overcast,52.0,60
browns_mill,2026-02-21,08:00,2026-02-11,10,22,Saturday,True,8,Overcast,52.0,60
browns_mill,2026-02-21,08:00,2026-02-14,7,22,Saturday,True,8,Overcast,52.0,60
browns_mill,2026-02-21,08:00,2026-02-16,5,24,Saturday,True,8,Overcast,52.0,60
browns_mill,2026-02-21,08:00,2026-02-18,3,24,Saturday,True,8,Overcast,52.0,60
browns_mill,2026-02-21,08:00,2026-02-19,2,25,Saturday,True,8,Overcast,52.0,60
browns_mill,2026-02-21,08:00,2026-02-20,1,25,Saturday,True,8,Overcast,52.0,60
browns_mill,2026-02-21,08:00,2026-02-21,0,25,Saturday,True,8,Overcast,52.0,60
browns_mill,2026-02-21,09:00,2026-02-11,10,22,Saturday,True,9,Overcast,52.0,60
browns_mill,2026-02-21,09:00,2026-02-14,7,22,Saturday,True,9,Overcast,52.0,60
browns_mill,2026-02-21,09:00,2026-02-16,5,23,Saturday,True,9,Overcast,52.0,60
browns_mill,2026-02-21,09:00,2026-02-18,3,23,Saturday,True,9,Overcast,52.0,60
browns_mill,2026-02-21,09:00,2026-02-19,2,25,Saturday,True,9,Overcast,52.0,60
browns_mill,2026-02-21,09:00,2026-02-20,1,24,Saturday,True,9,Overcast,52.0,60
browns_mill,2026-02-21,09:00,2026-02-21,0,27,Saturday,True,9,Overcast,52.0,60
browns_mill,2026-02-21,10:00,2026-02-11,10,20,Saturday,True,10,Overcast,52.0,60
browns_mill,2026-02-21,10:00,2026-02-14,7,20,Saturday,True,10,Overcast,52.0,60
browns_mill,2026-02-21,10:00,2026-02-16,5,22,Saturday,True,10,Overcast,52.0,60
browns_mill,2026-02-21,10:00,2026-02-18,3,22,Saturday,True,10,Overcast,52.0,60
browns_mill,2026-02-21,10:00,2026-02-19,2,22,Saturday,True,10,Overcast,52.0,60
browns_mill,2026-02-21,10:00,2026-02-20,1,24,Saturday,True,10,Overcast,52.0,60
browns_mill,2026-02-21,10:00,2026-02-21,0,25,Saturday,True,10,Overcast,52.0,60
browns_mill,2026-02-21,12:00,2026-02-11,10,18,Saturday,True,12,Overcast,52.0,60
browns_mill,2026-02-21,12:00,2026-02-14,7,18,Saturday,True,12,Overcast,52.0,60
browns_mill,2026-02-21,12:00,2026-02-16,5,18,Saturday,True,12,Overcast,52.0,60
browns_mill,2026-02-21,12:00,2026-02-18,3,19,Saturday,True,12,Overcast,52.0,60
browns_mill,2026-02-21,12:00,2026-02-19,2,19,Saturday,True,12,Overcast,52.0,60
browns_mill,2026-02-21,12:00,2026-02-20,1,19,Saturday,True,12,Overcast,52.0,60
browns_mill,2026-02-21,12:00,2026-02-21,0,20,Saturday,True,12,Overcast,52.0,60
browns_mill,2026-02-21,14:00,2026-02-11,10,17,Saturday,True,14,Overcast,52.0,60
browns_mill,2026-02-21,14:00,2026-02-14,7,18,Saturday,True,14,Overcast,52.0,60
browns_mill,2026-02-21,14:00,2026-02-16,5,18,Saturday,True,14,Overcast,52.0,60
browns_mill,2026-02-21,14:00,2026-02-18,3,18,Saturday,True,14,Overcast,52.0,60
browns_mill,2026-02-21,14:00,2026-02-19,2,19,Saturday,True,14,Overcast,52.0,60
browns_mill,2026-02-21,14:00,2026-02-20,1,20,Saturday,True,14,Overcast,52.0,60
browns_mill,2026-02-21,14:00,2026-02-21,0,21,Saturday,True,14,Overcast,52.0,60
browns_mill,2026-02-21,16:00,2026-02-11,10,15,Saturday,True,16,Overcast,52.0,60
browns_mill,2026-02-21,16:00,2026-02-14,7,15,Saturday,True,16,Overcast,52.0,60
browns_mill,2026-02-21,16:00,2026-02-16,5,15,Saturday,True,16,Overcast,52.0,60
browns_mill,2026-02-21,16:00,2026-02-18,3,16,Saturday,True,16,Overcast,52.0,60
browns_mill,2026-02-21,16:00,2026-02-19,2,16,Saturday,True,16,Overcast,52.0,60
browns_mill,2026-02-21,16:00,2026-02-20,1,16,Saturday,True,16,Overcast,52.0,60
browns_mill,2026-02-21,16:00,2026-02-21,0,18,Saturday,True,16,Overcast,52.0,60
browns_mill,2026-02-22,07:00,2026-02-12,10,25,Sunday,True,7,Sunny,59.8,6
browns_mill,2026-02-22,07:00,2026-02-15,7,26,Sunday,True,7,Sunny,59.8,6
browns_mill,2026-02-22,07:00,2026-02-17,5,29,Sunday,True,7,Sunny,59.8,6
browns_mill,2026-02-22,07:00,2026-02-19,3,28,Sunday,True,7,Sunny,59.8,6
browns_mill,2026-02-22,07:00,2026-02-20,2,30,Sunday,True,7,Sunny,59.8,6
browns_mill,2026-02-22,07:00,2026-02-21,1,32,Sunday,True,7,Sunny,59.8,6
browns_mill,2026-02-22,07:00,2026-02-22,0,32,Sunday,True,7,Sunny,59.8,6
browns_mill,2026-02-22,08:00,2026-02-12,10,26,Sunday,True,8,Sunny,59.8,6
browns_mill,2026-02-22,08:00,2026-02-15,7,27,Sunday,True,8,Sunny,59.8,6
browns_mill,2026-02-22,08:00,2026-02-17,5,28,Sunday,True,8,Sunny,59.8,6
browns_mill,2026-02-22,08:00,2026-02-19,3,27,Sunday,True,8,Sunny,59.8,6
browns_mill,2026-02-22,08:00,2026-02-20,2,30,Sunday,True,8,Sunny,59.8,6
browns_mill,2026-02-22,08:00,2026-02-21,1,30,Sunday,True,8,Sunny,59.8,6
browns_mill,2026-02-22,08:00,2026-02-22,0,31,Sunday,True,8,Sunny,59.8,6
browns_mill,2026-02-22,09:00,2026-02-12,10,26,Sunday,True,9,Sunny,59.8,6
browns_mill,2026-02-22,09:00,2026-02-15,7,27,Sunday,True,9,Sunny,59.8,6
browns_mill,2026-02-22,09:00,2026-02-17,5,29,Sunday,True,9,Sunny,59.8,6
browns_mill,2026-02-22,09:00,2026-02-19,3,27,Sunday,True,9,Sunny,59.8,6
browns_mill,2026-02-22,09:00,2026-02-20,2,30,Sunday,True,9,Sunny,59.8,6
browns_mill,2026-02-22,09:00,2026-02-21,1,30,Sunday,True,9,Sunny,59.8,6
browns_mill,2026-02-22,09:00,2026-02-22,0,32,Sunday,True,9,Sunny,59.8,6
browns_mill,2026-02-22,10:00,2026-02-12,10,24,Sunday,True,10,Sunny,59.8,6
browns_mill,2026-02-22,10:00,2026-02-15,7,25,Sunday,True,10,Sunny,59.8,6
browns_mill,2026-02-22,10:00,2026-02-17,5,26,Sunday,True,10,Sunny,59.8,6
browns_mill,2026-02-22,10:00,2026-02-19,3,25,Sunday,True,10,Sunny,59.8,6
browns_mill,2026-02-22,10:00,2026-02-20,2,27,Sunday,True,10,Sunny,59.8,6
browns_mill,2026-02-22,10:00,2026-02-21,1,26,Sunday,True,10,Sunny,59.8,6
browns_mill,2026-02-22,10:00,2026-02-22,0,29,Sunday,True,10,Sunny,59.8,6
browns_mill,2026-02-22,12:00,2026-02-12,10,20,Sunday,True,12,Sunny,59.8,6
browns_mill,2026-02-22,12:00,2026-02-15,7,22,Sunday,True,12,Sunny,59.8,6
browns_mill,2026-02-22,12:00,2026-02-17,5,22,Sunday,True,12,Sunny,59.8,6
browns_mill,2026-02-22,12:00,2026-02-19,3,22,Sunday,True,12,Sunny,59.8,6
browns_mill,2026-02-22,12:00,2026-02-20,2,24,Sunday,True,12,Sunny,59.8,6
browns_mill,2026-02-22,12:00,2026-02-21,1,23,Sunday,True,12,Sunny,59.8,6
browns_mill,2026-02-22,12:00,2026-02-22,0,25,Sunday,True,12,Sunny,59.8,6
browns_mill,2026-02-22,14:00,2026-02-12,10,21,Sunday,True,14,Sunny,59.8,6
browns_mill,2026-02-22,14:00,2026-02-15,7,21,Sunday,True,14,Sunny,59.8,6
browns_mill,2026-02-22,14:00,2026-02-17,5,21,Sunday,True,14,Sunny,59.8,6
browns_mill,2026-02-22,14:00,2026-02-19,3,23,Sunday,True,14,Sunny,59.8,6
browns_mill,2026-02-22,14:00,2026-02-20,2,24,Sunday,True,14,Sunny,59.8,6
browns_mill,2026-02-22,14:00,2026-02-21,1,23,Sunday,True,14,Sunny,59.8,6
browns_mill,2026-02-22,14:00,2026-02-22,0,24,Sunday,True,14,Sunny,59.8,6
browns_mill,2026-02-22,16:00,2026-02-12,10,18,Sunday,True,16,Sunny,59.8,6
browns_mill,2026-02-22,16:00,2026-02-15,7,18,Sunday,True,16,Sunny,59.8,6
browns_mill,2026-02-22,16:00,2026-02-17,5,18,Sunday,True,16,Sunny,59.8,6
browns_mill,2026-02-22,16:00,2026-02-19,3,19,Sunday,True,16,Sunny,59.8,6
browns_mill,2026-02-22,16:00,2026-02-20,2,20,Sunday,True,16,Sunny,59.8,6
browns_mill,2026-02-22,16:00,2026-02-21,1,20,Sunday,True,16,Sunny,59.8,6
browns_mill,2026-02-22,16:00,2026-02-22,0,20,Sunday,True,16,Sunny,59.8,6
browns_mill,2026-02-23,07:00,2026-02-13,10,15,Monday,False,7,Overcast,58.4,53
browns_mill,2026-02-23,07:00,2026-02-16,7,16,Monday,False,7,Overcast,58.4,53
browns_mill,2026-02-23,07:00,2026-02-18,5,16,Monday,False,7,Overcast,58.4,53
browns_mill,2026-02-23,07:00,2026-02-20,3,16,Monday,False,7,Overcast,58.4,53
browns_mill,2026-02-23,07:00,2026-02-21,2,19,Monday,False,7,Overcast,58.4,53
browns_mill,2026-02-23,07:00,2026-02-22,1,18,Monday,False,7,Overcast,58.4,53
browns_mill,2026-02-23,07:00,2026-02-23,0,18,Monday,False,7,Overcast,58.4,53
browns_mill,2026-02-23,08:00,2026-02-13,10,16,Monday,False,8,Overcast,58.4,53
browns_mill,2026-02-23,08:00,2026-02-16,7,15,Monday,False,8,Overcast,58.4,53
browns_mill,2026-02-23,08:00,2026-02-18,5,17,Monday,False,8,Overcast,58.4,53
browns_mill,2026-02-23,08:00,2026-02-20,3,16,Monday,False,8,Overcast,58.4,53
browns_mill,2026-02-23,08:00,2026-02-21,2,18,Monday,False,8,Overcast,58.4,53
browns_mill,2026-02-23,08:00,2026-02-22,1,17,Monday,False,8,Overcast,58.4,53
browns_mill,2026-02-23,08:00,2026-02-23,0,18,Monday,False,8,Overcast,58.4,53
browns_mill,2026-02-23,09:00,2026-02-13,10,16,Monday,False,9,Overcast,58.4,53
browns_mill,2026-02-23,09:00,2026-02-16,7,15,Monday,False,9,Overcast,58.4,53
browns_mill,2026-02-23,09:00,2026-02-18,5,17,Monday,False,9,Overcast,58.4,53
browns_mill,2026-02-23,09:00,2026-02-20,3,17,Monday,False,9,Overcast,58.4,53
browns_mill,2026-02-23,09:00,2026-02-21,2,18,Monday,False,9,Overcast,58.4,53
browns_mill,2026-02-23,09:00,2026-02-22,1,18,Monday,False,9,Overcast,58.4,53
browns_mill,2026-02-23,09:00,2026-02-23,0,19,Monday,False,9,Overcast,58.4,53
browns_mill,2026-02-23,10:00,2026-02-13,10,15,Monday,False,10,Overcast,58.4,53
browns_mill,2026-02-23,10:00,2026-02-16,7,16,Monday,False,10,Overcast,58.4,53
browns_mill,2026-02-23,10:00,2026-02-18,5,15,Monday,False,10,Overcast,58.4,53
browns_mill,2026-02-23,10:00,2026-02-20,3,17,Monday,False,10,Overcast,58.4,53
browns_mill,2026-02-23,10:00,2026-02-21,2,17,Monday,False,10,Overcast,58.4,53
browns_mill,2026-02-23,10:00,2026-02-22,1,17,Monday,False,10,Overcast,58.4,53
browns_mill,2026-02-23,10:00,2026-02-23,0,18,Monday,False,10,Overcast,58.4,53
browns_mill,2026-02-23,12:00,2026-02-13,10,15,Monday,False,12,Overcast,58.4,53
browns_mill,2026-02-23,12:00,2026-02-16,7,15,Monday,False,12,Overcast,58.4,53
browns_mill,2026-02-23,12:00,2026-02-18,5,15,Monday,False,12,Overcast,58.4,53
browns_mill,2026-02-23,12:00,2026-02-20,3,15,Monday,False,12,Overcast,58.4,53
browns_mill,2026-02-23,12:00,2026-02-21,2,15,Monday,False,12,Overcast,58.4,53
browns_mill,2026-02-23,12:00,2026-02-22,1,15,Monday,False,12,Overcast,58.4,53
browns_mill,2026-02-23,12:00,2026-02-23,0,16,Monday,False,12,Overcast,58.4,53
browns_mill,2026-02-23,14:00,2026-02-13,10,15,Monday,False,14,Overcast,58.4,53
browns_mill,2026-02-23,14:00,2026-02-16,7,15,Monday,False,14,Overcast,58.4,53
browns_mill,2026-02-23,14:00,2026-02-18,5,15,Monday,False,14,Overcast,58.4,53
browns_mill,2026-02-23,14:00,2026-02-20,3,15,Monday,False,14,Overcast,58.4,53
browns_mill,2026-02-23,14:00,2026-02-21,2,15,Monday,False,14,Overcast,58.4,53
browns_mill,2026-02-23,14:00,2026-02-22,1,15,Monday,False,14,Overcast,58.4,53
browns_mill,2026-02-23,14:00,2026-02-23,0,15,Monday,False,14,Overcast,58.4,53
browns_mill,2026-02-23,16:00,2026-02-13,10,15,Monday,False,16,Overcast,58.4,53
browns_mill,2026-02-23,16:00,2026-02-16,7,15,Monday,False,16,Overcast,58.4,53
browns_mill,2026-02-23,16:00,2026-02-18,5,15,Monday,False,16,Overcast,58.4,53
browns_mill,2026-02-23,16:00,2026-02-20,3,15,Monday,False,16,Overcast,58.4,53
browns_mill,2026-02-23,16:00,2026-02-21,2,15,Monday,False,16,Overcast,58.4,53
browns_mill,2026-02-23,16:00,2026-02-22,1,15,Monday,False,16,Overcast,58.4,53
browns_mill,2026-02-23,16:00,2026-02-23,0,15,Monday,False,16,Overcast,58.4,53
browns_mill,2026-02-24,07:00,2026-02-14,10,17,Tuesday,False,7,Partly Cloudy,55.4,16
browns_mill,2026-02-24,07:00,2026-02-17,7,17,Tuesday,False,7,Partly Cloudy,55.4,16
browns_mill,2026-02-24,07:00,2026-02-19,5,19,Tuesday,False,7,Partly Cloudy,55.4,16
browns_mill,2026-02-24,07:00,2026-02-21,3,19,Tuesday,False,7,Partly Cloudy,55.4,16
browns_mill,2026-02-24,07:00,2026-02-22,2,21,Tuesday,False,7,Partly Cloudy,55.4,16
browns_mill,2026-02-24,07:00,2026-02-23,1,19,Tuesday,False,7,Partly Cloudy,55.4,16
browns_mill,2026-02-24,07:00,2026-02-24,0,20,Tuesday,False,7,Partly Cloudy,55.4,16
browns_mill,2026-02-24,08:00,2026-02-14,10,17,Tuesday,False,8,Partly Cloudy,55.4,16
browns_mill,2026-02-24,08:00,2026-02-17,7,18,Tuesday,False,8,Partly Cloudy,55.4,16
browns_mill,2026-02-24,08:00,2026-02-19,5,18,Tuesday,False,8,Partly Cloudy,55.4,16
browns_mill,2026-02-24,08:00,2026-02-21,3,19,Tuesday,False,8,Partly Cloudy,55.4,16
browns_mill,2026-02-24,08:00,2026-02-22,2,19,Tuesday,False,8,Partly Cloudy,55.4,16
browns_mill,2026-02-24,08:00,2026-02-23,1,21,Tuesday,False,8,Partly Cloudy,55.4,16
browns_mill,2026-02-24,08:00,2026-02-24,0,20,Tuesday,False,8,Partly Cloudy,55.4,16
browns_mill,2026-02-24,09:00,2026-02-14,10,18,Tuesday,False,9,Partly Cloudy,55.4,16
browns_mill,2026-02-24,09:00,2026-02-17,7,18,Tuesday,False,9,Partly Cloudy,55.4,16
browns_mill,2026-02-24,09:00,2026-02-19,5,19,Tuesday,False,9,Partly Cloudy,55.4,16
browns_mill,2026-02-24,09:00,2026-02-21,3,19,Tuesday,False,9,Partly Cloudy,55.4,16
browns_mill,2026-02-24,09:00,2026-02-22,2,20,Tuesday,False,9,Partly Cloudy,55.4,16
browns_mill,2026-02-24,09:00,2026-02-23,1,19,Tuesday,False,9,Partly Cloudy,55.4,16
browns_mill,2026-02-24,09:00,2026-02-24,0,21,Tuesday,False,9,Partly Cloudy,55.4,16
browns_mill,2026-02-24,10:00,2026-02-14,10,17,Tuesday,False,10,Partly Cloudy,55.4,16
browns_mill,2026-02-24,10:00,2026-02-17,7,17,Tuesday,False,10,Partly Cloudy,55.4,16
browns_mill,2026-02-24,10:00,2026-02-19,5,17,Tuesday,False,10,Partly Cloudy,55.4,16
browns_mill,2026-02-24,10:00,2026-02-21,3,18,Tuesday,False,10,Partly Cloudy,55.4,16
browns_mill,2026-02-24,10:00,2026-02-22,2,19,Tuesday,False,10,Partly Cloudy,55.4,16
browns_mill,2026-02-24,10:00,2026-02-23,1,19,Tuesday,False,10,Partly Cloudy,55.4,16
browns_mill,2026-02-24,10:00,2026-02-24,0,19,Tuesday,False,10,Partly Cloudy,55.4,16
browns_mill,2026-02-24,12:00,2026-02-14,10,15,Tuesday,False,12,Partly Cloudy,55.4,16
browns_mill,2026-02-24,12:00,2026-02-17,7,15,Tuesday,False,12,Partly Cloudy,55.4,16
browns_mill,2026-02-24,12:00,2026-02-19,5,16,Tuesday,False,12,Partly Cloudy,55.4,16
browns_mill,2026-02-24,12:00,2026-02-21,3,15,Tuesday,False,12,Partly Cloudy,55.4,16
browns_mill,2026-02-24,12:00,2026-02-22,2,17,Tuesday,False,12,Partly Cloudy,55.4,16
browns_mill,2026-02-24,12:00,2026-02-23,1,17,Tuesday,False,12,Partly Cloudy,55.4,16
browns_mill,2026-02-24,12:00,2026-02-24,0,17,Tuesday,False,12,Partly Cloudy,55.4,16
browns_mill,2026-02-24,14:00,2026-02-14,10,15,Tuesday,False,14,Partly Cloudy,55.4,16
browns_mill,2026-02-24,14:00,2026-02-17,7,15,Tuesday,False,14,Partly Cloudy,55.4,16
browns_mill,2026-02-24,14:00,2026-02-19,5,15,Tuesday,False,14,Partly Cloudy,55.4,16
browns_mill,2026-02-24,14:00,2026-02-21,3,16,Tuesday,False,14,Partly Cloudy,55.4,16
browns_mill,2026-02-24,14:00,2026-02-22,2,16,Tuesday,False,14,Partly Cloudy,55.4,16
browns_mill,2026-02-24,14:00,2026-02-23,1,17,Tuesday,False,14,Partly Cloudy,55.4,16
browns_mill,2026-02-24,14:00,2026-02-24,0,18,Tuesday,False,14,Partly Cloudy,55.4,16
browns_mill,2026-02-24,16:00,2026-02-14,10,15,Tuesday,False,16,Partly Cloudy,55.4,16
browns_mill,2026-02-24,16:00,2026-02-17,7,15,Tuesday,False,16,Partly Cloudy,55.4,16
browns_mill,2026-02-24,16:00,2026-02-19,5,15,Tuesday,False,16,Partly Cloudy,55.4,16
browns_mill,2026-02-24,16:00,2026-02-21,3,15,Tuesday,False,16,Partly Cloudy,55.4,16
browns_mill,2026-02-24,16:00,2026-02-22,2,15,Tuesday,False,16,Partly Cloudy,55.4,16
browns_mill,2026-02-24,16:00,2026-02-23,1,15,Tuesday,False,16,Partly Cloudy,55.4,16
browns_mill,2026-02-24,16:00,2026-02-24,0,15,Tuesday,False,16,Partly Cloudy,55.4,16
browns_mill,2026-02-25,07:00,2026-02-11,14,17,Wednesday,False,7,Partly Cloudy,55.4,16
browns_mill,2026-02-25,07:00,2026-02-15,10,18,Wednesday,False,7,Partly Cloudy,55.4,16
browns_mill,2026-02-25,07:00,2026-02-18,7,19,Wednesday,False,7,Partly Cloudy,55.4,16
browns_mill,2026-02-25,07:00,2026-02-20,5,20,Wednesday,False,7,Partly Cloudy,55.4,16
browns_mill,2026-02-25,07:00,2026-02-22,3,20,Wednesday,False,7,Partly Cloudy,55.4,16
browns_mill,2026-02-25,07:00,2026-02-23,2,21,Wednesday,False,7,Partly Cloudy,55.4,16
browns_mill,2026-02-25,07:00,2026-02-24,1,22,Wednesday,False,7,Partly Cloudy,55.4,16
browns_mill,2026-02-25,07:00,2026-02-25,0,22,Wednesday,False,7,Partly Cloudy,55.4,16
browns_mill,2026-02-25,08:00,2026-02-11,14,17,Wednesday,False,8,Partly Cloudy,55.4,16
browns_mill,2026-02-25,08:00,2026-02-15,10,18,Wednesday,False,8,Partly Cloudy,55.4,16
browns_mill,2026-02-25,08:00,2026-02-18,7,19,Wednesday,False,8,Partly Cloudy,55.4,16
browns_mill,2026-02-25,08:00,2026-02-20,5,19,Wednesday,False,8,Partly Cloudy,55.4,16
browns_mill,2026-02-25,08:00,2026-02-22,3,19,Wednesday,False,8,Partly Cloudy,55.4,16
browns_mill,2026-02-25,08:00,2026-02-23,2,21,Wednesday,False,8,Partly Cloudy,55.4,16
browns_mill,2026-02-25,08:00,2026-02-24,1,20,Wednesday,False,8,Partly Cloudy,55.4,16
browns_mill,2026-02-25,08:00,2026-02-25,0,21,Wednesday,False,8,Partly Cloudy,55.4,16
browns_mill,2026-02-25,09:00,2026-02-11,14,17,Wednesday,False,9,Partly Cloudy,55.4,16
browns_mill,2026-02-25,09:00,2026-02-15,10,18,Wednesday,False,9,Partly Cloudy,55.4,16
browns_mill,2026-02-25,09:00,2026-02-18,7,19,Wednesday,False,9,Partly Cloudy,55.4,16
browns_mill,2026-02-25,09:00,2026-02-20,5,19,Wednesday,False,9,Partly Cloudy,55.4,16
browns_mill,2026-02-25,09:00,2026-02-22,3,19,Wednesday,False,9,Partly Cloudy,55.4,16
browns_mill,2026-02-25,09:00,2026-02-23,2,20,Wednesday,False,9,Partly Cloudy,55.4,16
browns_mill,2026-02-25,09:00,2026-02-24,1,21,Wednesday,False,9,Partly Cloudy,55.4,16
browns_mill,2026-02-25,09:00,2026-02-25,0,21,Wednesday,False,9,Partly Cloudy,55.4,16
browns_mill,2026-02-25,10:00,2026-02-11,14,17,Wednesday,False,10,Partly Cloudy,55.4,16
browns_mill,2026-02-25,10:00,2026-02-15,10,17,Wednesday,False,10,Partly Cloudy,55.4,16
browns_mill,2026-02-25,10:00,2026-02-18,7,18,Wednesday,False,10,Partly Cloudy,55.4,16
browns_mill,2026-02-25,10:00,2026-02-20,5,18,Wednesday,False,10,Partly Cloudy,55.4,16
browns_mill,2026-02-25,10:00,2026-02-22,3,18,Wednesday,False,10,Partly Cloudy,55.4,16
browns_mill,2026-02-25,10:00,2026-02-23,2,20,Wednesday,False,10,Partly Cloudy,55.4,16
browns_mill,2026-02-25,10:00,2026-02-24,1,19,Wednesday,False,10,Partly Cloudy,55.4,16
browns_mill,2026-02-25,10:00,2026-02-25,0,21,Wednesday,False,10,Partly Cloudy,55.4,16
browns_mill,2026-02-25,12:00,2026-02-11,14,15,Wednesday,False,12,Partly Cloudy,55.4,16
browns_mill,2026-02-25,12:00,2026-02-15,10,15,Wednesday,False,12,Partly Cloudy,55.4,16
browns_mill,2026-02-25,12:00,2026-02-18,7,16,Wednesday,False,12,Partly Cloudy,55.4,16
browns_mill,2026-02-25,12:00,2026-02-20,5,16,Wednesday,False,12,Partly Cloudy,55.4,16
browns_mill,2026-02-25,12:00,2026-02-22,3,17,Wednesday,False,12,Partly Cloudy,55.4,16
browns_mill,2026-02-25,12:00,2026-02-23,2,17,Wednesday,False,12,Partly Cloudy,55.4,16
browns_mill,2026-02-25,12:00,2026-02-24,1,16,Wednesday,False,12,Partly Cloudy,55.4,16
browns_mill,2026-02-25,12:00,2026-02-25,0,18,Wednesday,False,12,Partly Cloudy,55.4,16
browns_mill,2026-02-25,14:00,2026-02-11,14,15,Wednesday,False,14,Partly Cloudy,55.4,16
browns_mill,2026-02-25,14:00,2026-02-15,10,15,Wednesday,False,14,Partly Cloudy,55.4,16
browns_mill,2026-02-25,14:00,2026-02-18,7,16,Wednesday,False,14,Partly Cloudy,55.4,16
browns_mill,2026-02-25,14:00,2026-02-20,5,16,Wednesday,False,14,Partly Cloudy,55.4,16
browns_mill,2026-02-25,14:00,2026-02-22,3,16,Wednesday,False,14,Partly Cloudy,55.4,16
browns_mill,2026-02-25,14:00,2026-02-23,2,18,Wednesday,False,14,Partly Cloudy,55.4,16
browns_mill,2026-02-25,14:00,2026-02-24,1,16,Wednesday,False,14,Partly Cloudy,55.4,16
browns_mill,2026-02-25,14:00,2026-02-25,0,17,Wednesday,False,14,Partly Cloudy,55.4,16
browns_mill,2026-02-25,16:00,2026-02-11,14,15,Wednesday,False,16,Partly Cloudy,55.4,16
browns_mill,2026-02-25,16:00,2026-02-15,10,15,Wednesday,False,16,Partly Cloudy,55.4,16
browns_mill,2026-02-25,16:00,2026-02-18,7,15,Wednesday,False,16,Partly Cloudy,55.4,16
browns_mill,2026-02-25,16:00,2026-02-20,5,15,Wednesday,False,16,Partly Cloudy,55.4,16
browns_mill,2026-02-25,16:00,2026-02-22,3,15,Wednesday,False,16,Partly Cloudy,55.4,16
browns_mill,2026-02-25,16:00,2026-02-23,2,15,Wednesday,False,16,Partly Cloudy,55.4,16
browns_mill,2026-02-25,16:00,2026-02-24,1,15,Wednesday,False,16,Partly Cloudy,55.4,16
browns_mill,2026-02-25,16:00,2026-02-25,0,15,Wednesday,False,16,Partly Cloudy,55.4,16
browns_mill,2026-02-26,07:00,2026-02-12,14,18,Thursday,False,7,Sunny,54.5,2
browns_mill,2026-02-26,07:00,2026-02-16,10,18,Thursday,False,7,Sunny,54.5,2
browns_mill,2026-02-26,07:00,2026-02-19,7,18,Thursday,False,7,Sunny,54.5,2
browns_mill,2026-02-26,07:00,2026-02-21,5,19,Thursday,False,7,Sunny,54.5,2
browns_mill,2026-02-26,07:00,2026-02-23,3,21,Thursday,False,7,Sunny,54.5,2
browns_mill,2026-02-26,07:00,2026-02-24,2,21,Thursday,False,7,Sunny,54.5,2
browns_mill,2026-02-26,07:00,2026-02-25,1,20,Thursday,False,7,Sunny,54.5,2
browns_mill,2026-02-26,07:00,2026-02-26,0,20,Thursday,False,7,Sunny,54.5,2
browns_mill,2026-02-26,08:00,2026-02-12,14,17,Thursday,False,8,Sunny,54.5,2
browns_mill,2026-02-26,08:00,2026-02-16,10,18,Thursday,False,8,Sunny,54.5,2
browns_mill,2026-02-26,08:00,2026-02-19,7,19,Thursday,False,8,Sunny,54.5,2
browns_mill,2026-02-26,08:00,2026-02-21,5,19,Thursday,False,8,Sunny,54.5,2
browns_mill,2026-02-26,08:00,2026-02-23,3,21,Thursday,False,8,Sunny,54.5,2
browns_mill,2026-02-26,08:00,2026-02-24,2,21,Thursday,False,8,Sunny,54.5,2
browns_mill,2026-02-26,08:00,2026-02-25,1,21,Thursday,False,8,Sunny,54.5,2
browns_mill,2026-02-26,08:00,2026-02-26,0,21,Thursday,False,8,Sunny,54.5,2
browns_mill,2026-02-26,09:00,2026-02-12,14,17,Thursday,False,9,Sunny,54.5,2
browns_mill,2026-02-26,09:00,2026-02-16,10,18,Thursday,False,9,Sunny,54.5,2
browns_mill,2026-02-26,09:00,2026-02-19,7,18,Thursday,False,9,Sunny,54.5,2
browns_mill,2026-02-26,09:00,2026-02-21,5,19,Thursday,False,9,Sunny,54.5,2
browns_mill,2026-02-26,09:00,2026-02-23,3,20,Thursday,False,9,Sunny,54.5,2
browns_mill,2026-02-26,09:00,2026-02-24,2,20,Thursday,False,9,Sunny,54.5,2
browns_mill,2026-02-26,09:00,2026-02-25,1,20,Thursday,False,9,Sunny,54.5,2
browns_mill,2026-02-26,09:00,2026-02-26,0,21,Thursday,False,9,Sunny,54.5,2
browns_mill,2026-02-26,10:00,2026-02-12,14,17,Thursday,False,10,Sunny,54.5,2
browns_mill,2026-02-26,10:00,2026-02-16,10,17,Thursday,False,10,Sunny,54.5,2
browns_mill,2026-02-26,10:00,2026-02-19,7,17,Thursday,False,10,Sunny,54.5,2
browns_mill,2026-02-26,10:00,2026-02-21,5,18,Thursday,False,10,Sunny,54.5,2
browns_mill,2026-02-26,10:00,2026-02-23,3,19,Thursday,False,10,Sunny,54.5,2
browns_mill,2026-02-26,10:00,2026-02-24,2,20,Thursday,False,10,Sunny,54.5,2
browns_mill,2026-02-26,10:00,2026-02-25,1,19,Thursday,False,10,Sunny,54.5,2
browns_mill,2026-02-26,10:00,2026-02-26,0,20,Thursday,False,10,Sunny,54.5,2
browns_mill,2026-02-26,12:00,2026-02-12,14,15,Thursday,False,12,Sunny,54.5,2
browns_mill,2026-02-26,12:00,2026-02-16,10,15,Thursday,False,12,Sunny,54.5,2
browns_mill,2026-02-26,12:00,2026-02-19,7,15,Thursday,False,12,Sunny,54.5,2
browns_mill,2026-02-26,12:00,2026-02-21,5,16,Thursday,False,12,Sunny,54.5,2
browns_mill,2026-02-26,12:00,2026-02-23,3,16,Thursday,False,12,Sunny,54.5,2
browns_mill,2026-02-26,12:00,2026-02-24,2,18,Thursday,False,12,Sunny,54.5,2
browns_mill,2026-02-26,12:00,2026-02-25,1,17,Thursday,False,12,Sunny,54.5,2
browns_mill,2026-02-26,12:00,2026-02-26,0,17,Thursday,False,12,Sunny,54.5,2
browns_mill,2026-02-26,14:00,2026-02-12,14,15,Thursday,False,14,Sunny,54.5,2
browns_mill,2026-02-26,14:00,2026-02-16,10,15,Thursday,False,14,Sunny,54.5,2
browns_mill,2026-02-26,14:00,2026-02-19,7,15,Thursday,False,14,Sunny,54.5,2
browns_mill,2026-02-26,14:00,2026-02-21,5,16,Thursday,False,14,Sunny,54.5,2
browns_mill,2026-02-26,14:00,2026-02-23,3,16,Thursday,False,14,Sunny,54.5,2
browns_mill,2026-02-26,14:00,2026-02-24,2,17,Thursday,False,14,Sunny,54.5,2
browns_mill,2026-02-26,14:00,2026-02-25,1,17,Thursday,False,14,Sunny,54.5,2
browns_mill,2026-02-26,14:00,2026-02-26,0,18,Thursday,False,14,Sunny,54.5,2
browns_mill,2026-02-26,16:00,2026-02-12,14,15,Thursday,False,16,Sunny,54.5,2
browns_mill,2026-02-26,16:00,2026-02-16,10,15,Thursday,False,16,Sunny,54.5,2
browns_mill,2026-02-26,16:00,2026-02-19,7,15,Thursday,False,16,Sunny,54.5,2
browns_mill,2026-02-26,16:00,2026-02-21,5,15,Thursday,False,16,Sunny,54.5,2
browns_mill,2026-02-26,16:00,2026-02-23,3,15,Thursday,False,16,Sunny,54.5,2
browns_mill,2026-02-26,16:00,2026-02-24,2,15,Thursday,False,16,Sunny,54.5,2
browns_mill,2026-02-26,16:00,2026-02-25,1,15,Thursday,False,16,Sunny,54.5,2
browns_mill,2026-02-26,16:00,2026-02-26,0,15,Thursday,False,16,Sunny,54.5,2
browns_mill,2026-02-27,07:00,2026-02-13,14,20,Friday,False,7,Sunny,58.0,10
browns_mill,2026-02-27,07:00,2026-02-17,10,23,Friday,False,7,Sunny,58.0,10
browns_mill,2026-02-27,07:00,2026-02-20,7,23,Friday,False,7,Sunny,58.0,10
browns_mill,2026-02-27,07:00,2026-02-22,5,24,Friday,False,7,Sunny,58.0,10
browns_mill,2026-02-27,07:00,2026-02-24,3,25,Friday,False,7,Sunny,58.0,10
browns_mill,2026-02-27,07:00,2026-02-25,2,26,Friday,False,7,Sunny,58.0,10
browns_mill,2026-02-27,07:00,2026-02-26,1,25,Friday,False,7,Sunny,58.0,10
browns_mill,2026-02-27,07:00,2026-02-27,0,26,Friday,False,7,Sunny,58.0,10
browns_mill,2026-02-27,08:00,2026-02-13,14,22,Friday,False,8,Sunny,58.0,10
browns_mill,2026-02-27,08:00,2026-02-17,10,23,Friday,False,8,Sunny,58.0,10
browns_mill,2026-02-27,08:00,2026-02-20,7,23,Friday,False,8,Sunny,58.0,10
browns_mill,2026-02-27,08:00,2026-02-22,5,24,Friday,False,8,Sunny,58.0,10
browns_mill,2026-02-27,08:00,2026-02-24,3,25,Friday,False,8,Sunny,58.0,10
browns_mill,2026-02-27,08:00,2026-02-25,2,26,Friday,False,8,Sunny,58.0,10
browns_mill,2026-02-27,08:00,2026-02-26,1,25,Friday,False,8,Sunny,58.0,10
browns_mill,2026-02-27,08:00,2026-02-27,0,27,Friday,False,8,Sunny,58.0,10
browns_mill,2026-02-27,09:00,2026-02-13,14,22,Friday,False,9,Sunny,58.0,10
browns_mill,2026-02-27,09:00,2026-02-17,10,23,Friday,False,9,Sunny,58.0,10
browns_mill,2026-02-27,09:00,2026-02-20,7,23,Friday,False,9,Sunny,58.0,10
browns_mill,2026-02-27,09:00,2026-02-22,5,24,Friday,False,9,Sunny,58.0,10
browns_mill,2026-02-27,09:00,2026-02-24,3,23,Friday,False,9,Sunny,58.0,10
browns_mill,2026-02-27,09:00,2026-02-25,2,25,Friday,False,9,Sunny,58.0,10
browns_mill,2026-02-27,09:00,2026-02-26,1,26,Friday,False,9,Sunny,58.0,10
browns_mill,2026-02-27,09:00,2026-02-27,0,26,Friday,False,9,Sunny,58.0,10
browns_mill,2026-02-27,10:00,2026-02-13,14,20,Friday,False,10,Sunny,58.0,10
browns_mill,2026-02-27,10:00,2026-02-17,10,22,Friday,False,10,Sunny,58.0,10
browns_mill,2026-02-27,10:00,2026-02-20,7,23,Friday,False,10,Sunny,58.0,10
browns_mill,2026-02-27,10:00,2026-02-22,5,22,Friday,False,10,Sunny,58.0,10
browns_mill,2026-02-27,10:00,2026-02-24,3,24,Friday,False,10,Sunny,58.0,10
browns_mill,2026-02-27,10:00,2026-02-25,2,23,Friday,False,10,Sunny,58.0,10
browns_mill,2026-02-27,10:00,2026-02-26,1,25,Friday,False,10,Sunny,58.0,10
browns_mill,2026-02-27,10:00,2026-02-27,0,25,Friday,False,10,Sunny,58.0,10
browns_mill,2026-02-27,12:00,2026-02-13,14,18,Friday,False,12,Sunny,58.0,10
browns_mill,2026-02-27,12:00,2026-02-17,10,19,Friday,False,12,Sunny,58.0,10
browns_mill,2026-02-27,12:00,2026-02-20,7,19,Friday,False,12,Sunny,58.0,10
browns_mill,2026-02-27,12:00,2026-02-22,5,20,Friday,False,12,Sunny,58.0,10
browns_mill,2026-02-27,12:00,2026-02-24,3,22,Friday,False,12,Sunny,58.0,10
browns_mill,2026-02-27,12:00,2026-02-25,2,21,Friday,False,12,Sunny,58.0,10
browns_mill,2026-02-27,12:00,2026-02-26,1,22,Friday,False,12,Sunny,58.0,10
browns_mill,2026-02-27,12:00,2026-02-27,0,21,Friday,False,12,Sunny,58.0,10
browns_mill,2026-02-27,14:00,2026-02-13,14,18,Friday,False,14,Sunny,58.0,10
browns_mill,2026-02-27,14:00,2026-02-17,10,19,Friday,False,14,Sunny,58.0,10
browns_mill,2026-02-27,14:00,2026-02-20,7,19,Friday,False,14,Sunny,58.0,10
browns_mill,2026-02-27,14:00,2026-02-22,5,20,Friday,False,14,Sunny,58.0,10
browns_mill,2026-02-27,14:00,2026-02-24,3,20,Friday,False,14,Sunny,58.0,10
browns_mill,2026-02-27,14:00,2026-02-25,2,21,Friday,False,14,Sunny,58.0,10
browns_mill,2026-02-27,14:00,2026-02-26,1,21,Friday,False,14,Sunny,58.0,10
browns_mill,2026-02-27,14:00,2026-02-27,0,23,Friday,False,14,Sunny,58.0,10
browns_mill,2026-02-27,16:00,2026-02-13,14,15,Friday,False,16,Sunny,58.0,10
browns_mill,2026-02-27,16:00,2026-02-17,10,15,Friday,False,16,Sunny,58.0,10
browns_mill,2026-02-27,16:00,2026-02-20,7,16,Friday,False,16,Sunny,58.0,10
browns_mill,2026-02-27,16:00,2026-02-22,5,17,Friday,False,16,Sunny,58.0,10
browns_mill,2026-02-27,16:00,2026-02-24,3,16,Friday,False,16,Sunny,58.0,10
browns_mill,2026-02-27,16:00,2026-02-25,2,18,Friday,False,16,Sunny,58.0,10
browns_mill,2026-02-27,16:00,2026-02-26,1,18,Friday,False,16,Sunny,58.0,10
browns_mill,2026-02-27,16:00,2026-02-27,0,18,Friday,False,16,Sunny,58.0,10
browns_mill,2026-02-28,07:00,2026-02-14,14,26,Saturday,True,7,Sunny,60.0,5
browns_mill,2026-02-28,07:00,2026-02-18,10,27,Saturday,True,7,Sunny,60.0,5
browns_mill,2026-02-28,07:00,2026-02-21,7,27,Saturday,True,7,Sunny,60.0,5
browns_mill,2026-02-28,07:00,2026-02-23,5,29,Saturday,True,7,Sunny,60.0,5
browns_mill,2026-02-28,07:00,2026-02-25,3,30,Saturday,True,7,Sunny,60.0,5
browns_mill,2026-02-28,07:00,2026-02-26,2,31,Saturday,True,7,Sunny,60.0,5
browns_mill,2026-02-28,07:00,2026-02-27,1,32,Saturday,True,7,Sunny,60.0,5
browns_mill,2026-02-28,07:00,2026-02-28,0,34,Saturday,True,7,Sunny,60.0,5
browns_mill,2026-02-28,08:00,2026-02-14,14,26,Saturday,True,8,Sunny,60.0,5
browns_mill,2026-02-28,08:00,2026-02-18,10,28,Saturday,True,8,Sunny,60.0,5
browns_mill,2026-02-28,08:00,2026-02-21,7,27,Saturday,True,8,Sunny,60.0,5
browns_mill,2026-02-28,08:00,2026-02-23,5,31,Saturday,True,8,Sunny,60.0,5
browns_mill,2026-02-28,08:00,2026-02-25,3,29,Saturday,True,8,Sunny,60.0,5
browns_mill,2026-02-28,08:00,2026-02-26,2,31,Saturday,True,8,Sunny,60.0,5
browns_mill,2026-02-28,08:00,2026-02-27,1,32,Saturday,True,8,Sunny,60.0,5
browns_mill,2026-02-28,08:00,2026-02-28,0,33,Saturday,True,8,Sunny,60.0,5
browns_mill,2026-02-28,09:00,2026-02-14,14,28,Saturday,True,9,Sunny,60.0,5
browns_mill,2026-02-28,09:00,2026-02-18,10,28,Saturday,True,9,Sunny,60.0,5
browns_mill,2026-02-28,09:00,2026-02-21,7,29,Saturday,True,9,Sunny,60.0,5
browns_mill,2026-02-28,09:00,2026-02-23,5,30,Saturday,True,9,Sunny,60.0,5
browns_mill,2026-02-28,09:00,2026-02-25,3,31,Saturday,True,9,Sunny,60.0,5
browns_mill,2026-02-28,09:00,2026-02-26,2,31,Saturday,True,9,Sunny,60.0,5
browns_mill,2026-02-28,09:00,2026-02-27,1,32,Saturday,True,9,Sunny,60.0,5
browns_mill,2026-02-28,09:00,2026-02-28,0,32,Saturday,True,9,Sunny,60.0,5
browns_mill,2026-02-28,10:00,2026-02-14,14,24,Saturday,True,10,Sunny,60.0,5
browns_mill,2026-02-28,10:00,2026-02-18,10,25,Saturday,True,10,Sunny,60.0,5
browns_mill,2026-02-28,10:00,2026-02-21,7,26,Saturday,True,10,Sunny,60.0,5
browns_mill,2026-02-28,10:00,2026-02-23,5,27,Saturday,True,10,Sunny,60.0,5
browns_mill,2026-02-28,10:00,2026-02-25,3,28,Saturday,True,10,Sunny,60.0,5
browns_mill,2026-02-28,10:00,2026-02-26,2,28,Saturday,True,10,Sunny,60.0,5
browns_mill,2026-02-28,10:00,2026-02-27,1,28,Saturday,True,10,Sunny,60.0,5
browns_mill,2026-02-28,10:00,2026-02-28,0,30,Saturday,True,10,Sunny,60.0,5
browns_mill,2026-02-28,12:00,2026-02-14,14,21,Saturday,True,12,Sunny,60.0,5
browns_mill,2026-02-28,12:00,2026-02-18,10,22,Saturday,True,12,Sunny,60.0,5
browns_mill,2026-02-28,12:00,2026-02-21,7,23,Saturday,True,12,Sunny,60.0,5
browns_mill,2026-02-28,12:00,2026-02-23,5,22,Saturday,True,12,Sunny,60.0,5
browns_mill,2026-02-28,12:00,2026-02-25,3,24,Saturday,True,12,Sunny,60.0,5
browns_mill,2026-02-28,12:00,2026-02-26,2,25,Saturday,True,12,Sunny,60.0,5
browns_mill,2026-02-28,12:00,2026-02-27,1,25,Saturday,True,12,Sunny,60.0,5
browns_mill,2026-02-28,12:00,2026-02-28,0,25,Saturday,True,12,Sunny,60.0,5
browns_mill,2026-02-28,14:00,2026-02-14,14,21,Saturday,True,14,Sunny,60.0,5
browns_mill,2026-02-28,14:00,2026-02-18,10,21,Saturday,True,14,Sunny,60.0,5
browns_mill,2026-02-28,14:00,2026-02-21,7,22,Saturday,True,14,Sunny,60.0,5
browns_mill,2026-02-28,14:00,2026-02-23,5,22,Saturday,True,14,Sunny,60.0,5
browns_mill,2026-02-28,14:00,2026-02-25,3,24,Saturday,True,14,Sunny,60.0,5
browns_mill,2026-02-28,14:00,2026-02-26,2,24,Saturday,True,14,Sunny,60.0,5
browns_mill,2026-02-28,14:00,2026-02-27,1,25,Saturday,True,14,Sunny,60.0,5
browns_mill,2026-02-28,14:00,2026-02-28,0,25,Saturday,True,14,Sunny,60.0,5
browns_mill,2026-02-28,16:00,2026-02-14,14,17,Saturday,True,16,Sunny,60.0,5
browns_mill,2026-02-28,16:00,2026-02-18,10,18,Saturday,True,16,Sunny,60.0,5
browns_mill,2026-02-28,16:00,2026-02-21,7,20,Saturday,True,16,Sunny,60.0,5
browns_mill,2026-02-28,16:00,2026-02-23,5,19,Saturday,True,16,Sunny,60.0,5
browns_mill,2026-02-28,16:00,2026-02-25,3,20,Saturday,True,16,Sunny,60.0,5
browns_mill,2026-02-28,16:00,2026-02-26,2,21,Saturday,True,16,Sunny,60.0,5
browns_mill,2026-02-28,16:00,2026-02-27,1,20,Saturday,True,16,Sunny,60.0,5
browns_mill,2026-02-28,16:00,2026-02-28,0,22,Saturday,True,16,Sunny,60.0,5
browns_mill,2026-03-01,07:00,2026-02-15,14,29,Sunday,True,7,Sunny,64.9,0
browns_mill,2026-03-01,07:00,2026-02-19,10,30,Sunday,True,7,Sunny,64.9,0
browns_mill,2026-03-01,07:00,2026-02-22,7,31,Sunday,True,7,Sunny,64.9,0
browns_mill,2026-03-01,07:00,2026-02-24,5,32,Sunday,True,7,Sunny,64.9,0
browns_mill,2026-03-01,07:00,2026-02-26,3,34,Sunday,True,7,Sunny,64.9,0
browns_mill,2026-03-01,07:00,2026-02-27,2,34,Sunday,True,7,Sunny,64.9,0
browns_mill,2026-03-01,07:00,2026-02-28,1,37,Sunday,True,7,Sunny,64.9,0
browns_mill,2026-03-01,07:00,2026-03-01,0,35,Sunday,True,7,Sunny,64.9,0
browns_mill,2026-03-01,08:00,2026-02-15,14,30,Sunday,True,8,Sunny,64.9,0
browns_mill,2026-03-01,08:00,2026-02-19,10,29,Sunday,True,8,Sunny,64.9,0
browns_mill,2026-03-01,08:00,2026-02-22,7,31,Sunday,True,8,Sunny,64.9,0
browns_mill,2026-03-01,08:00,2026-02-24,5,33,Sunday,True,8,Sunny,64.9,0
browns_mill,2026-03-01,08:00,2026-02-26,3,32,Sunday,True,8,Sunny,64.9,0
browns_mill,2026-03-01,08:00,2026-02-27,2,36,Sunday,True,8,Sunny,64.9,0
browns_mill,2026-03-01,08:00,2026-02-28,1,35,Sunday,True,8,Sunny,64.9,0
browns_mill,2026-03-01,08:00,2026-03-01,0,36,Sunday,True,8,Sunny,64.9,0
browns_mill,2026-03-01,09:00,2026-02-15,14,30,Sunday,True,9,Sunny,64.9,0
browns_mill,2026-03-01,09:00,2026-02-19,10,30,Sunday,True,9,Sunny,64.9,0
browns_mill,2026-03-01,09:00,2026-02-22,7,33,Sunday,True,9,Sunny,64.9,0
browns_mill,2026-03-01,09:00,2026-02-24,5,33,Sunday,True,9,Sunny,64.9,0
browns_mill,2026-03-01,09:00,2026-02-26,3,34,Sunday,True,9,Sunny,64.9,0
browns_mill,2026-03-01,09:00,2026-02-27,2,35,Sunday,True,9,Sunny,64.9,0
browns_mill,2026-03-01,09:00,2026-02-28,1,34,Sunday,True,9,Sunny,64.9,0
browns_mill,2026-03-01,09:00,2026-03-01,0,37,Sunday,True,9,Sunny,64.9,0
browns_mill,2026-03-01,10:00,2026-02-15,14,27,Sunday,True,10,Sunny,64.9,0
browns_mill,2026-03-01,10:00,2026-02-19,10,29,Sunday,True,10,Sunny,64.9,0
browns_mill,2026-03-01,10:00,2026-02-22,7,29,Sunday,True,10,Sunny,64.9,0
browns_mill,2026-03-01,10:00,2026-02-24,5,30,Sunday,True,10,Sunny,64.9,0
browns_mill,2026-03-01,10:00,2026-02-26,3,30,Sunday,True,10,Sunny,64.9,0
browns_mill,2026-03-01,10:00,2026-02-27,2,31,Sunday,True,10,Sunny,64.9,0
browns_mill,2026-03-01,10:00,2026-02-28,1,34,Sunday,True,10,Sunny,64.9,0
browns_mill,2026-03-01,10:00,2026-03-01,0,32,Sunday,True,10,Sunny,64.9,0
browns_mill,2026-03-01,12:00,2026-02-15,14,22,Sunday,True,12,Sunny,64.9,0
browns_mill,2026-03-01,12:00,2026-02-19,10,24,Sunday,True,12,Sunny,64.9,0
browns_mill,2026-03-01,12:00,2026-02-22,7,25,Sunday,True,12,Sunny,64.9,0
browns_mill,2026-03-01,12:00,2026-02-24,5,25,Sunday,True,12,Sunny,64.9,0
browns_mill,2026-03-01,12:00,2026-02-26,3,26,Sunday,True,12,Sunny,64.9,0
browns_mill,2026-03-01,12:00,2026-02-27,2,28,Sunday,True,12,Sunny,64.9,0
browns_mill,2026-03-01,12:00,2026-02-28,1,27,Sunday,True,12,Sunny,64.9,0
browns_mill,2026-03-01,12:00,2026-03-01,0,28,Sunday,True,12,Sunny,64.9,0
browns_mill,2026-03-01,14:00,2026-02-15,14,23,Sunday,True,14,Sunny,64.9,0
browns_mill,2026-03-01,14:00,2026-02-19,10,24,Sunday,True,14,Sunny,64.9,0
browns_mill,2026-03-01,14:00,2026-02-22,7,24,Sunday,True,14,Sunny,64.9,0
browns_mill,2026-03-01,14:00,2026-02-24,5,26,Sunday,True,14,Sunny,64.9,0
browns_mill,2026-03-01,14:00,2026-02-26,3,26,Sunday,True,14,Sunny,64.9,0
browns_mill,2026-03-01,14:00,2026-02-27,2,27,Sunday,True,14,Sunny,64.9,0
browns_mill,2026-03-01,14:00,2026-02-28,1,26,Sunday,True,14,Sunny,64.9,0
browns_mill,2026-03-01,14:00,2026-03-01,0,28,Sunday,True,14,Sunny,64.9,0
browns_mill,2026-03-01,16:00,2026-02-15,14,19,Sunday,True,16,Sunny,64.9,0
browns_mill,2026-03-01,16:00,2026-02-19,10,19,Sunday,True,16,Sunny,64.9,0
browns_mill,2026-03-01,16:00,2026-02-22,7,21,Sunday,True,16,Sunny,64.9,0
browns_mill,2026-03-01,16:00,2026-02-24,5,21,Sunday,True,16,Sunny,64.9,0
browns_mill,2026-03-01,16:00,2026-02-26,3,22,Sunday,True,16,Sunny,64.9,0
browns_mill,2026-03-01,16:00,2026-02-27,2,22,Sunday,True,16,Sunny,64.9,0
browns_mill,2026-03-01,16:00,2026-02-28,1,22,Sunday,True,16,Sunny,64.9,0
browns_mill,2026-03-01,16:00,2026-03-01,0,24,Sunday,True,16,Sunny,64.9,0
browns_mill,2026-03-02,07:00,2026-02-16,14,20,Monday,False,7,Sunny,66.5,8
browns_mill,2026-03-02,07:00,2026-02-20,10,21,Monday,False,7,Sunny,66.5,8
browns_mill,2026-03-02,07:00,2026-02-23,7,22,Monday,False,7,Sunny,66.5,8
browns_mill,2026-03-02,07:00,2026-02-25,5,22,Monday,False,7,Sunny,66.5,8
browns_mill,2026-03-02,07:00,2026-02-27,3,23,Monday,False,7,Sunny,66.5,8
browns_mill,2026-03-02,07:00,2026-02-28,2,23,Monday,False,7,Sunny,66.5,8
browns_mill,2026-03-02,07:00,2026-03-01,1,24,Monday,False,7,Sunny,66.5,8
browns_mill,2026-03-02,07:00,2026-03-02,0,25,Monday,False,7,Sunny,66.5,8
browns_mill,2026-03-02,08:00,2026-02-16,14,20,Monday,False,8,Sunny,66.5,8
browns_mill,2026-03-02,08:00,2026-02-20,10,20,Monday,False,8,Sunny,66.5,8
browns_mill,2026-03-02,08:00,2026-02-23,7,21,Monday,False,8,Sunny,66.5,8
browns_mill,2026-03-02,08:00,2026-02-25,5,22,Monday,False,8,Sunny,66.5,8
browns_mill,2026-03-02,08:00,2026-02-27,3,23,Monday,False,8,Sunny,66.5,8
browns_mill,2026-03-02,08:00,2026-02-28,2,23,Monday,False,8,Sunny,66.5,8
browns_mill,2026-03-02,08:00,2026-03-01,1,24,Monday,False,8,Sunny,66.5,8
browns_mill,2026-03-02,08:00,2026-03-02,0,24,Monday,False,8,Sunny,66.5,8
browns_mill,2026-03-02,09:00,2026-02-16,14,19,Monday,False,9,Sunny,66.5,8
browns_mill,2026-03-02,09:00,2026-02-20,10,20,Monday,False,9,Sunny,66.5,8
browns_mill,2026-03-02,09:00,2026-02-23,7,21,Monday,False,9,Sunny,66.5,8
browns_mill,2026-03-02,09:00,2026-02-25,5,22,Monday,False,9,Sunny,66.5,8
browns_mill,2026-03-02,09:00,2026-02-27,3,23,Monday,False,9,Sunny,66.5,8
browns_mill,2026-03-02,09:00,2026-02-28,2,24,Monday,False,9,Sunny,66.5,8
browns_mill,2026-03-02,09:00,2026-03-01,1,23,Monday,False,9,Sunny,66.5,8
browns_mill,2026-03-02,09:00,2026-03-02,0,23,Monday,False,9,Sunny,66.5,8
browns_mill,2026-03-02,10:00,2026-02-16,14,19,Monday,False,10,Sunny,66.5,8
browns_mill,2026-03-02,10:00,2026-02-20,10,19,Monday,False,10,Sunny,66.5,8
browns_mill,2026-03-02,10:00,2026-02-23,7,20,Monday,False,10,Sunny,66.5,8
browns_mill,2026-03-02,10:00,2026-02-25,5,21,Monday,False,10,Sunny,66.5,8
browns_mill,2026-03-02,10:00,2026-02-27,3,21,Monday,False,10,Sunny,66.5,8
browns_mill,2026-03-02,10:00,2026-02-28,2,22,Monday,False,10,Sunny,66.5,8
browns_mill,2026-03-02,10:00,2026-03-01,1,23,Monday,False,10,Sunny,66.5,8
browns_mill,2026-03-02,10:00,2026-03-02,0,24,Monday,False,10,Sunny,66.5,8
browns_mill,2026-03-02,12:00,2026-02-16,14,16,Monday,False,12,Sunny,66.5,8
browns_mill,2026-03-02,12:00,2026-02-20,10,17,Monday,False,12,Sunny,66.5,8
browns_mill,2026-03-02,12:00,2026-02-23,7,19,Monday,False,12,Sunny,66.5,8
browns_mill,2026-03-02,12:00,2026-02-25,5,19,Monday,False,12,Sunny,66.5,8
browns_mill,2026-03-02,12:00,2026-02-27,3,19,Monday,False,12,Sunny,66.5,8
browns_mill,2026-03-02,12:00,2026-02-28,2,19,Monday,False,12,Sunny,66.5,8
browns_mill,2026-03-02,12:00,2026-03-01,1,19,Monday,False,12,Sunny,66.5,8
browns_mill,2026-03-02,12:00,2026-03-02,0,20,Monday,False,12,Sunny,66.5,8
browns_mill,2026-03-02,14:00,2026-02-16,14,16,Monday,False,14,Sunny,66.5,8
browns_mill,2026-03-02,14:00,2026-02-20,10,18,Monday,False,14,Sunny,66.5,8
browns_mill,2026-03-02,14:00,2026-02-23,7,17,Monday,False,14,Sunny,66.5,8
browns_mill,2026-03-02,14:00,2026-02-25,5,18,Monday,False,14,Sunny,66.5,8
browns_mill,2026-03-02,14:00,2026-02-27,3,19,Monday,False,14,Sunny,66.5,8
browns_mill,2026-03-02,14:00,2026-02-28,2,20,Monday,False,14,Sunny,66.5,8
browns_mill,2026-03-02,14:00,2026-03-01,1,20,Monday,False,14,Sunny,66.5,8
browns_mill,2026-03-02,14:00,2026-03-02,0,20,Monday,False,14,Sunny,66.5,8
browns_mill,2026-03-02,16:00,2026-02-16,14,15,Monday,False,16,Sunny,66.5,8
browns_mill,2026-03-02,16:00,2026-02-20,10,15,Monday,False,16,Sunny,66.5,8
browns_mill,2026-03-02,16:00,2026-02-23,7,15,Monday,False,16,Sunny,66.5,8
browns_mill,2026-03-02,16:00,2026-02-25,5,15,Monday,False,16,Sunny,66.5,8
browns_mill,2026-03-02,16:00,2026-02-27,3,16,Monday,False,16,Sunny,66.5,8
browns_mill,2026-03-02,16:00,2026-02-28,2,16,Monday,False,16,Sunny,66.5,8
browns_mill,2026-03-02,16:00,2026-03-01,1,17,Monday,False,16,Sunny,66.5,8
browns_mill,2026-03-02,16:00,2026-03-02,0,17,Monday,False,16,Sunny,66.5,8
browns_mill,2026-03-03,07:00,2026-02-17,14,20,Tuesday,False,7,Sunny,69.0,4
browns_mill,2026-03-03,07:00,2026-02-21,10,21,Tuesday,False,7,Sunny,69.0,4
browns_mill,2026-03-03,07:00,2026-02-24,7,23,Tuesday,False,7,Sunny,69.0,4
browns_mill,2026-03-03,07:00,2026-02-26,5,22,Tuesday,False,7,Sunny,69.0,4
browns_mill,2026-03-03,07:00,2026-02-28,3,22,Tuesday,False,7,Sunny,69.0,4
browns_mill,2026-03-03,07:00,2026-03-01,2,24,Tuesday,False,7,Sunny,69.0,4
browns_mill,2026-03-03,07:00,2026-03-02,1,24,Tuesday,False,7,Sunny,69.0,4
browns_mill,2026-03-03,07:00,2026-03-03,0,25,Tuesday,False,7,Sunny,69.0,4
browns_mill,2026-03-03,08:00,2026-02-17,14,20,Tuesday,False,8,Sunny,69.0,4
browns_mill,2026-03-03,08:00,2026-02-21,10,21,Tuesday,False,8,Sunny,69.0,4
browns_mill,2026-03-03,08:00,2026-02-24,7,22,Tuesday,False,8,Sunny,69.0,4
browns_mill,2026-03-03,08:00,2026-02-26,5,23,Tuesday,False,8,Sunny,69.0,4
browns_mill,2026-03-03,08:00,2026-02-28,3,22,Tuesday,False,8,Sunny,69.0,4
browns_mill,2026-03-03,08:00,2026-03-01,2,24,Tuesday,False,8,Sunny,69.0,4
browns_mill,2026-03-03,08:00,2026-03-02,1,24,Tuesday,False,8,Sunny,69.0,4
browns_mill,2026-03-03,08:00,2026-03-03,0,25,Tuesday,False,8,Sunny,69.0,4
browns_mill,2026-03-03,09:00,2026-02-17,14,21,Tuesday,False,9,Sunny,69.0,4
browns_mill,2026-03-03,09:00,2026-02-21,10,21,Tuesday,False,9,Sunny,69.0,4
browns_mill,2026-03-03,09:00,2026-02-24,7,22,Tuesday,False,9,Sunny,69.0,4
browns_mill,2026-03-03,09:00,2026-02-26,5,23,Tuesday,False,9,Sunny,69.0,4
browns_mill,2026-03-03,09:00,2026-02-28,3,23,Tuesday,False,9,Sunny,69.0,4
browns_mill,2026-03-03,09:00,2026-03-01,2,24,Tuesday,False,9,Sunny,69.0,4
browns_mill,2026-03-03,09:00,2026-03-02,1,24,Tuesday,False,9,Sunny,69.0,4
browns_mill,2026-03-03,09:00,2026-03-03,0,25,Tuesday,False,9,Sunny,69.0,4
browns_mill,2026-03-03,10:00,2026-02-17,14,18,Tuesday,False,10,Sunny,69.0,4
browns_mill,2026-03-03,10:00,2026-02-21,10,20,Tuesday,False,10,Sunny,69.0,4
browns_mill,2026-03-03,10:00,2026-02-24,7,21,Tuesday,False,10,Sunny,69.0,4
browns_mill,2026-03-03,10:00,2026-02-26,5,21,Tuesday,False,10,Sunny,69.0,4
browns_mill,2026-03-03,10:00,2026-02-28,3,22,Tuesday,False,10,Sunny,69.0,4
browns_mill,2026-03-03,10:00,2026-03-01,2,23,Tuesday,False,10,Sunny,69.0,4
browns_mill,2026-03-03,10:00,2026-03-02,1,23,Tuesday,False,10,Sunny,69.0,4
browns_mill,2026-03-03,10:00,2026-03-03,0,24,Tuesday,False,10,Sunny,69.0,4
browns_mill,2026-03-03,12:00,2026-02-17,14,17,Tuesday,False,12,Sunny,69.0,4
browns_mill,2026-03-03,12:00,2026-02-21,10,17,Tuesday,False,12,Sunny,69.0,4
browns_mill,2026-03-03,12:00,2026-02-24,7,19,Tuesday,False,12,Sunny,69.0,4
browns_mill,2026-03-03,12:00,2026-02-26,5,19,Tuesday,False,12,Sunny,69.0,4
browns_mill,2026-03-03,12:00,2026-02-28,3,19,Tuesday,False,12,Sunny,69.0,4
browns_mill,2026-03-03,12:00,2026-03-01,2,20,Tuesday,False,12,Sunny,69.0,4
browns_mill,2026-03-03,12:00,2026-03-02,1,21,Tuesday,False,12,Sunny,69.0,4
browns_mill,2026-03-03,12:00,2026-03-03,0,21,Tuesday,False,12,Sunny,69.0,4
browns_mill,2026-03-03,14:00,2026-02-17,14,17,Tuesday,False,14,Sunny,69.0,4
browns_mill,2026-03-03,14:00,2026-02-21,10,18,Tuesday,False,14,Sunny,69.0,4
browns_mill,2026-03-03,14:00,2026-02-24,7,18,Tuesday,False,14,Sunny,69.0,4
browns_mill,2026-03-03,14:00,2026-02-26,5,19,Tuesday,False,14,Sunny,69.0,4
browns_mill,2026-03-03,14:00,2026-02-28,3,19,Tuesday,False,14,Sunny,69.0,4
browns_mill,2026-03-03,14:00,2026-03-01,2,20,Tuesday,False,14,Sunny,69.0,4
browns_mill,2026-03-03,14:00,2026-03-02,1,20,Tuesday,False,14,Sunny,69.0,4
browns_mill,2026-03-03,14:00,2026-03-03,0,21,Tuesday,False,14,Sunny,69.0,4
browns_mill,2026-03-03,16:00,2026-02-17,14,15,Tuesday,False,16,Sunny,69.0,4
browns_mill,2026-03-03,16:00,2026-02-21,10,15,Tuesday,False,16,Sunny,69.0,4
browns_mill,2026-03-03,16:00,2026-02-24,7,15,Tuesday,False,16,Sunny,69.0,4
browns_mill,2026-03-03,16:00,2026-02-26,5,16,Tuesday,False,16,Sunny,69.0,4
browns_mill,2026-03-03,16:00,2026-02-28,3,15,Tuesday,False,16,Sunny,69.0,4
browns_mill,2026-03-03,16:00,2026-03-01,2,17,Tuesday,False,16,Sunny,69.0,4
browns_mill,2026-03-03,16:00,2026-03-02,1,16,Tuesday,False,16,Sunny,69.0,4
browns_mill,2026-03-03,16:00,2026-03-03,0,17,Tuesday,False,16,Sunny,69.0,4
browns_mill,2026-03-04,07:00,2026-02-18,14,21,Wednesday,False,7,Sunny,60.0,0
browns_mill,2026-03-04,07:00,2026-02-22,10,21,Wednesday,False,7,Sunny,60.0,0
browns_mill,2026-03-04,07:00,2026-02-25,7,23,Wednesday,False,7,Sunny,60.0,0
browns_mill,2026-03-04,07:00,2026-02-27,5,22,Wednesday,False,7,Sunny,60.0,0
browns_mill,2026-03-04,07:00,2026-03-01,3,24,Wednesday,False,7,Sunny,60.0,0
browns_mill,2026-03-04,07:00,2026-03-02,2,26,Wednesday,False,7,Sunny,60.0,0
browns_mill,2026-03-04,07:00,2026-03-03,1,24,Wednesday,False,7,Sunny,60.0,0
browns_mill,2026-03-04,07:00,2026-03-04,0,25,Wednesday,False,7,Sunny,60.0,0
browns_mill,2026-03-04,08:00,2026-02-18,14,21,Wednesday,False,8,Sunny,60.0,0
browns_mill,2026-03-04,08:00,2026-02-22,10,22,Wednesday,False,8,Sunny,60.0,0
browns_mill,2026-03-04,08:00,2026-02-25,7,23,Wednesday,False,8,Sunny,60.0,0
browns_mill,2026-03-04,08:00,2026-02-27,5,22,Wednesday,False,8,Sunny,60.0,0
browns_mill,2026-03-04,08:00,2026-03-01,3,24,Wednesday,False,8,Sunny,60.0,0
browns_mill,2026-03-04,08:00,2026-03-02,2,26,Wednesday,False,8,Sunny,60.0,0
browns_mill,2026-03-04,08:00,2026-03-03,1,27,Wednesday,False,8,Sunny,60.0,0
browns_mill,2026-03-04,08:00,2026-03-04,0,27,Wednesday,False,8,Sunny,60.0,0
browns_mill,2026-03-04,09:00,2026-02-18,14,20,Wednesday,False,9,Sunny,60.0,0
browns_mill,2026-03-04,09:00,2026-02-22,10,22,Wednesday,False,9,Sunny,60.0,0
browns_mill,2026-03-04,09:00,2026-02-25,7,23,Wednesday,False,9,Sunny,60.0,0
browns_mill,2026-03-04,09:00,2026-02-27,5,23,Wednesday,False,9,Sunny,60.0,0
browns_mill,2026-03-04,09:00,2026-03-01,3,24,Wednesday,False,9,Sunny,60.0,0
browns_mill,2026-03-04,09:00,2026-03-02,2,26,Wednesday,False,9,Sunny,60.0,0
browns_mill,2026-03-04,09:00,2026-03-03,1,26,Wednesday,False,9,Sunny,60.0,0
browns_mill,2026-03-04,09:00,2026-03-04,0,26,Wednesday,False,9,Sunny,60.0,0
browns_mill,2026-03-04,10:00,2026-02-18,14,20,Wednesday,False,10,Sunny,60.0,0
browns_mill,2026-03-04,10:00,2026-02-22,10,21,Wednesday,False,10,Sunny,60.0,0
browns_mill,2026-03-04,10:00,2026-02-25,7,21,Wednesday,False,10,Sunny,60.0,0
browns_mill,2026-03-04,10:00,2026-02-27,5,22,Wednesday,False,10,Sunny,60.0,0
browns_mill,2026-03-04,10:00,2026-03-01,3,23,Wednesday,False,10,Sunny,60.0,0
browns_mill,2026-03-04,10:00,2026-03-02,2,24,Wednesday,False,10,Sunny,60.0,0
browns_mill,2026-03-04,10:00,2026-03-03,1,25,Wednesday,False,10,Sunny,60.0,0
browns_mill,2026-03-04,10:00,2026-03-04,0,25,Wednesday,False,10,Sunny,60.0,0
browns_mill,2026-03-04,12:00,2026-02-18,14,17,Wednesday,False,12,Sunny,60.0,0
browns_mill,2026-03-04,12:00,2026-02-22,10,18,Wednesday,False,12,Sunny,60.0,0
browns_mill,2026-03-04,12:00,2026-02-25,7,19,Wednesday,False,12,Sunny,60.0,0
browns_mill,2026-03-04,12:00,2026-02-27,5,20,Wednesday,False,12,Sunny,60.0,0
browns_mill,2026-03-04,12:00,2026-03-01,3,19,Wednesday,False,12,Sunny,60.0,0
browns_mill,2026-03-04,12:00,2026-03-02,2,20,Wednesday,False,12,Sunny,60.0,0
browns_mill,2026-03-04,12:00,2026-03-03,1,21,Wednesday,False,12,Sunny,60.0,0
browns_mill,2026-03-04,12:00,2026-03-04,0,22,Wednesday,False,12,Sunny,60.0,0
browns_mill,2026-03-04,14:00,2026-02-18,14,18,Wednesday,False,14,Sunny,60.0,0
browns_mill,2026-03-04,14:00,2026-02-22,10,19,Wednesday,False,14,Sunny,60.0,0
browns_mill,2026-03-04,14:00,2026-02-25,7,19,Wednesday,False,14,Sunny,60.0,0
browns_mill,2026-03-04,14:00,2026-02-27,5,20,Wednesday,False,14,Sunny,60.0,0
browns_mill,2026-03-04,14:00,2026-03-01,3,21,Wednesday,False,14,Sunny,60.0,0
browns_mill,2026-03-04,14:00,2026-03-02,2,21,Wednesday,False,14,Sunny,60.0,0
browns_mill,2026-03-04,14:00,2026-03-03,1,22,Wednesday,False,14,Sunny,60.0,0
browns_mill,2026-03-04,14:00,2026-03-04,0,22,Wednesday,False,14,Sunny,60.0,0
browns_mill,2026-03-04,16:00,2026-02-18,14,15,Wednesday,False,16,Sunny,60.0,0
browns_mill,2026-03-04,16:00,2026-02-22,10,15,Wednesday,False,16,Sunny,60.0,0
browns_mill,2026-03-04,16:00,2026-02-25,7,16,Wednesday,False,16,Sunny,60.0,0
browns_mill,2026-03-04,16:00,2026-02-27,5,16,Wednesday,False,16,Sunny,60.0,0
browns_mill,2026-03-04,16:00,2026-03-01,3,16,Wednesday,False,16,Sunny,60.0,0
browns_mill,2026-03-04,16:00,2026-03-02,2,17,Wednesday,False,16,Sunny,60.0,0
browns_mill,2026-03-04,16:00,2026-03-03,1,17,Wednesday,False,16,Sunny,60.0,0
browns_mill,2026-03-04,16:00,2026-03-04,0,18,Wednesday,False,16,Sunny,60.0,0
browns_mill,2026-03-05,07:00,2026-02-19,14,22,Thursday,False,7,Sunny,57.2,10
browns_mill,2026-03-05,07:00,2026-02-23,10,23,Thursday,False,7,Sunny,57.2,10
browns_mill,2026-03-05,07:00,2026-02-26,7,24,Thursday,False,7,Sunny,57.2,10
browns_mill,2026-03-05,07:00,2026-02-28,5,24,Thursday,False,7,Sunny,57.2,10
browns_mill,2026-03-05,07:00,2026-03-02,3,24,Thursday,False,7,Sunny,57.2,10
browns_mill,2026-03-05,07:00,2026-03-03,2,26,Thursday,False,7,Sunny,57.2,10
browns_mill,2026-03-05,07:00,2026-03-04,1,26,Thursday,False,7,Sunny,57.2,10
browns_mill,2026-03-05,07:00,2026-03-05,0,27,Thursday,False,7,Sunny,57.2,10
browns_mill,2026-03-05,08:00,2026-02-19,14,22,Thursday,False,8,Sunny,57.2,10
browns_mill,2026-03-05,08:00,2026-02-23,10,24,Thursday,False,8,Sunny,57.2,10
browns_mill,2026-03-05,08:00,2026-02-26,7,23,Thursday,False,8,Sunny,57.2,10
browns_mill,2026-03-05,08:00,2026-02-28,5,24,Thursday,False,8,Sunny,57.2,10
browns_mill,2026-03-05,08:00,2026-03-02,3,24,Thursday,False,8,Sunny,57.2,10
browns_mill,2026-03-05,08:00,2026-03-03,2,27,Thursday,False,8,Sunny,57.2,10
browns_mill,2026-03-05,08:00,2026-03-04,1,26,Thursday,False,8,Sunny,57.2,10
browns_mill,2026-03-05,08:00,2026-03-05,0,28,Thursday,False,8,Sunny,57.2,10
browns_mill,2026-03-05,09:00,2026-02-19,14,23,Thursday,False,9,Sunny,57.2,10
browns_mill,2026-03-05,09:00,2026-02-23,10,23,Thursday,False,9,Sunny,57.2,10
browns_mill,2026-03-05,09:00,2026-02-26,7,24,Thursday,False,9,Sunny,57.2,10
browns_mill,2026-03-05,09:00,2026-02-28,5,24,Thursday,False,9,Sunny,57.2,10
browns_mill,2026-03-05,09:00,2026-03-02,3,25,Thursday,False,9,Sunny,57.2,10
browns_mill,2026-03-05,09:00,2026-03-03,2,26,Thursday,False,9,Sunny,57.2,10
browns_mill,2026-03-05,09:00,2026-03-04,1,26,Thursday,False,9,Sunny,57.2,10
browns_mill,2026-03-05,09:00,2026-03-05,0,28,Thursday,False,9,Sunny,57.2,10
browns_mill,2026-03-05,10:00,2026-02-19,14,20,Thursday,False,10,Sunny,57.2,10
browns_mill,2026-03-05,10:00,2026-02-23,10,22,Thursday,False,10,Sunny,57.2,10
browns_mill,2026-03-05,10:00,2026-02-26,7,23,Thursday,False,10,Sunny,57.2,10
browns_mill,2026-03-05,10:00,2026-02-28,5,23,Thursday,False,10,Sunny,57.2,10
browns_mill,2026-03-05,10:00,2026-03-02,3,24,Thursday,False,10,Sunny,57.2,10
browns_mill,2026-03-05,10:00,2026-03-03,2,24,Thursday,False,10,Sunny,57.2,10
browns_mill,2026-03-05,10:00,2026-03-04,1,26,Thursday,False,10,Sunny,57.2,10
browns_mill,2026-03-05,10:00,2026-03-05,0,26,Thursday,False,10,Sunny,57.2,10
browns_mill,2026-03-05,12:00,2026-02-19,14,18,Thursday,False,12,Sunny,57.2,10
browns_mill,2026-03-05,12:00,2026-02-23,10,19,Thursday,False,12,Sunny,57.2,10
browns_mill,2026-03-05,12:00,2026-02-26,7,20,Thursday,False,12,Sunny,57.2,10
browns_mill,2026-03-05,12:00,2026-02-28,5,20,Thursday,False,12,Sunny,57.2,10
browns_mill,2026-03-05,12:00,2026-03-02,3,20,Thursday,False,12,Sunny,57.2,10
browns_mill,2026-03-05,12:00,2026-03-03,2,22,Thursday,False,12,Sunny,57.2,10
browns_mill,2026-03-05,12:00,2026-03-04,1,23,Thursday,False,12,Sunny,57.2,10
browns_mill,2026-03-05,12:00,2026-03-05,0,23,Thursday,False,12,Sunny,57.2,10
browns_mill,2026-03-05,14:00,2026-02-19,14,18,Thursday,False,14,Sunny,57.2,10
browns_mill,2026-03-05,14:00,2026-02-23,10,18,Thursday,False,14,Sunny,57.2,10
browns_mill,2026-03-05,14:00,2026-02-26,7,20,Thursday,False,14,Sunny,57.2,10
browns_mill,2026-03-05,14:00,2026-02-28,5,21,Thursday,False,14,Sunny,57.2,10
browns_mill,2026-03-05,14:00,2026-03-02,3,21,Thursday,False,14,Sunny,57.2,10
browns_mill,2026-03-05,14:00,2026-03-03,2,23,Thursday,False,14,Sunny,57.2,10
browns_mill,2026-03-05,14:00,2026-03-04,1,22,Thursday,False,14,Sunny,57.2,10
browns_mill,2026-03-05,14:00,2026-03-05,0,21,Thursday,False,14,Sunny,57.2,10
browns_mill,2026-03-05,16:00,2026-02-19,14,15,Thursday,False,16,Sunny,57.2,10
browns_mill,2026-03-05,16:00,2026-02-23,10,16,Thursday,False,16,Sunny,57.2,10
browns_mill,2026-03-05,16:00,2026-02-26,7,16,Thursday,False,16,Sunny,57.2,10
browns_mill,2026-03-05,16:00,2026-02-28,5,17,Thursday,False,16,Sunny,57.2,10
browns_mill,2026-03-05,16:00,2026-03-02,3,17,Thursday,False,16,Sunny,57.2,10
browns_mill,2026-03-05,16:00,2026-03-03,2,17,Thursday,False,16,Sunny,57.2,10
browns_mill,2026-03-05,16:00,2026-03-04,1,18,Thursday,False,16,Sunny,57.2,10
browns_mill,2026-03-05,16:00,2026-03-05,0,18,Thursday,False,16,Sunny,57.2,10
browns_mill,2026-03-06,07:00,2026-02-20,14,22,Friday,False,7,Overcast,61.1,54
browns_mill,2026-03-06,07:00,2026-02-24,10,23,Friday,False,7,Overcast,61.1,54
browns_mill,2026-03-06,07:00,2026-02-27,7,24,Friday,False,7,Overcast,61.1,54
browns_mill,2026-03-06,07:00,2026-03-01,5,24,Friday,False,7,Overcast,61.1,54
browns_mill,2026-03-06,07:00,2026-03-03,3,24,Friday,False,7,Overcast,61.1,54
browns_mill,2026-03-06,07:00,2026-03-04,2,26,Friday,False,7,Overcast,61.1,54
browns_mill,2026-03-06,07:00,2026-03-05,1,25,Friday,False,7,Overcast,61.1,54
browns_mill,2026-03-06,07:00,2026-03-06,0,26,Friday,False,7,Overcast,61.1,54
browns_mill,2026-03-06,08:00,2026-02-20,14,23,Friday,False,8,Overcast,61.1,54
browns_mill,2026-03-06,08:00,2026-02-24,10,23,Friday,False,8,Overcast,61.1,54
browns_mill,2026-03-06,08:00,2026-02-27,7,25,Friday,False,8,Overcast,61.1,54
browns_mill,2026-03-06,08:00,2026-03-01,5,24,Friday,False,8,Overcast,61.1,54
browns_mill,2026-03-06,08:00,2026-03-03,3,24,Friday,False,8,Overcast,61.1,54
browns_mill,2026-03-06,08:00,2026-03-04,2,25,Friday,False,8,Overcast,61.1,54
browns_mill,2026-03-06,08:00,2026-03-05,1,27,Friday,False,8,Overcast,61.1,54
browns_mill,2026-03-06,08:00,2026-03-06,0,26,Friday,False,8,Overcast,61.1,54
browns_mill,2026-03-06,09:00,2026-02-20,14,22,Friday,False,9,Overcast,61.1,54
browns_mill,2026-03-06,09:00,2026-02-24,10,23,Friday,False,9,Overcast,61.1,54
browns_mill,2026-03-06,09:00,2026-02-27,7,23,Friday,False,9,Overcast,61.1,54
browns_mill,2026-03-06,09:00,2026-03-01,5,25,Friday,False,9,Overcast,61.1,54
browns_mill,2026-03-06,09:00,2026-03-03,3,24,Friday,False,9,Overcast,61.1,54
browns_mill,2026-03-06,09:00,2026-03-04,2,25,Friday,False,9,Overcast,61.1,54
browns_mill,2026-03-06,09:00,2026-03-05,1,26,Friday,False,9,Overcast,61.1,54
browns_mill,2026-03-06,09:00,2026-03-06,0,26,Friday,False,9,Overcast,61.1,54
browns_mill,2026-03-06,10:00,2026-02-20,14,22,Friday,False,10,Overcast,61.1,54
browns_mill,2026-03-06,10:00,2026-02-24,10,22,Friday,False,10,Overcast,61.1,54
browns_mill,2026-03-06,10:00,2026-02-27,7,22,Friday,False,10,Overcast,61.1,54
browns_mill,2026-03-06,10:00,2026-03-01,5,23,Friday,False,10,Overcast,61.1,54
browns_mill,2026-03-06,10:00,2026-03-03,3,22,Friday,False,10,Overcast,61.1,54
browns_mill,2026-03-06,10:00,2026-03-04,2,25,Friday,False,10,Overcast,61.1,54
browns_mill,2026-03-06,10:00,2026-03-05,1,24,Friday,False,10,Overcast,61.1,54
browns_mill,2026-03-06,10:00,2026-03-06,0,25,Friday,False,10,Overcast,61.1,54
browns_mill,2026-03-06,12:00,2026-02-20,14,17,Friday,False,12,Overcast,61.1,54
browns_mill,2026-03-06,12:00,2026-02-24,10,19,Friday,False,12,Overcast,61.1,54
browns_mill,2026-03-06,12:00,2026-02-27,7,21,Friday,False,12,Overcast,61.1,54
browns_mill,2026-03-06,12:00,2026-03-01,5,20,Friday,False,12,Overcast,61.1,54
browns_mill,2026-03-06,12:00,2026-03-03,3,20,Friday,False,12,Overcast,61.1,54
browns_mill,2026-03-06,12:00,2026-03-04,2,22,Friday,False,12,Overcast,61.1,54
browns_mill,2026-03-06,12:00,2026-03-05,1,22,Friday,False,12,Overcast,61.1,54
browns_mill,2026-03-06,12:00,2026-03-06,0,24,Friday,False,12,Overcast,61.1,54
browns_mill,2026-03-06,14:00,2026-02-20,14,18,Friday,False,14,Overcast,61.1,54
browns_mill,2026-03-06,14:00,2026-02-24,10,18,Friday,False,14,Overcast,61.1,54
browns_mill,2026-03-06,14:00,2026-02-27,7,20,Friday,False,14,Overcast,61.1,54
browns_mill,2026-03-06,14:00,2026-03-01,5,20,Friday,False,14,Overcast,61.1,54
browns_mill,2026-03-06,14:00,2026-03-03,3,21,Friday,False,14,Overcast,61.1,54
browns_mill,2026-03-06,14:00,2026-03-04,2,22,Friday,False,14,Overcast,61.1,54
browns_mill,2026-03-06,14:00,2026-03-05,1,23,Friday,False,14,Overcast,61.1,54
browns_mill,2026-03-06,14:00,2026-03-06,0,22,Friday,False,14,Overcast,61.1,54
browns_mill,2026-03-06,16:00,2026-02-20,14,15,Friday,False,16,Overcast,61.1,54
browns_mill,2026-03-06,16:00,2026-02-24,10,15,Friday,False,16,Overcast,61.1,54
browns_mill,2026-03-06,16:00,2026-02-27,7,16,Friday,False,16,Overcast,61.1,54
browns_mill,2026-03-06,16:00,2026-03-01,5,16,Friday,False,16,Overcast,61.1,54
browns_mill,2026-03-06,16:00,2026-03-03,3,17,Friday,False,16,Overcast,61.1,54
browns_mill,2026-03-06,16:00,2026-03-04,2,18,Friday,False,16,Overcast,61.1,54
browns_mill,2026-03-06,16:00,2026-03-05,1,19,Friday,False,16,Overcast,61.1,54
browns_mill,2026-03-06,16:00,2026-03-06,0,18,Friday,False,16,Overcast,61.1,54
browns_mill,2026-03-07,07:00,2026-02-21,14,32,Saturday,True,7,Sunny,65.9,4
browns_mill,2026-03-07,07:00,2026-02-25,10,33,Saturday,True,7,Sunny,65.9,4
browns_mill,2026-03-07,07:00,2026-02-28,7,34,Saturday,True,7,Sunny,65.9,4
browns_mill,2026-03-07,07:00,2026-03-02,5,33,Saturday,True,7,Sunny,65.9,4
browns_mill,2026-03-07,07:00,2026-03-04,3,35,Saturday,True,7,Sunny,65.9,4
browns_mill,2026-03-07,07:00,2026-03-05,2,37,Saturday,True,7,Sunny,65.9,4
browns_mill,2026-03-07,07:00,2026-03-06,1,35,Saturday,True,7,Sunny,65.9,4
browns_mill,2026-03-07,07:00,2026-03-07,0,39,Saturday,True,7,Sunny,65.9,4
browns_mill,2026-03-07,08:00,2026-02-21,14,30,Saturday,True,8,Sunny,65.9,4
browns_mill,2026-03-07,08:00,2026-02-25,10,33,Saturday,True,8,Sunny,65.9,4
browns_mill,2026-03-07,08:00,2026-02-28,7,33,Saturday,True,8,Sunny,65.9,4
browns_mill,2026-03-07,08:00,2026-03-02,5,35,Saturday,True,8,Sunny,65.9,4
browns_mill,2026-03-07,08:00,2026-03-04,3,34,Saturday,True,8,Sunny,65.9,4
browns_mill,2026-03-07,08:00,2026-03-05,2,37,Saturday,True,8,Sunny,65.9,4
browns_mill,2026-03-07,08:00,2026-03-06,1,37,Saturday,True,8,Sunny,65.9,4
browns_mill,2026-03-07,08:00,2026-03-07,0,37,Saturday,True,8,Sunny,65.9,4
browns_mill,2026-03-07,09:00,2026-02-21,14,30,Saturday,True,9,Sunny,65.9,4
browns_mill,2026-03-07,09:00,2026-02-25,10,30,Saturday,True,9,Sunny,65.9,4
browns_mill,2026-03-07,09:00,2026-02-28,7,33,Saturday,True,9,Sunny,65.9,4
browns_mill,2026-03-07,09:00,2026-03-02,5,35,Saturday,True,9,Sunny,65.9,4
browns_mill,2026-03-07,09:00,2026-03-04,3,34,Saturday,True,9,Sunny,65.9,4
browns_mill,2026-03-07,09:00,2026-03-05,2,36,Saturday,True,9,Sunny,65.9,4
browns_mill,2026-03-07,09:00,2026-03-06,1,35,Saturday,True,9,Sunny,65.9,4
browns_mill,2026-03-07,09:00,2026-03-07,0,38,Saturday,True,9,Sunny,65.9,4
browns_mill,2026-03-07,10:00,2026-02-21,14,27,Saturday,True,10,Sunny,65.9,4
browns_mill,2026-03-07,10:00,2026-02-25,10,30,Saturday,True,10,Sunny,65.9,4
browns_mill,2026-03-07,10:00,2026-02-28,7,31,Saturday,True,10,Sunny,65.9,4
browns_mill,2026-03-07,10:00,2026-03-02,5,31,Saturday,True,10,Sunny,65.9,4
browns_mill,2026-03-07,10:00,2026-03-04,3,32,Saturday,True,10,Sunny,65.9,4
browns_mill,2026-03-07,10:00,2026-03-05,2,33,Saturday,True,10,Sunny,65.9,4
browns_mill,2026-03-07,10:00,2026-03-06,1,33,Saturday,True,10,Sunny,65.9,4
browns_mill,2026-03-07,10:00,2026-03-07,0,35,Saturday,True,10,Sunny,65.9,4
browns_mill,2026-03-07,12:00,2026-02-21,14,25,Saturday,True,12,Sunny,65.9,4
browns_mill,2026-03-07,12:00,2026-02-25,10,26,Saturday,True,12,Sunny,65.9,4
browns_mill,2026-03-07,12:00,2026-02-28,7,26,Saturday,True,12,Sunny,65.9,4
browns_mill,2026-03-07,12:00,2026-03-02,5,27,Saturday,True,12,Sunny,65.9,4
browns_mill,2026-03-07,12:00,2026-03-04,3,27,Saturday,True,12,Sunny,65.9,4
browns_mill,2026-03-07,12:00,2026-03-05,2,29,Saturday,True,12,Sunny,65.9,4
browns_mill,2026-03-07,12:00,2026-03-06,1,27,Saturday,True,12,Sunny,65.9,4
browns_mill,2026-03-07,12:00,2026-03-07,0,28,Saturday,True,12,Sunny,65.9,4
browns_mill,2026-03-07,14:00,2026-02-21,14,23,Saturday,True,14,Sunny,65.9,4
browns_mill,2026-03-07,14:00,2026-02-25,10,24,Saturday,True,14,Sunny,65.9,4
browns_mill,2026-03-07,14:00,2026-02-28,7,27,Saturday,True,14,Sunny,65.9,4
browns_mill,2026-03-07,14:00,2026-03-02,5,27,Saturday,True,14,Sunny,65.9,4
browns_mill,2026-03-07,14:00,2026-03-04,3,27,Saturday,True,14,Sunny,65.9,4
browns_mill,2026-03-07,14:00,2026-03-05,2,29,Saturday,True,14,Sunny,65.9,4
browns_mill,2026-03-07,14:00,2026-03-06,1,30,Saturday,True,14,Sunny,65.9,4
browns_mill,2026-03-07,14:00,2026-03-07,0,30,Saturday,True,14,Sunny,65.9,4
browns_mill,2026-03-07,16:00,2026-02-21,14,21,Saturday,True,16,Sunny,65.9,4
browns_mill,2026-03-07,16:00,2026-02-25,10,21,Saturday,True,16,Sunny,65.9,4
browns_mill,2026-03-07,16:00,2026-02-28,7,21,Saturday,True,16,Sunny,65.9,4
browns_mill,2026-03-07,16:00,2026-03-02,5,22,Saturday,True,16,Sunny,65.9,4
browns_mill,2026-03-07,16:00,2026-03-04,3,23,Saturday,True,16,Sunny,65.9,4
browns_mill,2026-03-07,16:00,2026-03-05,2,25,Saturday,True,16,Sunny,65.9,4
browns_mill,2026-03-07,16:00,2026-03-06,1,24,Saturday,True,16,Sunny,65.9,4
browns_mill,2026-03-07,16:00,2026-03-07,0,24,Saturday,True,16,Sunny,65.9,4
browns_mill,2026-03-08,07:00,2026-02-22,14,30,Sunday,True,7,Sunny,66.5,11
browns_mill,2026-03-08,07:00,2026-02-26,10,31,Sunday,True,7,Sunny,66.5,11
browns_mill,2026-03-08,07:00,2026-03-01,7,31,Sunday,True,7,Sunny,66.5,11
browns_mill,2026-03-08,07:00,2026-03-03,5,32,Sunday,True,7,Sunny,66.5,11
browns_mill,2026-03-08,07:00,2026-03-05,3,33,Sunday,True,7,Sunny,66.5,11
browns_mill,2026-03-08,07:00,2026-03-06,2,35,Sunday,True,7,Sunny,66.5,11
browns_mill,2026-03-08,07:00,2026-03-07,1,34,Sunday,True,7,Sunny,66.5,11
browns_mill,2026-03-08,07:00,2026-03-08,0,35,Sunday,True,7,Sunny,66.5,11
browns_mill,2026-03-08,08:00,2026-02-22,14,29,Sunday,True,8,Sunny,66.5,11
browns_mill,2026-03-08,08:00,2026-02-26,10,31,Sunday,True,8,Sunny,66.5,11
browns_mill,2026-03-08,08:00,2026-03-01,7,33,Sunday,True,8,Sunny,66.5,11
browns_mill,2026-03-08,08:00,2026-03-03,5,32,Sunday,True,8,Sunny,66.5,11
browns_mill,2026-03-08,08:00,2026-03-05,3,33,Sunday,True,8,Sunny,66.5,11
browns_mill,2026-03-08,08:00,2026-03-06,2,35,Sunday,True,8,Sunny,66.5,11
browns_mill,2026-03-08,08:00,2026-03-07,1,35,Sunday,True,8,Sunny,66.5,11
browns_mill,2026-03-08,08:00,2026-03-08,0,37,Sunday,True,8,Sunny,66.5,11
browns_mill,2026-03-08,09:00,2026-02-22,14,29,Sunday,True,9,Sunny,66.5,11
browns_mill,2026-03-08,09:00,2026-02-26,10,30,Sunday,True,9,Sunny,66.5,11
browns_mill,2026-03-08,09:00,2026-03-01,7,32,Sunday,True,9,Sunny,66.5,11
browns_mill,2026-03-08,09:00,2026-03-03,5,33,Sunday,True,9,Sunny,66.5,11
browns_mill,2026-03-08,09:00,2026-03-05,3,32,Sunday,True,9,Sunny,66.5,11
browns_mill,2026-03-08,09:00,2026-03-06,2,34,Sunday,True,9,Sunny,66.5,11
browns_mill,2026-03-08,09:00,2026-03-07,1,35,Sunday,True,9,Sunny,66.5,11
browns_mill,2026-03-08,09:00,2026-03-08,0,36,Sunday,True,9,Sunny,66.5,11
browns_mill,2026-03-08,10:00,2026-02-22,14,26,Sunday,True,10,Sunny,66.5,11
browns_mill,2026-03-08,10:00,2026-02-26,10,29,Sunday,True,10,Sunny,66.5,11
browns_mill,2026-03-08,10:00,2026-03-01,7,28,Sunday,True,10,Sunny,66.5,11
browns_mill,2026-03-08,10:00,2026-03-03,5,30,Sunday,True,10,Sunny,66.5,11
browns_mill,2026-03-08,10:00,2026-03-05,3,31,Sunday,True,10,Sunny,66.5,11
browns_mill,2026-03-08,10:00,2026-03-06,2,32,Sunday,True,10,Sunny,66.5,11
browns_mill,2026-03-08,10:00,2026-03-07,1,30,Sunday,True,10,Sunny,66.5,11
browns_mill,2026-03-08,10:00,2026-03-08,0,32,Sunday,True,10,Sunny,66.5,11
browns_mill,2026-03-08,12:00,2026-02-22,14,23,Sunday,True,12,Sunny,66.5,11
browns_mill,2026-03-08,12:00,2026-02-26,10,25,Sunday,True,12,Sunny,66.5,11
browns_mill,2026-03-08,12:00,2026-03-01,7,24,Sunday,True,12,Sunny,66.5,11
browns_mill,2026-03-08,12:00,2026-03-03,5,27,Sunday,True,12,Sunny,66.5,11
browns_mill,2026-03-08,12:00,2026-03-05,3,25,Sunday,True,12,Sunny,66.5,11
browns_mill,2026-03-08,12:00,2026-03-06,2,27,Sunday,True,12,Sunny,66.5,11
browns_mill,2026-03-08,12:00,2026-03-07,1,27,Sunday,True,12,Sunny,66.5,11
browns_mill,2026-03-08,12:00,2026-03-08,0,29,Sunday,True,12,Sunny,66.5,11
browns_mill,2026-03-08,14:00,2026-02-22,14,22,Sunday,True,14,Sunny,66.5,11
browns_mill,2026-03-08,14:00,2026-02-26,10,24,Sunday,True,14,Sunny,66.5,11
browns_mill,2026-03-08,14:00,2026-03-01,7,25,Sunday,True,14,Sunny,66.5,11
browns_mill,2026-03-08,14:00,2026-03-03,5,26,Sunday,True,14,Sunny,66.5,11
browns_mill,2026-03-08,14:00,2026-03-05,3,25,Sunday,True,14,Sunny,66.5,11
browns_mill,2026-03-08,14:00,2026-03-06,2,28,Sunday,True,14,Sunny,66.5,11
browns_mill,2026-03-08,14:00,2026-03-07,1,27,Sunday,True,14,Sunny,66.5,11
browns_mill,2026-03-08,14:00,2026-03-08,0,28,Sunday,True,14,Sunny,66.5,11
browns_mill,2026-03-08,16:00,2026-02-22,14,19,Sunday,True,16,Sunny,66.5,11
browns_mill,2026-03-08,16:00,2026-02-26,10,20,Sunday,True,16,Sunny,66.5,11
browns_mill,2026-03-08,16:00,2026-03-01,7,20,Sunday,True,16,Sunny,66.5,11
browns_mill,2026-03-08,16:00,2026-03-03,5,21,Sunday,True,16,Sunny,66.5,11
browns_mill,2026-03-08,16:00,2026-03-05,3,21,Sunday,True,16,Sunny,66.5,11
browns_mill,2026-03-08,16:00,2026-03-06,2,22,Sunday,True,16,Sunny,66.5,11
browns_mill,2026-03-08,16:00,2026-03-07,1,22,Sunday,True,16,Sunny,66.5,11
browns_mill,2026-03-08,16:00,2026-03-08,0,23,Sunday,True,16,Sunny,66.5,11
browns_mill,2026-03-09,07:00,2026-02-23,14,19,Monday,False,7,Partly Cloudy,61.4,27
browns_mill,2026-03-09,07:00,2026-02-27,10,20,Monday,False,7,Partly Cloudy,61.4,27
browns_mill,2026-03-09,07:00,2026-03-02,7,21,Monday,False,7,Partly Cloudy,61.4,27
browns_mill,2026-03-09,07:00,2026-03-04,5,20,Monday,False,7,Partly Cloudy,61.4,27
browns_mill,2026-03-09,07:00,2026-03-06,3,21,Monday,False,7,Partly Cloudy,61.4,27
browns_mill,2026-03-09,07:00,2026-03-07,2,22,Monday,False,7,Partly Cloudy,61.4,27
browns_mill,2026-03-09,07:00,2026-03-08,1,23,Monday,False,7,Partly Cloudy,61.4,27
browns_mill,2026-03-09,07:00,2026-03-09,0,23,Monday,False,7,Partly Cloudy,61.4,27
browns_mill,2026-03-09,08:00,2026-02-23,14,18,Monday,False,8,Partly Cloudy,61.4,27
browns_mill,2026-03-09,08:00,2026-02-27,10,20,Monday,False,8,Partly Cloudy,61.4,27
browns_mill,2026-03-09,08:00,2026-03-02,7,20,Monday,False,8,Partly Cloudy,61.4,27
browns_mill,2026-03-09,08:00,2026-03-04,5,20,Monday,False,8,Partly Cloudy,61.4,27
browns_mill,2026-03-09,08:00,2026-03-06,3,20,Monday,False,8,Partly Cloudy,61.4,27
browns_mill,2026-03-09,08:00,2026-03-07,2,22,Monday,False,8,Partly Cloudy,61.4,27
browns_mill,2026-03-09,08:00,2026-03-08,1,23,Monday,False,8,Partly Cloudy,61.4,27
browns_mill,2026-03-09,08:00,2026-03-09,0,22,Monday,False,8,Partly Cloudy,61.4,27
browns_mill,2026-03-09,09:00,2026-02-23,14,20,Monday,False,9,Partly Cloudy,61.4,27
browns_mill,2026-03-09,09:00,2026-02-27,10,19,Monday,False,9,Partly Cloudy,61.4,27
browns_mill,2026-03-09,09:00,2026-03-02,7,20,Monday,False,9,Partly Cloudy,61.4,27
browns_mill,2026-03-09,09:00,2026-03-04,5,21,Monday,False,9,Partly Cloudy,61.4,27
browns_mill,2026-03-09,09:00,2026-03-06,3,22,Monday,False,9,Partly Cloudy,61.4,27
browns_mill,2026-03-09,09:00,2026-03-07,2,23,Monday,False,9,Partly Cloudy,61.4,27
browns_mill,2026-03-09,09:00,2026-03-08,1,23,Monday,False,9,Partly Cloudy,61.4,27
browns_mill,2026-03-09,09:00,2026-03-09,0,22,Monday,False,9,Partly Cloudy,61.4,27
browns_mill,2026-03-09,10:00,2026-02-23,14,18,Monday,False,10,Partly Cloudy,61.4,27
browns_mill,2026-03-09,10:00,2026-02-27,10,19,Monday,False,10,Partly Cloudy,61.4,27
browns_mill,2026-03-09,10:00,2026-03-02,7,19,Monday,False,10,Partly Cloudy,61.4,27
browns_mill,2026-03-09,10:00,2026-03-04,5,20,Monday,False,10,Partly Cloudy,61.4,27
browns_mill,2026-03-09,10:00,2026-03-06,3,21,Monday,False,10,Partly Cloudy,61.4,27
browns_mill,2026-03-09,10:00,2026-03-07,2,21,Monday,False,10,Partly Cloudy,61.4,27
browns_mill,2026-03-09,10:00,2026-03-08,1,20,Monday,False,10,Partly Cloudy,61.4,27
browns_mill,2026-03-09,10:00,2026-03-09,0,22,Monday,False,10,Partly Cloudy,61.4,27
browns_mill,2026-03-09,12:00,2026-02-23,14,16,Monday,False,12,Partly Cloudy,61.4,27
browns_mill,2026-03-09,12:00,2026-02-27,10,16,Monday,False,12,Partly Cloudy,61.4,27
browns_mill,2026-03-09,12:00,2026-03-02,7,17,Monday,False,12,Partly Cloudy,61.4,27
browns_mill,2026-03-09,12:00,2026-03-04,5,17,Monday,False,12,Partly Cloudy,61.4,27
browns_mill,2026-03-09,12:00,2026-03-06,3,17,Monday,False,12,Partly Cloudy,61.4,27
browns_mill,2026-03-09,12:00,2026-03-07,2,18,Monday,False,12,Partly Cloudy,61.4,27
browns_mill,2026-03-09,12:00,2026-03-08,1,19,Monday,False,12,Partly Cloudy,61.4,27
browns_mill,2026-03-09,12:00,2026-03-09,0,19,Monday,False,12,Partly Cloudy,61.4,27
browns_mill,2026-03-09,14:00,2026-02-23,14,15,Monday,False,14,Partly Cloudy,61.4,27
browns_mill,2026-03-09,14:00,2026-02-27,10,17,Monday,False,14,Partly Cloudy,61.4,27
browns_mill,2026-03-09,14:00,2026-03-02,7,17,Monday,False,14,Partly Cloudy,61.4,27
browns_mill,2026-03-09,14:00,2026-03-04,5,18,Monday,False,14,Partly Cloudy,61.4,27
browns_mill,2026-03-09,14:00,2026-03-06,3,18,Monday,False,14,Partly Cloudy,61.4,27
browns_mill,2026-03-09,14:00,2026-03-07,2,19,Monday,False,14,Partly Cloudy,61.4,27
browns_mill,2026-03-09,14:00,2026-03-08,1,19,Monday,False,14,Partly Cloudy,61.4,27
browns_mill,2026-03-09,14:00,2026-03-09,0,20,Monday,False,14,Partly Cloudy,61.4,27
browns_mill,2026-03-09,16:00,2026-02-23,14,15,Monday,False,16,Partly Cloudy,61.4,27
browns_mill,2026-03-09,16:00,2026-02-27,10,15,Monday,False,16,Partly Cloudy,61.4,27
browns_mill,2026-03-09,16:00,2026-03-02,7,15,Monday,False,16,Partly Cloudy,61.4,27
browns_mill,2026-03-09,16:00,2026-03-04,5,15,Monday,False,16,Partly Cloudy,61.4,27
browns_mill,2026-03-09,16:00,2026-03-06,3,15,Monday,False,16,Partly Cloudy,61.4,27
browns_mill,2026-03-09,16:00,2026-03-07,2,16,Monday,False,16,Partly Cloudy,61.4,27
browns_mill,2026-03-09,16:00,2026-03-08,1,15,Monday,False,16,Partly Cloudy,61.4,27
browns_mill,2026-03-09,16:00,2026-03-09,0,15,Monday,False,16,Partly Cloudy,61.4,27
browns_mill,2026-03-10,07:00,2026-02-24,14,17,Tuesday,False,7,Overcast,70.8,37
browns_mill,2026-03-10,07:00,2026-02-28,10,18,Tuesday,False,7,Overcast,70.8,37
browns_mill,2026-03-10,07:00,2026-03-03,7,19,Tuesday,False,7,Overcast,70.8,37
browns_mill,2026-03-10,07:00,2026-03-05,5,20,Tuesday,False,7,Overcast,70.8,37
browns_mill,2026-03-10,07:00,2026-03-07,3,20,Tuesday,False,7,Overcast,70.8,37
browns_mill,2026-03-10,07:00,2026-03-08,2,20,Tuesday,False,7,Overcast,70.8,37
browns_mill,2026-03-10,07:00,2026-03-09,1,21,Tuesday,False,7,Overcast,70.8,37
browns_mill,2026-03-10,07:00,2026-03-10,0,22,Tuesday,False,7,Overcast,70.8,37
browns_mill,2026-03-10,08:00,2026-02-24,14,18,Tuesday,False,8,Overcast,70.8,37
browns_mill,2026-03-10,08:00,2026-02-28,10,19,Tuesday,False,8,Overcast,70.8,37
browns_mill,2026-03-10,08:00,2026-03-03,7,19,Tuesday,False,8,Overcast,70.8,37
browns_mill,2026-03-10,08:00,2026-03-05,5,20,Tuesday,False,8,Overcast,70.8,37
browns_mill,2026-03-10,08:00,2026-03-07,3,19,Tuesday,False,8,Overcast,70.8,37
browns_mill,2026-03-10,08:00,2026-03-08,2,22,Tuesday,False,8,Overcast,70.8,37
browns_mill,2026-03-10,08:00,2026-03-09,1,21,Tuesday,False,8,Overcast,70.8,37
browns_mill,2026-03-10,08:00,2026-03-10,0,21,Tuesday,False,8,Overcast,70.8,37
browns_mill,2026-03-10,09:00,2026-02-24,14,18,Tuesday,False,9,Overcast,70.8,37
browns_mill,2026-03-10,09:00,2026-02-28,10,19,Tuesday,False,9,Overcast,70.8,37
browns_mill,2026-03-10,09:00,2026-03-03,7,19,Tuesday,False,9,Overcast,70.8,37
browns_mill,2026-03-10,09:00,2026-03-05,5,20,Tuesday,False,9,Overcast,70.8,37
browns_mill,2026-03-10,09:00,2026-03-07,3,20,Tuesday,False,9,Overcast,70.8,37
browns_mill,2026-03-10,09:00,2026-03-08,2,21,Tuesday,False,9,Overcast,70.8,37
browns_mill,2026-03-10,09:00,2026-03-09,1,21,Tuesday,False,9,Overcast,70.8,37
browns_mill,2026-03-10,09:00,2026-03-10,0,21,Tuesday,False,9,Overcast,70.8,37
browns_mill,2026-03-10,10:00,2026-02-24,14,17,Tuesday,False,10,Overcast,70.8,37
browns_mill,2026-03-10,10:00,2026-02-28,10,17,Tuesday,False,10,Overcast,70.8,37
browns_mill,2026-03-10,10:00,2026-03-03,7,18,Tuesday,False,10,Overcast,70.8,37
browns_mill,2026-03-10,10:00,2026-03-05,5,19,Tuesday,False,10,Overcast,70.8,37
browns_mill,2026-03-10,10:00,2026-03-07,3,19,Tuesday,False,10,Overcast,70.8,37
browns_mill,2026-03-10,10:00,2026-03-08,2,20,Tuesday,False,10,Overcast,70.8,37
browns_mill,2026-03-10,10:00,2026-03-09,1,21,Tuesday,False,10,Overcast,70.8,37
browns_mill,2026-03-10,10:00,2026-03-10,0,21,Tuesday,False,10,Overcast,70.8,37
browns_mill,2026-03-10,12:00,2026-02-24,14,15,Tuesday,False,12,Overcast,70.8,37
browns_mill,2026-03-10,12:00,2026-02-28,10,16,Tuesday,False,12,Overcast,70.8,37
browns_mill,2026-03-10,12:00,2026-03-03,7,16,Tuesday,False,12,Overcast,70.8,37
browns_mill,2026-03-10,12:00,2026-03-05,5,17,Tuesday,False,12,Overcast,70.8,37
browns_mill,2026-03-10,12:00,2026-03-07,3,17,Tuesday,False,12,Overcast,70.8,37
browns_mill,2026-03-10,12:00,2026-03-08,2,18,Tuesday,False,12,Overcast,70.8,37
browns_mill,2026-03-10,12:00,2026-03-09,1,17,Tuesday,False,12,Overcast,70.8,37
browns_mill,2026-03-10,12:00,2026-03-10,0,19,Tuesday,False,12,Overcast,70.8,37
browns_mill,2026-03-10,14:00,2026-02-24,14,15,Tuesday,False,14,Overcast,70.8,37
browns_mill,2026-03-10,14:00,2026-02-28,10,15,Tuesday,False,14,Overcast,70.8,37
browns_mill,2026-03-10,14:00,2026-03-03,7,16,Tuesday,False,14,Overcast,70.8,37
browns_mill,2026-03-10,14:00,2026-03-05,5,16,Tuesday,False,14,Overcast,70.8,37
browns_mill,2026-03-10,14:00,2026-03-07,3,17,Tuesday,False,14,Overcast,70.8,37
browns_mill,2026-03-10,14:00,2026-03-08,2,18,Tuesday,False,14,Overcast,70.8,37
browns_mill,2026-03-10,14:00,2026-03-09,1,17,Tuesday,False,14,Overcast,70.8,37
browns_mill,2026-03-10,14:00,2026-03-10,0,18,Tuesday,False,14,Overcast,70.8,37
browns_mill,2026-03-10,16:00,2026-02-24,14,15,Tuesday,False,16,Overcast,70.8,37
browns_mill,2026-03-10,16:00,2026-02-28,10,15,Tuesday,False,16,Overcast,70.8,37
browns_mill,2026-03-10,16:00,2026-03-03,7,15,Tuesday,False,16,Overcast,70.8,37
browns_mill,2026-03-10,16:00,2026-03-05,5,15,Tuesday,False,16,Overcast,70.8,37
browns_mill,2026-03-10,16:00,2026-03-07,3,15,Tuesday,False,16,Overcast,70.8,37
browns_mill,2026-03-10,16:00,2026-03-08,2,15,Tuesday,False,16,Overcast,70.8,37
browns_mill,2026-03-10,16:00,2026-03-09,1,15,Tuesday,False,16,Overcast,70.8,37
browns_mill,2026-03-10,16:00,2026-03-10,0,15,Tuesday,False,16,Overcast,70.8,37
candler_park,2026-02-11,07:00,2026-02-11,0,15,Wednesday,False,7,Partly Cloudy,60.5,21
candler_park,2026-02-11,08:00,2026-02-11,0,15,Wednesday,False,8,Partly Cloudy,60.5,21
candler_park,2026-02-11,09:00,2026-02-11,0,15,Wednesday,False,9,Partly Cloudy,60.5,21
candler_park,2026-02-11,10:00,2026-02-11,0,15,Wednesday,False,10,Partly Cloudy,60.5,21
candler_park,2026-02-11,12:00,2026-02-11,0,15,Wednesday,False,12,Partly Cloudy,60.5,21
candler_park,2026-02-11,14:00,2026-02-11,0,15,Wednesday,False,14,Partly Cloudy,60.5,21
candler_park,2026-02-11,16:00,2026-02-11,0,15,Wednesday,False,16,Partly Cloudy,60.5,21
candler_park,2026-02-12,07:00,2026-02-11,1,15,Thursday,False,7,Partly Cloudy,65.9,16
candler_park,2026-02-12,07:00,2026-02-12,0,15,Thursday,False,7,Partly Cloudy,65.9,16
candler_park,2026-02-12,08:00,2026-02-11,1,15,Thursday,False,8,Partly Cloudy,65.9,16
candler_park,2026-02-12,08:00,2026-02-12,0,15,Thursday,False,8,Partly Cloudy,65.9,16
candler_park,2026-02-12,09:00,2026-02-11,1,15,Thursday,False,9,Partly Cloudy,65.9,16
candler_park,2026-02-12,09:00,2026-02-12,0,15,Thursday,False,9,Partly Cloudy,65.9,16
candler_park,2026-02-12,10:00,2026-02-11,1,15,Thursday,False,10,Partly Cloudy,65.9,16
candler_park,2026-02-12,10:00,2026-02-12,0,15,Thursday,False,10,Partly Cloudy,65.9,16
candler_park,2026-02-12,12:00,2026-02-11,1,15,Thursday,False,12,Partly Cloudy,65.9,16
candler_park,2026-02-12,12:00,2026-02-12,0,15,Thursday,False,12,Partly Cloudy,65.9,16
candler_park,2026-02-12,14:00,2026-02-11,1,15,Thursday,False,14,Partly Cloudy,65.9,16
candler_park,2026-02-12,14:00,2026-02-12,0,15,Thursday,False,14,Partly Cloudy,65.9,16
candler_park,2026-02-12,16:00,2026-02-11,1,15,Thursday,False,16,Partly Cloudy,65.9,16
candler_park,2026-02-12,16:00,2026-02-12,0,15,Thursday,False,16,Partly Cloudy,65.9,16
candler_park,2026-02-13,07:00,2026-02-11,2,15,Friday,False,7,Partly Cloudy,48.4,21
candler_park,2026-02-13,07:00,2026-02-12,1,15,Friday,False,7,Partly Cloudy,48.4,21
candler_park,2026-02-13,07:00,2026-02-13,0,15,Friday,False,7,Partly Cloudy,48.4,21
candler_park,2026-02-13,08:00,2026-02-11,2,15,Friday,False,8,Partly Cloudy,48.4,21
candler_park,2026-02-13,08:00,2026-02-12,1,15,Friday,False,8,Partly Cloudy,48.4,21
candler_park,2026-02-13,08:00,2026-02-13,0,15,Friday,False,8,Partly Cloudy,48.4,21
candler_park,2026-02-13,09:00,2026-02-11,2,15,Friday,False,9,Partly Cloudy,48.4,21
candler_park,2026-02-13,09:00,2026-02-12,1,15,Friday,False,9,Partly Cloudy,48.4,21
candler_park,2026-02-13,09:00,2026-02-13,0,15,Friday,False,9,Partly Cloudy,48.4,21
candler_park,2026-02-13,10:00,2026-02-11,2,15,Friday,False,10,Partly Cloudy,48.4,21
candler_park,2026-02-13,10:00,2026-02-12,1,15,Friday,False,10,Partly Cloudy,48.4,21
candler_park,2026-02-13,10:00,2026-02-13,0,15,Friday,False,10,Partly Cloudy,48.4,21
candler_park,2026-02-13,12:00,2026-02-11,2,15,Friday,False,12,Partly Cloudy,48.4,21
candler_park,2026-02-13,12:00,2026-02-12,1,15,Friday,False,12,Partly Cloudy,48.4,21
candler_park,2026-02-13,12:00,2026-02-13,0,15,Friday,False,12,Partly Cloudy,48.4,21
candler_park,2026-02-13,14:00,2026-02-11,2,15,Friday,False,14,Partly Cloudy,48.4,21
candler_park,2026-02-13,14:00,2026-02-12,1,15,Friday,False,14,Partly Cloudy,48.4,21
candler_park,2026-02-13,14:00,2026-02-13,0,15,Friday,False,14,Partly Cloudy,48.4,21
candler_park,2026-02-13,16:00,2026-02-11,2,15,Friday,False,16,Partly Cloudy,48.4,21
candler_park,2026-02-13,16:00,2026-02-12,1,15,Friday,False,16,Partly Cloudy,48.4,21
candler_park,2026-02-13,16:00,2026-02-13,0,15,Friday,False,16,Partly Cloudy,48.4,21
candler_park,2026-02-14,07:00,2026-02-11,3,15,Saturday,True,7,Overcast,65.3,44
candler_park,2026-02-14,07:00,2026-02-12,2,15,Saturday,True,7,Overcast,65.3,44
candler_park,2026-02-14,07:00,2026-02-13,1,15,Saturday,True,7,Overcast,65.3,44
candler_park,2026-02-14,07:00,2026-02-14,0,15,Saturday,True,7,Overcast,65.3,44
candler_park,2026-02-14,08:00,2026-02-11,3,15,Saturday,True,8,Overcast,65.3,44
candler_park,2026-02-14,08:00,2026-02-12,2,15,Saturday,True,8,Overcast,65.3,44
candler_park,2026-02-14,08:00,2026-02-13,1,15,Saturday,True,8,Overcast,65.3,44
candler_park,2026-02-14,08:00,2026-02-14,0,15,Saturday,True,8,Overcast,65.3,44
candler_park,2026-02-14,09:00,2026-02-11,3,15,Saturday,True,9,Overcast,65.3,44
candler_park,2026-02-14,09:00,2026-02-12,2,15,Saturday,True,9,Overcast,65.3,44
candler_park,2026-02-14,09:00,2026-02-13,1,15,Saturday,True,9,Overcast,65.3,44
candler_park,2026-02-14,09:00,2026-02-14,0,15,Saturday,True,9,Overcast,65.3,44
candler_park,2026-02-14,10:00,2026-02-11,3,15,Saturday,True,10,Overcast,65.3,44
candler_park,2026-02-14,10:00,2026-02-12,2,15,Saturday,True,10,Overcast,65.3,44
candler_park,2026-02-14,10:00,2026-02-13,1,15,Saturday,True,10,Overcast,65.3,44
candler_park,2026-02-14,10:00,2026-02-14,0,15,Saturday,True,10,Overcast,65.3,44
candler_park,2026-02-14,12:00,2026-02-11,3,15,Saturday,True,12,Overcast,65.3,44
candler_park,2026-02-14,12:00,2026-02-12,2,15,Saturday,True,12,Overcast,65.3,44
candler_park,2026-02-14,12:00,2026-02-13,1,15,Saturday,True,12,Overcast,65.3,44
candler_park,2026-02-14,12:00,2026-02-14,0,15,Saturday,True,12,Overcast,65.3,44
candler_park,2026-02-14,14:00,2026-02-11,3,15,Saturday,True,14,Overcast,65.3,44
candler_park,2026-02-14,14:00,2026-02-12,2,15,Saturday,True,14,Overcast,65.3,44
candler_park,2026-02-14,14:00,2026-02-13,1,15,Saturday,True,14,Overcast,65.3,44
candler_park,2026-02-14,14:00,2026-02-14,0,15,Saturday,True,14,Overcast,65.3,44
candler_park,2026-02-14,16:00,2026-02-11,3,15,Saturday,True,16,Overcast,65.3,44
candler_park,2026-02-14,16:00,2026-02-12,2,15,Saturday,True,16,Overcast,65.3,44
candler_park,2026-02-14,16:00,2026-02-13,1,15,Saturday,True,16,Overcast,65.3,44
candler_park,2026-02-14,16:00,2026-02-14,0,15,Saturday,True,16,Overcast,65.3,44
candler_park,2026-02-15,07:00,2026-02-12,3,15,Sunday,True,7,Sunny,59.9,14
candler_park,2026-02-15,07:00,2026-02-13,2,15,Sunday,True,7,Sunny,59.9,14
candler_park,2026-02-15,07:00,2026-02-14,1,15,Sunday,True,7,Sunny,59.9,14
candler_park,2026-02-15,07:00,2026-02-15,0,15,Sunday,True,7,Sunny,59.9,14
candler_park,2026-02-15,08:00,2026-02-12,3,15,Sunday,True,8,Sunny,59.9,14
candler_park,2026-02-15,08:00,2026-02-13,2,15,Sunday,True,8,Sunny,59.9,14
candler_park,2026-02-15,08:00,2026-02-14,1,15,Sunday,True,8,Sunny,59.9,14
candler_park,2026-02-15,08:00,2026-02-15,0,15,Sunday,True,8,Sunny,59.9,14
candler_park,2026-02-15,09:00,2026-02-12,3,15,Sunday,True,9,Sunny,59.9,14
candler_park,2026-02-15,09:00,2026-02-13,2,15,Sunday,True,9,Sunny,59.9,14
candler_park,2026-02-15,09:00,2026-02-14,1,15,Sunday,True,9,Sunny,59.9,14
candler_park,2026-02-15,09:00,2026-02-15,0,15,Sunday,True,9,Sunny,59.9,14
candler_park,2026-02-15,10:00,2026-02-12,3,15,Sunday,True,10,Sunny,59.9,14
candler_park,2026-02-15,10:00,2026-02-13,2,15,Sunday,True,10,Sunny,59.9,14
candler_park,2026-02-15,10:00,2026-02-14,1,15,Sunday,True,10,Sunny,59.9,14
candler_park,2026-02-15,10:00,2026-02-15,0,15,Sunday,True,10,Sunny,59.9,14
candler_park,2026-02-15,12:00,2026-02-12,3,15,Sunday,True,12,Sunny,59.9,14
candler_park,2026-02-15,12:00,2026-02-13,2,15,Sunday,True,12,Sunny,59.9,14
candler_park,2026-02-15,12:00,2026-02-14,1,15,Sunday,True,12,Sunny,59.9,14
candler_park,2026-02-15,12:00,2026-02-15,0,15,Sunday,True,12,Sunny,59.9,14
candler_park,2026-02-15,14:00,2026-02-12,3,15,Sunday,True,14,Sunny,59.9,14
candler_park,2026-02-15,14:00,2026-02-13,2,15,Sunday,True,14,Sunny,59.9,14
candler_park,2026-02-15,14:00,2026-02-14,1,15,Sunday,True,14,Sunny,59.9,14
candler_park,2026-02-15,14:00,2026-02-15,0,15,Sunday,True,14,Sunny,59.9,14
candler_park,2026-02-15,16:00,2026-02-12,3,15,Sunday,True,16,Sunny,59.9,14
candler_park,2026-02-15,16:00,2026-02-13,2,15,Sunday,True,16,Sunny,59.9,14
candler_park,2026-02-15,16:00,2026-02-14,1,15,Sunday,True,16,Sunny,59.9,14
candler_park,2026-02-15,16:00,2026-02-15,0,15,Sunday,True,16,Sunny,59.9,14
candler_park,2026-02-16,07:00,2026-02-11,5,15,Monday,False,7,Sunny,52.7,7
candler_park,2026-02-16,07:00,2026-02-13,3,15,Monday,False,7,Sunny,52.7,7
candler_park,2026-02-16,07:00,2026-02-14,2,15,Monday,False,7,Sunny,52.7,7
candler_park,2026-02-16,07:00,2026-02-15,1,15,Monday,False,7,Sunny,52.7,7
candler_park,2026-02-16,07:00,2026-02-16,0,15,Monday,False,7,Sunny,52.7,7
candler_park,2026-02-16,08:00,2026-02-11,5,15,Monday,False,8,Sunny,52.7,7
candler_park,2026-02-16,08:00,2026-02-13,3,15,Monday,False,8,Sunny,52.7,7
candler_park,2026-02-16,08:00,2026-02-14,2,15,Monday,False,8,Sunny,52.7,7
candler_park,2026-02-16,08:00,2026-02-15,1,15,Monday,False,8,Sunny,52.7,7
candler_park,2026-02-16,08:00,2026-02-16,0,15,Monday,False,8,Sunny,52.7,7
candler_park,2026-02-16,09:00,2026-02-11,5,15,Monday,False,9,Sunny,52.7,7
candler_park,2026-02-16,09:00,2026-02-13,3,15,Monday,False,9,Sunny,52.7,7
candler_park,2026-02-16,09:00,2026-02-14,2,15,Monday,False,9,Sunny,52.7,7
candler_park,2026-02-16,09:00,2026-02-15,1,15,Monday,False,9,Sunny,52.7,7
candler_park,2026-02-16,09:00,2026-02-16,0,15,Monday,False,9,Sunny,52.7,7
candler_park,2026-02-16,10:00,2026-02-11,5,15,Monday,False,10,Sunny,52.7,7
candler_park,2026-02-16,10:00,2026-02-13,3,15,Monday,False,10,Sunny,52.7,7
candler_park,2026-02-16,10:00,2026-02-14,2,15,Monday,False,10,Sunny,52.7,7
candler_park,2026-02-16,10:00,2026-02-15,1,15,Monday,False,10,Sunny,52.7,7
candler_park,2026-02-16,10:00,2026-02-16,0,15,Monday,False,10,Sunny,52.7,7
candler_park,2026-02-16,12:00,2026-02-11,5,15,Monday,False,12,Sunny,52.7,7
candler_park,2026-02-16,12:00,2026-02-13,3,15,Monday,False,12,Sunny,52.7,7
candler_park,2026-02-16,12:00,2026-02-14,2,15,Monday,False,12,Sunny,52.7,7
candler_park,2026-02-16,12:00,2026-02-15,1,15,Monday,False,12,Sunny,52.7,7
candler_park,2026-02-16,12:00,2026-02-16,0,15,Monday,False,12,Sunny,52.7,7
candler_park,2026-02-16,14:00,2026-02-11,5,15,Monday,False,14,Sunny,52.7,7
candler_park,2026-02-16,14:00,2026-02-13,3,15,Monday,False,14,Sunny,52.7,7
candler_park,2026-02-16,14:00,2026-02-14,2,15,Monday,False,14,Sunny,52.7,7
candler_park,2026-02-16,14:00,2026-02-15,1,15,Monday,False,14,Sunny,52.7,7
candler_park,2026-02-16,14:00,2026-02-16,0,15,Monday,False,14,Sunny,52.7,7
candler_park,2026-02-16,16:00,2026-02-11,5,15,Monday,False,16,Sunny,52.7,7
candler_park,2026-02-16,16:00,2026-02-13,3,15,Monday,False,16,Sunny,52.7,7
candler_park,2026-02-16,16:00,2026-02-14,2,15,Monday,False,16,Sunny,52.7,7
candler_park,2026-02-16,16:00,2026-02-15,1,15,Monday,False,16,Sunny,52.7,7
candler_park,2026-02-16,16:00,2026-02-16,0,15,Monday,False,16,Sunny,52.7,7
candler_park,2026-02-17,07:00,2026-02-12,5,15,Tuesday,False,7,Sunny,59.0,1
candler_park,2026-02-17,07:00,2026-02-14,3,15,Tuesday,False,7,Sunny,59.0,1
candler_park,2026-02-17,07:00,2026-02-15,2,15,Tuesday,False,7,Sunny,59.0,1
candler_park,2026-02-17,07:00,2026-02-16,1,15,Tuesday,False,7,Sunny,59.0,1
candler_park,2026-02-17,07:00,2026-02-17,0,15,Tuesday,False,7,Sunny,59.0,1
candler_park,2026-02-17,08:00,2026-02-12,5,15,Tuesday,False,8,Sunny,59.0,1
candler_park,2026-02-17,08:00,2026-02-14,3,15,Tuesday,False,8,Sunny,59.0,1
candler_park,2026-02-17,08:00,2026-02-15,2,15,Tuesday,False,8,Sunny,59.0,1
candler_park,2026-02-17,08:00,2026-02-16,1,15,Tuesday,False,8,Sunny,59.0,1
candler_park,2026-02-17,08:00,2026-02-17,0,15,Tuesday,False,8,Sunny,59.0,1
candler_park,2026-02-17,09:00,2026-02-12,5,15,Tuesday,False,9,Sunny,59.0,1
candler_park,2026-02-17,09:00,2026-02-14,3,15,Tuesday,False,9,Sunny,59.0,1
candler_park,2026-02-17,09:00,2026-02-15,2,15,Tuesday,False,9,Sunny,59.0,1
candler_park,2026-02-17,09:00,2026-02-16,1,15,Tuesday,False,9,Sunny,59.0,1
candler_park,2026-02-17,09:00,2026-02-17,0,15,Tuesday,False,9,Sunny,59.0,1
candler_park,2026-02-17,10:00,2026-02-12,5,15,Tuesday,False,10,Sunny,59.0,1
candler_park,2026-02-17,10:00,2026-02-14,3,15,Tuesday,False,10,Sunny,59.0,1
candler_park,2026-02-17,10:00,2026-02-15,2,15,Tuesday,False,10,Sunny,59.0,1
candler_park,2026-02-17,10:00,2026-02-16,1,15,Tuesday,False,10,Sunny,59.0,1
candler_park,2026-02-17,10:00,2026-02-17,0,15,Tuesday,False,10,Sunny,59.0,1
candler_park,2026-02-17,12:00,2026-02-12,5,15,Tuesday,False,12,Sunny,59.0,1
candler_park,2026-02-17,12:00,2026-02-14,3,15,Tuesday,False,12,Sunny,59.0,1
candler_park,2026-02-17,12:00,2026-02-15,2,15,Tuesday,False,12,Sunny,59.0,1
candler_park,2026-02-17,12:00,2026-02-16,1,15,Tuesday,False,12,Sunny,59.0,1
candler_park,2026-02-17,12:00,2026-02-17,0,15,Tuesday,False,12,Sunny,59.0,1
candler_park,2026-02-17,14:00,2026-02-12,5,15,Tuesday,False,14,Sunny,59.0,1
candler_park,2026-02-17,14:00,2026-02-14,3,15,Tuesday,False,14,Sunny,59.0,1
candler_park,2026-02-17,14:00,2026-02-15,2,15,Tuesday,False,14,Sunny,59.0,1
candler_park,2026-02-17,14:00,2026-02-16,1,15,Tuesday,False,14,Sunny,59.0,1
candler_park,2026-02-17,14:00,2026-02-17,0,15,Tuesday,False,14,Sunny,59.0,1
candler_park,2026-02-17,16:00,2026-02-12,5,15,Tuesday,False,16,Sunny,59.0,1
candler_park,2026-02-17,16:00,2026-02-14,3,15,Tuesday,False,16,Sunny,59.0,1
candler_park,2026-02-17,16:00,2026-02-15,2,15,Tuesday,False,16,Sunny,59.0,1
candler_park,2026-02-17,16:00,2026-02-16,1,15,Tuesday,False,16,Sunny,59.0,1
candler_park,2026-02-17,16:00,2026-02-17,0,15,Tuesday,False,16,Sunny,59.0,1
candler_park,2026-02-18,07:00,2026-02-11,7,15,Wednesday,False,7,Partly Cloudy,56.5,28
candler_park,2026-02-18,07:00,2026-02-13,5,15,Wednesday,False,7,Partly Cloudy,56.5,28
candler_park,2026-02-18,07:00,2026-02-15,3,15,Wednesday,False,7,Partly Cloudy,56.5,28
candler_park,2026-02-18,07:00,2026-02-16,2,15,Wednesday,False,7,Partly Cloudy,56.5,28
candler_park,2026-02-18,07:00,2026-02-17,1,15,Wednesday,False,7,Partly Cloudy,56.5,28
candler_park,2026-02-18,07:00,2026-02-18,0,15,Wednesday,False,7,Partly Cloudy,56.5,28
candler_park,2026-02-18,08:00,2026-02-11,7,15,Wednesday,False,8,Partly Cloudy,56.5,28
candler_park,2026-02-18,08:00,2026-02-13,5,15,Wednesday,False,8,Partly Cloudy,56.5,28
candler_park,2026-02-18,08:00,2026-02-15,3,15,Wednesday,False,8,Partly Cloudy,56.5,28
candler_park,2026-02-18,08:00,2026-02-16,2,15,Wednesday,False,8,Partly Cloudy,56.5,28
candler_park,2026-02-18,08:00,2026-02-17,1,15,Wednesday,False,8,Partly Cloudy,56.5,28
candler_park,2026-02-18,08:00,2026-02-18,0,15,Wednesday,False,8,Partly Cloudy,56.5,28
candler_park,2026-02-18,09:00,2026-02-11,7,15,Wednesday,False,9,Partly Cloudy,56.5,28
candler_park,2026-02-18,09:00,2026-02-13,5,15,Wednesday,False,9,Partly Cloudy,56.5,28
candler_park,2026-02-18,09:00,2026-02-15,3,15,Wednesday,False,9,Partly Cloudy,56.5,28
candler_park,2026-02-18,09:00,2026-02-16,2,15,Wednesday,False,9,Partly Cloudy,56.5,28
candler_park,2026-02-18,09:00,2026-02-17,1,15,Wednesday,False,9,Partly Cloudy,56.5,28
candler_park,2026-02-18,09:00,2026-02-18,0,15,Wednesday,False,9,Partly Cloudy,56.5,28
candler_park,2026-02-18,10:00,2026-02-11,7,15,Wednesday,False,10,Partly Cloudy,56.5,28
candler_park,2026-02-18,10:00,2026-02-13,5,15,Wednesday,False,10,Partly Cloudy,56.5,28
candler_park,2026-02-18,10:00,2026-02-15,3,15,Wednesday,False,10,Partly Cloudy,56.5,28
candler_park,2026-02-18,10:00,2026-02-16,2,15,Wednesday,False,10,Partly Cloudy,56.5,28
candler_park,2026-02-18,10:00,2026-02-17,1,15,Wednesday,False,10,Partly Cloudy,56.5,28
candler_park,2026-02-18,10:00,2026-02-18,0,15,Wednesday,False,10,Partly Cloudy,56.5,28
candler_park,2026-02-18,12:00,2026-02-11,7,15,Wednesday,False,12,Partly Cloudy,56.5,28
candler_park,2026-02-18,12:00,2026-02-13,5,15,Wednesday,False,12,Partly Cloudy,56.5,28
candler_park,2026-02-18,12:00,2026-02-15,3,15,Wednesday,False,12,Partly Cloudy,56.5,28
candler_park,2026-02-18,12:00,2026-02-16,2,15,Wednesday,False,12,Partly Cloudy,56.5,28
candler_park,2026-02-18,12:00,2026-02-17,1,15,Wednesday,False,12,Partly Cloudy,56.5,28
candler_park,2026-02-18,12:00,2026-02-18,0,15,Wednesday,False,12,Partly Cloudy,56.5,28
candler_park,2026-02-18,14:00,2026-02-11,7,15,Wednesday,False,14,Partly Cloudy,56.5,28
candler_park,2026-02-18,14:00,2026-02-13,5,15,Wednesday,False,14,Partly Cloudy,56.5,28
candler_park,2026-02-18,14:00,2026-02-15,3,15,Wednesday,False,14,Partly Cloudy,56.5,28
candler_park,2026-02-18,14:00,2026-02-16,2,15,Wednesday,False,14,Partly Cloudy,56.5,28
candler_park,2026-02-18,14:00,2026-02-17,1,15,Wednesday,False,14,Partly Cloudy,56.5,28
candler_park,2026-02-18,14:00,2026-02-18,0,15,Wednesday,False,14,Partly Cloudy,56.5,28
candler_park,2026-02-18,16:00,2026-02-11,7,15,Wednesday,False,16,Partly Cloudy,56.5,28
candler_park,2026-02-18,16:00,2026-02-13,5,15,Wednesday,False,16,Partly Cloudy,56.5,28
candler_park,2026-02-18,16:00,2026-02-15,3,15,Wednesday,False,16,Partly Cloudy,56.5,28
candler_park,2026-02-18,16:00,2026-02-16,2,15,Wednesday,False,16,Partly Cloudy,56.5,28
candler_park,2026-02-18,16:00,2026-02-17,1,15,Wednesday,False,16,Partly Cloudy,56.5,28
candler_park,2026-02-18,16:00,2026-02-18,0,15,Wednesday,False,16,Partly Cloudy,56.5,28
candler_park,2026-02-19,07:00,2026-02-12,7,15,Thursday,False,7,Sunny,59.6,1
candler_park,2026-02-19,07:00,2026-02-14,5,15,Thursday,False,7,Sunny,59.6,1
candler_park,2026-02-19,07:00,2026-02-16,3,15,Thursday,False,7,Sunny,59.6,1
candler_park,2026-02-19,07:00,2026-02-17,2,15,Thursday,False,7,Sunny,59.6,1
candler_park,2026-02-19,07:00,2026-02-18,1,15,Thursday,False,7,Sunny,59.6,1
candler_park,2026-02-19,07:00,2026-02-19,0,15,Thursday,False,7,Sunny,59.6,1
candler_park,2026-02-19,08:00,2026-02-12,7,15,Thursday,False,8,Sunny,59.6,1
candler_park,2026-02-19,08:00,2026-02-14,5,15,Thursday,False,8,Sunny,59.6,1
candler_park,2026-02-19,08:00,2026-02-16,3,15,Thursday,False,8,Sunny,59.6,1
candler_park,2026-02-19,08:00,2026-02-17,2,15,Thursday,False,8,Sunny,59.6,1
candler_park,2026-02-19,08:00,2026-02-18,1,15,Thursday,False,8,Sunny,59.6,1
candler_park,2026-02-19,08:00,2026-02-19,0,15,Thursday,False,8,Sunny,59.6,1
candler_park,2026-02-19,09:00,2026-02-12,7,15,Thursday,False,9,Sunny,59.6,1
candler_park,2026-02-19,09:00,2026-02-14,5,15,Thursday,False,9,Sunny,59.6,1
candler_park,2026-02-19,09:00,2026-02-16,3,15,Thursday,False,9,Sunny,59.6,1
candler_park,2026-02-19,09:00,2026-02-17,2,15,Thursday,False,9,Sunny,59.6,1
candler_park,2026-02-19,09:00,2026-02-18,1,15,Thursday,False,9,Sunny,59.6,1
candler_park,2026-02-19,09:00,2026-02-19,0,15,Thursday,False,9,Sunny,59.6,1
candler_park,2026-02-19,10:00,2026-02-12,7,15,Thursday,False,10,Sunny,59.6,1
candler_park,2026-02-19,10:00,2026-02-14,5,15,Thursday,False,10,Sunny,59.6,1
candler_park,2026-02-19,10:00,2026-02-16,3,15,Thursday,False,10,Sunny,59.6,1
candler_park,2026-02-19,10:00,2026-02-17,2,15,Thursday,False,10,Sunny,59.6,1
candler_park,2026-02-19,10:00,2026-02-18,1,15,Thursday,False,10,Sunny,59.6,1
candler_park,2026-02-19,10:00,2026-02-19,0,15,Thursday,False,10,Sunny,59.6,1
candler_park,2026-02-19,12:00,2026-02-12,7,15,Thursday,False,12,Sunny,59.6,1
candler_park,2026-02-19,12:00,2026-02-14,5,15,Thursday,False,12,Sunny,59.6,1
candler_park,2026-02-19,12:00,2026-02-16,3,15,Thursday,False,12,Sunny,59.6,1
candler_park,2026-02-19,12:00,2026-02-17,2,15,Thursday,False,12,Sunny,59.6,1
candler_park,2026-02-19,12:00,2026-02-18,1,15,Thursday,False,12,Sunny,59.6,1
candler_park,2026-02-19,12:00,2026-02-19,0,15,Thursday,False,12,Sunny,59.6,1
candler_park,2026-02-19,14:00,2026-02-12,7,15,Thursday,False,14,Sunny,59.6,1
candler_park,2026-02-19,14:00,2026-02-14,5,15,Thursday,False,14,Sunny,59.6,1
candler_park,2026-02-19,14:00,2026-02-16,3,15,Thursday,False,14,Sunny,59.6,1
candler_park,2026-02-19,14:00,2026-02-17,2,15,Thursday,False,14,Sunny,59.6,1
candler_park,2026-02-19,14:00,2026-02-18,1,15,Thursday,False,14,Sunny,59.6,1
candler_park,2026-02-19,14:00,2026-02-19,0,15,Thursday,False,14,Sunny,59.6,1
candler_park,2026-02-19,16:00,2026-02-12,7,15,Thursday,False,16,Sunny,59.6,1
candler_park,2026-02-19,16:00,2026-02-14,5,15,Thursday,False,16,Sunny,59.6,1
candler_park,2026-02-19,16:00,2026-02-16,3,15,Thursday,False,16,Sunny,59.6,1
candler_park,2026-02-19,16:00,2026-02-17,2,15,Thursday,False,16,Sunny,59.6,1
candler_park,2026-02-19,16:00,2026-02-18,1,15,Thursday,False,16,Sunny,59.6,1
candler_park,2026-02-19,16:00,2026-02-19,0,15,Thursday,False,16,Sunny,59.6,1
candler_park,2026-02-20,07:00,2026-02-13,7,15,Friday,False,7,Partly Cloudy,53.8,23
candler_park,2026-02-20,07:00,2026-02-15,5,15,Friday,False,7,Partly Cloudy,53.8,23
candler_park,2026-02-20,07:00,2026-02-17,3,15,Friday,False,7,Partly Cloudy,53.8,23
candler_park,2026-02-20,07:00,2026-02-18,2,15,Friday,False,7,Partly Cloudy,53.8,23
candler_park,2026-02-20,07:00,2026-02-19,1,15,Friday,False,7,Partly Cloudy,53.8,23
candler_park,2026-02-20,07:00,2026-02-20,0,15,Friday,False,7,Partly Cloudy,53.8,23
candler_park,2026-02-20,08:00,2026-02-13,7,15,Friday,False,8,Partly Cloudy,53.8,23
candler_park,2026-02-20,08:00,2026-02-15,5,15,Friday,False,8,Partly Cloudy,53.8,23
candler_park,2026-02-20,08:00,2026-02-17,3,15,Friday,False,8,Partly Cloudy,53.8,23
candler_park,2026-02-20,08:00,2026-02-18,2,15,Friday,False,8,Partly Cloudy,53.8,23
candler_park,2026-02-20,08:00,2026-02-19,1,15,Friday,False,8,Partly Cloudy,53.8,23
candler_park,2026-02-20,08:00,2026-02-20,0,15,Friday,False,8,Partly Cloudy,53.8,23
candler_park,2026-02-20,09:00,2026-02-13,7,15,Friday,False,9,Partly Cloudy,53.8,23
candler_park,2026-02-20,09:00,2026-02-15,5,15,Friday,False,9,Partly Cloudy,53.8,23
candler_park,2026-02-20,09:00,2026-02-17,3,15,Friday,False,9,Partly Cloudy,53.8,23
candler_park,2026-02-20,09:00,2026-02-18,2,15,Friday,False,9,Partly Cloudy,53.8,23
candler_park,2026-02-20,09:00,2026-02-19,1,15,Friday,False,9,Partly Cloudy,53.8,23
candler_park,2026-02-20,09:00,2026-02-20,0,15,Friday,False,9,Partly Cloudy,53.8,23
candler_park,2026-02-20,10:00,2026-02-13,7,15,Friday,False,10,Partly Cloudy,53.8,23
candler_park,2026-02-20,10:00,2026-02-15,5,15,Friday,False,10,Partly Cloudy,53.8,23
candler_park,2026-02-20,10:00,2026-02-17,3,15,Friday,False,10,Partly Cloudy,53.8,23
candler_park,2026-02-20,10:00,2026-02-18,2,15,Friday,False,10,Partly Cloudy,53.8,23
candler_park,2026-02-20,10:00,2026-02-19,1,15,Friday,False,10,Partly Cloudy,53.8,23
candler_park,2026-02-20,10:00,2026-02-20,0,15,Friday,False,10,Partly Cloudy,53.8,23
candler_park,2026-02-20,12:00,2026-02-13,7,15,Friday,False,12,Partly Cloudy,53.8,23
candler_park,2026-02-20,12:00,2026-02-15,5,15,Friday,False,12,Partly Cloudy,53.8,23
candler_park,2026-02-20,12:00,2026-02-17,3,15,Friday,False,12,Partly Cloudy,53.8,23
candler_park,2026-02-20,12:00,2026-02-18,2,15,Friday,False,12,Partly Cloudy,53.8,23
candler_park,2026-02-20,12:00,2026-02-19,1,15,Friday,False,12,Partly Cloudy,53.8,23
candler_park,2026-02-20,12:00,2026-02-20,0,15,Friday,False,12,Partly Cloudy,53.8,23
candler_park,2026-02-20,14:00,2026-02-13,7,15,Friday,False,14,Partly Cloudy,53.8,23
candler_park,2026-02-20,14:00,2026-02-15,5,15,Friday,False,14,Partly Cloudy,53.8,23
candler_park,2026-02-20,14:00,2026-02-17,3,15,Friday,False,14,Partly Cloudy,53.8,23
candler_park,2026-02-20,14:00,2026-02-18,2,15,Friday,False,14,Partly Cloudy,53.8,23
candler_park,2026-02-20,14:00,2026-02-19,1,15,Friday,False,14,Partly Cloudy,53.8,23
candler_park,2026-02-20,14:00,2026-02-20,0,15,Friday,False,14,Partly Cloudy,53.8,23
candler_park,2026-02-20,16:00,2026-02-13,7,15,Friday,False,16,Partly Cloudy,53.8,23
candler_park,2026-02-20,16:00,2026-02-15,5,15,Friday,False,16,Partly Cloudy,53.8,23
candler_park,2026-02-20,16:00,2026-02-17,3,15,Friday,False,16,Partly Cloudy,53.8,23
candler_park,2026-02-20,16:00,2026-02-18,2,15,Friday,False,16,Partly Cloudy,53.8,23
candler_park,2026-02-20,16:00,2026-02-19,1,15,Friday,False,16,Partly Cloudy,53.8,23
candler_park,2026-02-20,16:00,2026-02-20,0,15,Friday,False,16,Partly Cloudy,53.8,23
candler_park,2026-02-21,07:00,2026-02-11,10,15,Saturday,True,7,Overcast,52.0,60
candler_park,2026-02-21,07:00,2026-02-14,7,15,Saturday,True,7,Overcast,52.0,60
candler_park,2026-02-21,07:00,2026-02-16,5,15,Saturday,True,7,Overcast,52.0,60
candler_park,2026-02-21,07:00,2026-02-18,3,15,Saturday,True,7,Overcast,52.0,60
candler_park,2026-02-21,07:00,2026-02-19,2,15,Saturday,True,7,Overcast,52.0,60
candler_park,2026-02-21,07:00,2026-02-20,1,15,Saturday,True,7,Overcast,52.0,60
candler_park,2026-02-21,07:00,2026-02-21,0,15,Saturday,True,7,Overcast,52.0,60
candler_park,2026-02-21,08:00,2026-02-11,10,15,Saturday,True,8,Overcast,52.0,60
candler_park,2026-02-21,08:00,2026-02-14,7,15,Saturday,True,8,Overcast,52.0,60
candler_park,2026-02-21,08:00,2026-02-16,5,15,Saturday,True,8,Overcast,52.0,60
candler_park,2026-02-21,08:00,2026-02-18,3,15,Saturday,True,8,Overcast,52.0,60
candler_park,2026-02-21,08:00,2026-02-19,2,15,Saturday,True,8,Overcast,52.0,60
candler_park,2026-02-21,08:00,2026-02-20,1,15,Saturday,True,8,Overcast,52.0,60
candler_park,2026-02-21,08:00,2026-02-21,0,15,Saturday,True,8,Overcast,52.0,60
candler_park,2026-02-21,09:00,2026-02-11,10,15,Saturday,True,9,Overcast,52.0,60
candler_park,2026-02-21,09:00,2026-02-14,7,15,Saturday,True,9,Overcast,52.0,60
candler_park,2026-02-21,09:00,2026-02-16,5,15,Saturday,True,9,Overcast,52.0,60
candler_park,2026-02-21,09:00,2026-02-18,3,15,Saturday,True,9,Overcast,52.0,60
candler_park,2026-02-21,09:00,2026-02-19,2,15,Saturday,True,9,Overcast,52.0,60
candler_park,2026-02-21,09:00,2026-02-20,1,15,Saturday,True,9,Overcast,52.0,60
candler_park,2026-02-21,09:00,2026-02-21,0,15,Saturday,True,9,Overcast,52.0,60
candler_park,2026-02-21,10:00,2026-02-11,10,15,Saturday,True,10,Overcast,52.0,60
candler_park,2026-02-21,10:00,2026-02-14,7,15,Saturday,True,10,Overcast,52.0,60
candler_park,2026-02-21,10:00,2026-02-16,5,15,Saturday,True,10,Overcast,52.0,60
candler_park,2026-02-21,10:00,2026-02-18,3,15,Saturday,True,10,Overcast,52.0,60
candler_park,2026-02-21,10:00,2026-02-19,2,15,Saturday,True,10,Overcast,52.0,60
candler_park,2026-02-21,10:00,2026-02-20,1,15,Saturday,True,10,Overcast,52.0,60
candler_park,2026-02-21,10:00,2026-02-21,0,15,Saturday,True,10,Overcast,52.0,60
candler_park,2026-02-21,12:00,2026-02-11,10,15,Saturday,True,12,Overcast,52.0,60
candler_park,2026-02-21,12:00,2026-02-14,7,15,Saturday,True,12,Overcast,52.0,60
candler_park,2026-02-21,12:00,2026-02-16,5,15,Saturday,True,12,Overcast,52.0,60
candler_park,2026-02-21,12:00,2026-02-18,3,15,Saturday,True,12,Overcast,52.0,60
candler_park,2026-02-21,12:00,2026-02-19,2,15,Saturday,True,12,Overcast,52.0,60
candler_park,2026-02-21,12:00,2026-02-20,1,15,Saturday,True,12,Overcast,52.0,60
candler_park,2026-02-21,12:00,2026-02-21,0,15,Saturday,True,12,Overcast,52.0,60
candler_park,2026-02-21,14:00,2026-02-11,10,15,Saturday,True,14,Overcast,52.0,60
candler_park,2026-02-21,14:00,2026-02-14,7,15,Saturday,True,14,Overcast,52.0,60
candler_park,2026-02-21,14:00,2026-02-16,5,15,Saturday,True,14,Overcast,52.0,60
candler_park,2026-02-21,14:00,2026-02-18,3,15,Saturday,True,14,Overcast,52.0,60
candler_park,2026-02-21,14:00,2026-02-19,2,15,Saturday,True,14,Overcast,52.0,60
candler_park,2026-02-21,14:00,2026-02-20,1,15,Saturday,True,14,Overcast,52.0,60
candler_park,2026-02-21,14:00,2026-02-21,0,15,Saturday,True,14,Overcast,52.0,60
candler_park,2026-02-21,16:00,2026-02-11,10,15,Saturday,True,16,Overcast,52.0,60
candler_park,2026-02-21,16:00,2026-02-14,7,15,Saturday,True,16,Overcast,52.0,60
candler_park,2026-02-21,16:00,2026-02-16,5,15,Saturday,True,16,Overcast,52.0,60
candler_park,2026-02-21,16:00,2026-02-18,3,15,Saturday,True,16,Overcast,52.0,60
candler_park,2026-02-21,16:00,2026-02-19,2,15,Saturday,True,16,Overcast,52.0,60
candler_park,2026-02-21,16:00,2026-02-20,1,15,Saturday,True,16,Overcast,52.0,60
candler_park,2026-02-21,16:00,2026-02-21,0,15,Saturday,True,16,Overcast,52.0,60
candler_park,2026-02-22,07:00,2026-02-12,10,15,Sunday,True,7,Sunny,59.8,6
candler_park,2026-02-22,07:00,2026-02-15,7,15,Sunday,True,7,Sunny,59.8,6
candler_park,2026-02-22,07:00,2026-02-17,5,15,Sunday,True,7,Sunny,59.8,6
candler_park,2026-02-22,07:00,2026-02-19,3,15,Sunday,True,7,Sunny,59.8,6
candler_park,2026-02-22,07:00,2026-02-20,2,15,Sunday,True,7,Sunny,59.8,6
candler_park,2026-02-22,07:00,2026-02-21,1,15,Sunday,True,7,Sunny,59.8,6
candler_park,2026-02-22,07:00,2026-02-22,0,15,Sunday,True,7,Sunny,59.8,6
candler_park,2026-02-22,08:00,2026-02-12,10,15,Sunday,True,8,Sunny,59.8,6
candler_park,2026-02-22,08:00,2026-02-15,7,15,Sunday,True,8,Sunny,59.8,6
candler_park,2026-02-22,08:00,2026-02-17,5,15,Sunday,True,8,Sunny,59.8,6
candler_park,2026-02-22,08:00,2026-02-19,3,15,Sunday,True,8,Sunny,59.8,6
candler_park,2026-02-22,08:00,2026-02-20,2,15,Sunday,True,8,Sunny,59.8,6
candler_park,2026-02-22,08:00,2026-02-21,1,15,Sunday,True,8,Sunny,59.8,6
candler_park,2026-02-22,08:00,2026-02-22,0,15,Sunday,True,8,Sunny,59.8,6
candler_park,2026-02-22,09:00,2026-02-12,10,15,Sunday,True,9,Sunny,59.8,6
candler_park,2026-02-22,09:00,2026-02-15,7,15,Sunday,True,9,Sunny,59.8,6
candler_park,2026-02-22,09:00,2026-02-17,5,15,Sunday,True,9,Sunny,59.8,6
candler_park,2026-02-22,09:00,2026-02-19,3,15,Sunday,True,9,Sunny,59.8,6
candler_park,2026-02-22,09:00,2026-02-20,2,15,Sunday,True,9,Sunny,59.8,6
candler_park,2026-02-22,09:00,2026-02-21,1,15,Sunday,True,9,Sunny,59.8,6
candler_park,2026-02-22,09:00,2026-02-22,0,15,Sunday,True,9,Sunny,59.8,6
candler_park,2026-02-22,10:00,2026-02-12,10,15,Sunday,True,10,Sunny,59.8,6
candler_park,2026-02-22,10:00,2026-02-15,7,15,Sunday,True,10,Sunny,59.8,6
candler_park,2026-02-22,10:00,2026-02-17,5,15,Sunday,True,10,Sunny,59.8,6
candler_park,2026-02-22,10:00,2026-02-19,3,15,Sunday,True,10,Sunny,59.8,6
candler_park,2026-02-22,10:00,2026-02-20,2,15,Sunday,True,10,Sunny,59.8,6
candler_park,2026-02-22,10:00,2026-02-21,1,15,Sunday,True,10,Sunny,59.8,6
candler_park,2026-02-22,10:00,2026-02-22,0,15,Sunday,True,10,Sunny,59.8,6
candler_park,2026-02-22,12:00,2026-02-12,10,15,Sunday,True,12,Sunny,59.8,6
candler_park,2026-02-22,12:00,2026-02-15,7,15,Sunday,True,12,Sunny,59.8,6
candler_park,2026-02-22,12:00,2026-02-17,5,15,Sunday,True,12,Sunny,59.8,6
candler_park,2026-02-22,12:00,2026-02-19,3,15,Sunday,True,12,Sunny,59.8,6
candler_park,2026-02-22,12:00,2026-02-20,2,15,Sunday,True,12,Sunny,59.8,6
candler_park,2026-02-22,12:00,2026-02-21,1,15,Sunday,True,12,Sunny,59.8,6
candler_park,2026-02-22,12:00,2026-02-22,0,15,Sunday,True,12,Sunny,59.8,6
candler_park,2026-02-22,14:00,2026-02-12,10,15,Sunday,True,14,Sunny,59.8,6
candler_park,2026-02-22,14:00,2026-02-15,7,15,Sunday,True,14,Sunny,59.8,6
candler_park,2026-02-22,14:00,2026-02-17,5,15,Sunday,True,14,Sunny,59.8,6
candler_park,2026-02-22,14:00,2026-02-19,3,15,Sunday,True,14,Sunny,59.8,6
candler_park,2026-02-22,14:00,2026-02-20,2,15,Sunday,True,14,Sunny,59.8,6
candler_park,2026-02-22,14:00,2026-02-21,1,15,Sunday,True,14,Sunny,59.8,6
candler_park,2026-02-22,14:00,2026-02-22,0,15,Sunday,True,14,Sunny,59.8,6
candler_park,2026-02-22,16:00,2026-02-12,10,15,Sunday,True,16,Sunny,59.8,6
candler_park,2026-02-22,16:00,2026-02-15,7,15,Sunday,True,16,Sunny,59.8,6
candler_park,2026-02-22,16:00,2026-02-17,5,15,Sunday,True,16,Sunny,59.8,6
candler_park,2026-02-22,16:00,2026-02-19,3,15,Sunday,True,16,Sunny,59.8,6
candler_park,2026-02-22,16:00,2026-02-20,2,15,Sunday,True,16,Sunny,59.8,6
candler_park,2026-02-22,16:00,2026-02-21,1,15,Sunday,True,16,Sunny,59.8,6
candler_park,2026-02-22,16:00,2026-02-22,0,15,Sunday,True,16,Sunny,59.8,6
candler_park,2026-02-23,07:00,2026-02-13,10,15,Monday,False,7,Overcast,58.4,53
candler_park,2026-02-23,07:00,2026-02-16,7,15,Monday,False,7,Overcast,58.4,53
candler_park,2026-02-23,07:00,2026-02-18,5,15,Monday,False,7,Overcast,58.4,53
candler_park,2026-02-23,07:00,2026-02-20,3,15,Monday,False,7,Overcast,58.4,53
candler_park,2026-02-23,07:00,2026-02-21,2,15,Monday,False,7,Overcast,58.4,53
candler_park,2026-02-23,07:00,2026-02-22,1,15,Monday,False,7,Overcast,58.4,53
candler_park,2026-02-23,07:00,2026-02-23,0,15,Monday,False,7,Overcast,58.4,53
candler_park,2026-02-23,08:00,2026-02-13,10,15,Monday,False,8,Overcast,58.4,53
candler_park,2026-02-23,08:00,2026-02-16,7,15,Monday,False,8,Overcast,58.4,53
candler_park,2026-02-23,08:00,2026-02-18,5,15,Monday,False,8,Overcast,58.4,53
candler_park,2026-02-23,08:00,2026-02-20,3,15,Monday,False,8,Overcast,58.4,53
candler_park,2026-02-23,08:00,2026-02-21,2,15,Monday,False,8,Overcast,58.4,53
candler_park,2026-02-23,08:00,2026-02-22,1,15,Monday,False,8,Overcast,58.4,53
candler_park,2026-02-23,08:00,2026-02-23,0,15,Monday,False,8,Overcast,58.4,53
candler_park,2026-02-23,09:00,2026-02-13,10,15,Monday,False,9,Overcast,58.4,53
candler_park,2026-02-23,09:00,2026-02-16,7,15,Monday,False,9,Overcast,58.4,53
candler_park,2026-02-23,09:00,2026-02-18,5,15,Monday,False,9,Overcast,58.4,53
candler_park,2026-02-23,09:00,2026-02-20,3,15,Monday,False,9,Overcast,58.4,53
candler_park,2026-02-23,09:00,2026-02-21,2,15,Monday,False,9,Overcast,58.4,53
candler_park,2026-02-23,09:00,2026-02-22,1,15,Monday,False,9,Overcast,58.4,53
candler_park,2026-02-23,09:00,2026-02-23,0,15,Monday,False,9,Overcast,58.4,53
candler_park,2026-02-23,10:00,2026-02-13,10,15,Monday,False,10,Overcast,58.4,53
candler_park,2026-02-23,10:00,2026-02-16,7,15,Monday,False,10,Overcast,58.4,53
candler_park,2026-02-23,10:00,2026-02-18,5,15,Monday,False,10,Overcast,58.4,53
candler_park,2026-02-23,10:00,2026-02-20,3,15,Monday,False,10,Overcast,58.4,53
candler_park,2026-02-23,10:00,2026-02-21,2,15,Monday,False,10,Overcast,58.4,53
candler_park,2026-02-23,10:00,2026-02-22,1,15,Monday,False,10,Overcast,58.4,53
candler_park,2026-02-23,10:00,2026-02-23,0,15,Monday,False,10,Overcast,58.4,53
candler_park,2026-02-23,12:00,2026-02-13,10,15,Monday,False,12,Overcast,58.4,53
candler_park,2026-02-23,12:00,2026-02-16,7,15,Monday,False,12,Overcast,58.4,53
candler_park,2026-02-23,12:00,2026-02-18,5,15,Monday,False,12,Overcast,58.4,53
candler_park,2026-02-23,12:00,2026-02-20,3,15,Monday,False,12,Overcast,58.4,53
candler_park,2026-02-23,12:00,2026-02-21,2,15,Monday,False,12,Overcast,58.4,53
candler_park,2026-02-23,12:00,2026-02-22,1,15,Monday,False,12,Overcast,58.4,53
candler_park,2026-02-23,12:00,2026-02-23,0,15,Monday,False,12,Overcast,58.4,53
candler_park,2026-02-23,14:00,2026-02-13,10,15,Monday,False,14,Overcast,58.4,53
candler_park,2026-02-23,14:00,2026-02-16,7,15,Monday,False,14,Overcast,58.4,53
candler_park,2026-02-23,14:00,2026-02-18,5,15,Monday,False,14,Overcast,58.4,53
candler_park,2026-02-23,14:00,2026-02-20,3,15,Monday,False,14,Overcast,58.4,53
candler_park,2026-02-23,14:00,2026-02-21,2,15,Monday,False,14,Overcast,58.4,53
candler_park,2026-02-23,14:00,2026-02-22,1,15,Monday,False,14,Overcast,58.4,53
candler_park,2026-02-23,14:00,2026-02-23,0,15,Monday,False,14,Overcast,58.4,53
candler_park,2026-02-23,16:00,2026-02-13,10,15,Monday,False,16,Overcast,58.4,53
candler_park,2026-02-23,16:00,2026-02-16,7,15,Monday,False,16,Overcast,58.4,53
candler_park,2026-02-23,16:00,2026-02-18,5,15,Monday,False,16,Overcast,58.4,53
candler_park,2026-02-23,16:00,2026-02-20,3,15,Monday,False,16,Overcast,58.4,53
candler_park,2026-02-23,16:00,2026-02-21,2,15,Monday,False,16,Overcast,58.4,53
candler_park,2026-02-23,16:00,2026-02-22,1,15,Monday,False,16,Overcast,58.4,53
candler_park,2026-02-23,16:00,2026-02-23,0,15,Monday,False,16,Overcast,58.4,53
candler_park,2026-02-24,07:00,2026-02-14,10,15,Tuesday,False,7,Partly Cloudy,55.4,16
candler_park,2026-02-24,07:00,2026-02-17,7,15,Tuesday,False,7,Partly Cloudy,55.4,16
candler_park,2026-02-24,07:00,2026-02-19,5,15,Tuesday,False,7,Partly Cloudy,55.4,16
candler_park,2026-02-24,07:00,2026-02-21,3,15,Tuesday,False,7,Partly Cloudy,55.4,16
candler_park,2026-02-24,07:00,2026-02-22,2,15,Tuesday,False,7,Partly Cloudy,55.4,16
candler_park,2026-02-24,07:00,2026-02-23,1,15,Tuesday,False,7,Partly Cloudy,55.4,16
candler_park,2026-02-24,07:00,2026-02-24,0,15,Tuesday,False,7,Partly Cloudy,55.4,16
candler_park,2026-02-24,08:00,2026-02-14,10,15,Tuesday,False,8,Partly Cloudy,55.4,16
candler_park,2026-02-24,08:00,2026-02-17,7,15,Tuesday,False,8,Partly Cloudy,55.4,16
candler_park,2026-02-24,08:00,2026-02-19,5,15,Tuesday,False,8,Partly Cloudy,55.4,16
candler_park,2026-02-24,08:00,2026-02-21,3,15,Tuesday,False,8,Partly Cloudy,55.4,16
candler_park,2026-02-24,08:00,2026-02-22,2,15,Tuesday,False,8,Partly Cloudy,55.4,16
candler_park,2026-02-24,08:00,2026-02-23,1,15,Tuesday,False,8,Partly Cloudy,55.4,16
candler_park,2026-02-24,08:00,2026-02-24,0,15,Tuesday,False,8,Partly Cloudy,55.4,16
candler_park,2026-02-24,09:00,2026-02-14,10,15,Tuesday,False,9,Partly Cloudy,55.4,16
candler_park,2026-02-24,09:00,2026-02-17,7,15,Tuesday,False,9,Partly Cloudy,55.4,16
candler_park,2026-02-24,09:00,2026-02-19,5,15,Tuesday,False,9,Partly Cloudy,55.4,16
candler_park,2026-02-24,09:00,2026-02-21,3,15,Tuesday,False,9,Partly Cloudy,55.4,16
candler_park,2026-02-24,09:00,2026-02-22,2,15,Tuesday,False,9,Partly Cloudy,55.4,16
candler_park,2026-02-24,09:00,2026-02-23,1,15,Tuesday,False,9,Partly Cloudy,55.4,16
candler_park,2026-02-24,09:00,2026-02-24,0,15,Tuesday,False,9,Partly Cloudy,55.4,16
candler_park,2026-02-24,10:00,2026-02-14,10,15,Tuesday,False,10,Partly Cloudy,55.4,16
candler_park,2026-02-24,10:00,2026-02-17,7,15,Tuesday,False,10,Partly Cloudy,55.4,16
candler_park,2026-02-24,10:00,2026-02-19,5,15,Tuesday,False,10,Partly Cloudy,55.4,16
candler_park,2026-02-24,10:00,2026-02-21,3,15,Tuesday,False,10,Partly Cloudy,55.4,16
candler_park,2026-02-24,10:00,2026-02-22,2,15,Tuesday,False,10,Partly Cloudy,55.4,16
candler_park,2026-02-24,10:00,2026-02-23,1,15,Tuesday,False,10,Partly Cloudy,55.4,16
candler_park,2026-02-24,10:00,2026-02-24,0,15,Tuesday,False,10,Partly Cloudy,55.4,16
candler_park,2026-02-24,12:00,2026-02-14,10,15,Tuesday,False,12,Partly Cloudy,55.4,16
candler_park,2026-02-24,12:00,2026-02-17,7,15,Tuesday,False,12,Partly Cloudy,55.4,16
candler_park,2026-02-24,12:00,2026-02-19,5,15,Tuesday,False,12,Partly Cloudy,55.4,16
candler_park,2026-02-24,12:00,2026-02-21,3,15,Tuesday,False,12,Partly Cloudy,55.4,16
candler_park,2026-02-24,12:00,2026-02-22,2,15,Tuesday,False,12,Partly Cloudy,55.4,16
candler_park,2026-02-24,12:00,2026-02-23,1,15,Tuesday,False,12,Partly Cloudy,55.4,16
candler_park,2026-02-24,12:00,2026-02-24,0,15,Tuesday,False,12,Partly Cloudy,55.4,16
candler_park,2026-02-24,14:00,2026-02-14,10,15,Tuesday,False,14,Partly Cloudy,55.4,16
candler_park,2026-02-24,14:00,2026-02-17,7,15,Tuesday,False,14,Partly Cloudy,55.4,16
candler_park,2026-02-24,14:00,2026-02-19,5,15,Tuesday,False,14,Partly Cloudy,55.4,16
candler_park,2026-02-24,14:00,2026-02-21,3,15,Tuesday,False,14,Partly Cloudy,55.4,16
candler_park,2026-02-24,14:00,2026-02-22,2,15,Tuesday,False,14,Partly Cloudy,55.4,16
candler_park,2026-02-24,14:00,2026-02-23,1,15,Tuesday,False,14,Partly Cloudy,55.4,16
candler_park,2026-02-24,14:00,2026-02-24,0,15,Tuesday,False,14,Partly Cloudy,55.4,16
candler_park,2026-02-24,16:00,2026-02-14,10,15,Tuesday,False,16,Partly Cloudy,55.4,16
candler_park,2026-02-24,16:00,2026-02-17,7,15,Tuesday,False,16,Partly Cloudy,55.4,16
candler_park,2026-02-24,16:00,2026-02-19,5,15,Tuesday,False,16,Partly Cloudy,55.4,16
candler_park,2026-02-24,16:00,2026-02-21,3,15,Tuesday,False,16,Partly Cloudy,55.4,16
candler_park,2026-02-24,16:00,2026-02-22,2,15,Tuesday,False,16,Partly Cloudy,55.4,16
candler_park,2026-02-24,16:00,2026-02-23,1,15,Tuesday,False,16,Partly Cloudy,55.4,16
candler_park,2026-02-24,16:00,2026-02-24,0,15,Tuesday,False,16,Partly Cloudy,55.4,16
candler_park,2026-02-25,07:00,2026-02-11,14,15,Wednesday,False,7,Partly Cloudy,55.4,16
candler_park,2026-02-25,07:00,2026-02-15,10,15,Wednesday,False,7,Partly Cloudy,55.4,16
candler_park,2026-02-25,07:00,2026-02-18,7,15,Wednesday,False,7,Partly Cloudy,55.4,16
candler_park,2026-02-25,07:00,2026-02-20,5,15,Wednesday,False,7,Partly Cloudy,55.4,16
candler_park,2026-02-25,07:00,2026-02-22,3,15,Wednesday,False,7,Partly Cloudy,55.4,16
candler_park,2026-02-25,07:00,2026-02-23,2,15,Wednesday,False,7,Partly Cloudy,55.4,16
candler_park,2026-02-25,07:00,2026-02-24,1,15,Wednesday,False,7,Partly Cloudy,55.4,16
candler_park,2026-02-25,07:00,2026-02-25,0,15,Wednesday,False,7,Partly Cloudy,55.4,16
candler_park,2026-02-25,08:00,2026-02-11,14,15,Wednesday,False,8,Partly Cloudy,55.4,16
candler_park,2026-02-25,08:00,2026-02-15,10,15,Wednesday,False,8,Partly Cloudy,55.4,16
candler_park,2026-02-25,08:00,2026-02-18,7,15,Wednesday,False,8,Partly Cloudy,55.4,16
candler_park,2026-02-25,08:00,2026-02-20,5,15,Wednesday,False,8,Partly Cloudy,55.4,16
candler_park,2026-02-25,08:00,2026-02-22,3,15,Wednesday,False,8,Partly Cloudy,55.4,16
candler_park,2026-02-25,08:00,2026-02-23,2,15,Wednesday,False,8,Partly Cloudy,55.4,16
candler_park,2026-02-25,08:00,2026-02-24,1,15,Wednesday,False,8,Partly Cloudy,55.4,16
candler_park,2026-02-25,08:00,2026-02-25,0,15,Wednesday,False,8,Partly Cloudy,55.4,16
candler_park,2026-02-25,09:00,2026-02-11,14,15,Wednesday,False,9,Partly Cloudy,55.4,16
candler_park,2026-02-25,09:00,2026-02-15,10,15,Wednesday,False,9,Partly Cloudy,55.4,16
candler_park,2026-02-25,09:00,2026-02-18,7,15,Wednesday,False,9,Partly Cloudy,55.4,16
candler_park,2026-02-25,09:00,2026-02-20,5,15,Wednesday,False,9,Partly Cloudy,55.4,16
candler_park,2026-02-25,09:00,2026-02-22,3,15,Wednesday,False,9,Partly Cloudy,55.4,16
candler_park,2026-02-25,09:00,2026-02-23,2,15,Wednesday,False,9,Partly Cloudy,55.4,16
candler_park,2026-02-25,09:00,2026-02-24,1,15,Wednesday,False,9,Partly Cloudy,55.4,16
candler_park,2026-02-25,09:00,2026-02-25,0,15,Wednesday,False,9,Partly Cloudy,55.4,16
candler_park,2026-02-25,10:00,2026-02-11,14,15,Wednesday,False,10,Partly Cloudy,55.4,16
candler_park,2026-02-25,10:00,2026-02-15,10,15,Wednesday,False,10,Partly Cloudy,55.4,16
candler_park,2026-02-25,10:00,2026-02-18,7,15,Wednesday,False,10,Partly Cloudy,55.4,16
candler_park,2026-02-25,10:00,2026-02-20,5,15,Wednesday,False,10,Partly Cloudy,55.4,16
candler_park,2026-02-25,10:00,2026-02-22,3,15,Wednesday,False,10,Partly Cloudy,55.4,16
candler_park,2026-02-25,10:00,2026-02-23,2,15,Wednesday,False,10,Partly Cloudy,55.4,16
candler_park,2026-02-25,10:00,2026-02-24,1,15,Wednesday,False,10,Partly Cloudy,55.4,16
candler_park,2026-02-25,10:00,2026-02-25,0,15,Wednesday,False,10,Partly Cloudy,55.4,16
candler_park,2026-02-25,12:00,2026-02-11,14,15,Wednesday,False,12,Partly Cloudy,55.4,16
candler_park,2026-02-25,12:00,2026-02-15,10,15,Wednesday,False,12,Partly Cloudy,55.4,16
candler_park,2026-02-25,12:00,2026-02-18,7,15,Wednesday,False,12,Partly Cloudy,55.4,16
candler_park,2026-02-25,12:00,2026-02-20,5,15,Wednesday,False,12,Partly Cloudy,55.4,16
candler_park,2026-02-25,12:00,2026-02-22,3,15,Wednesday,False,12,Partly Cloudy,55.4,16
candler_park,2026-02-25,12:00,2026-02-23,2,15,Wednesday,False,12,Partly Cloudy,55.4,16
candler_park,2026-02-25,12:00,2026-02-24,1,15,Wednesday,False,12,Partly Cloudy,55.4,16
candler_park,2026-02-25,12:00,2026-02-25,0,15,Wednesday,False,12,Partly Cloudy,55.4,16
candler_park,2026-02-25,14:00,2026-02-11,14,15,Wednesday,False,14,Partly Cloudy,55.4,16
candler_park,2026-02-25,14:00,2026-02-15,10,15,Wednesday,False,14,Partly Cloudy,55.4,16
candler_park,2026-02-25,14:00,2026-02-18,7,15,Wednesday,False,14,Partly Cloudy,55.4,16
candler_park,2026-02-25,14:00,2026-02-20,5,15,Wednesday,False,14,Partly Cloudy,55.4,16
candler_park,2026-02-25,14:00,2026-02-22,3,15,Wednesday,False,14,Partly Cloudy,55.4,16
candler_park,2026-02-25,14:00,2026-02-23,2,15,Wednesday,False,14,Partly Cloudy,55.4,16
candler_park,2026-02-25,14:00,2026-02-24,1,15,Wednesday,False,14,Partly Cloudy,55.4,16
candler_park,2026-02-25,14:00,2026-02-25,0,15,Wednesday,False,14,Partly Cloudy,55.4,16
candler_park,2026-02-25,16:00,2026-02-11,14,15,Wednesday,False,16,Partly Cloudy,55.4,16
candler_park,2026-02-25,16:00,2026-02-15,10,15,Wednesday,False,16,Partly Cloudy,55.4,16
candler_park,2026-02-25,16:00,2026-02-18,7,15,Wednesday,False,16,Partly Cloudy,55.4,16
candler_park,2026-02-25,16:00,2026-02-20,5,15,Wednesday,False,16,Partly Cloudy,55.4,16
candler_park,2026-02-25,16:00,2026-02-22,3,15,Wednesday,False,16,Partly Cloudy,55.4,16
candler_park,2026-02-25,16:00,2026-02-23,2,15,Wednesday,False,16,Partly Cloudy,55.4,16
candler_park,2026-02-25,16:00,2026-02-24,1,15,Wednesday,False,16,Partly Cloudy,55.4,16
candler_park,2026-02-25,16:00,2026-02-25,0,15,Wednesday,False,16,Partly Cloudy,55.4,16
candler_park,2026-02-26,07:00,2026-02-12,14,15,Thursday,False,7,Sunny,54.5,2
candler_park,2026-02-26,07:00,2026-02-16,10,15,Thursday,False,7,Sunny,54.5,2
candler_park,2026-02-26,07:00,2026-02-19,7,15,Thursday,False,7,Sunny,54.5,2
candler_park,2026-02-26,07:00,2026-02-21,5,15,Thursday,False,7,Sunny,54.5,2
candler_park,2026-02-26,07:00,2026-02-23,3,15,Thursday,False,7,Sunny,54.5,2
candler_park,2026-02-26,07:00,2026-02-24,2,15,Thursday,False,7,Sunny,54.5,2
candler_park,2026-02-26,07:00,2026-02-25,1,15,Thursday,False,7,Sunny,54.5,2
candler_park,2026-02-26,07:00,2026-02-26,0,15,Thursday,False,7,Sunny,54.5,2
candler_park,2026-02-26,08:00,2026-02-12,14,15,Thursday,False,8,Sunny,54.5,2
candler_park,2026-02-26,08:00,2026-02-16,10,15,Thursday,False,8,Sunny,54.5,2
candler_park,2026-02-26,08:00,2026-02-19,7,15,Thursday,False,8,Sunny,54.5,2
candler_park,2026-02-26,08:00,2026-02-21,5,15,Thursday,False,8,Sunny,54.5,2
candler_park,2026-02-26,08:00,2026-02-23,3,15,Thursday,False,8,Sunny,54.5,2
candler_park,2026-02-26,08:00,2026-02-24,2,15,Thursday,False,8,Sunny,54.5,2
candler_park,2026-02-26,08:00,2026-02-25,1,15,Thursday,False,8,Sunny,54.5,2
candler_park,2026-02-26,08:00,2026-02-26,0,15,Thursday,False,8,Sunny,54.5,2
candler_park,2026-02-26,09:00,2026-02-12,14,15,Thursday,False,9,Sunny,54.5,2
candler_park,2026-02-26,09:00,2026-02-16,10,15,Thursday,False,9,Sunny,54.5,2
candler_park,2026-02-26,09:00,2026-02-19,7,15,Thursday,False,9,Sunny,54.5,2
candler_park,2026-02-26,09:00,2026-02-21,5,15,Thursday,False,9,Sunny,54.5,2
candler_park,2026-02-26,09:00,2026-02-23,3,15,Thursday,False,9,Sunny,54.5,2
candler_park,2026-02-26,09:00,2026-02-24,2,15,Thursday,False,9,Sunny,54.5,2
candler_park,2026-02-26,09:00,2026-02-25,1,15,Thursday,False,9,Sunny,54.5,2
candler_park,2026-02-26,09:00,2026-02-26,0,15,Thursday,False,9,Sunny,54.5,2
candler_park,2026-02-26,10:00,2026-02-12,14,15,Thursday,False,10,Sunny,54.5,2
candler_park,2026-02-26,10:00,2026-02-16,10,15,Thursday,False,10,Sunny,54.5,2
candler_park,2026-02-26,10:00,2026-02-19,7,15,Thursday,False,10,Sunny,54.5,2
candler_park,2026-02-26,10:00,2026-02-21,5,15,Thursday,False,10,Sunny,54.5,2
candler_park,2026-02-26,10:00,2026-02-23,3,15,Thursday,False,10,Sunny,54.5,2
candler_park,2026-02-26,10:00,2026-02-24,2,15,Thursday,False,10,Sunny,54.5,2
candler_park,2026-02-26,10:00,2026-02-25,1,15,Thursday,False,10,Sunny,54.5,2
candler_park,2026-02-26,10:00,2026-02-26,0,15,Thursday,False,10,Sunny,54.5,2
candler_park,2026-02-26,12:00,2026-02-12,14,15,Thursday,False,12,Sunny,54.5,2
candler_park,2026-02-26,12:00,2026-02-16,10,15,Thursday,False,12,Sunny,54.5,2
candler_park,2026-02-26,12:00,2026-02-19,7,15,Thursday,False,12,Sunny,54.5,2
candler_park,2026-02-26,12:00,2026-02-21,5,15,Thursday,False,12,Sunny,54.5,2
candler_park,2026-02-26,12:00,2026-02-23,3,15,Thursday,False,12,Sunny,54.5,2
candler_park,2026-02-26,12:00,2026-02-24,2,15,Thursday,False,12,Sunny,54.5,2
candler_park,2026-02-26,12:00,2026-02-25,1,15,Thursday,False,12,Sunny,54.5,2
candler_park,2026-02-26,12:00,2026-02-26,0,15,Thursday,False,12,Sunny,54.5,2
candler_park,2026-02-26,14:00,2026-02-12,14,15,Thursday,False,14,Sunny,54.5,2
candler_park,2026-02-26,14:00,2026-02-16,10,15,Thursday,False,14,Sunny,54.5,2
candler_park,2026-02-26,14:00,2026-02-19,7,15,Thursday,False,14,Sunny,54.5,2
candler_park,2026-02-26,14:00,2026-02-21,5,15,Thursday,False,14,Sunny,54.5,2
candler_park,2026-02-26,14:00,2026-02-23,3,15,Thursday,False,14,Sunny,54.5,2
candler_park,2026-02-26,14:00,2026-02-24,2,15,Thursday,False,14,Sunny,54.5,2
candler_park,2026-02-26,14:00,2026-02-25,1,15,Thursday,False,14,Sunny,54.5,2
candler_park,2026-02-26,14:00,2026-02-26,0,15,Thursday,False,14,Sunny,54.5,2
candler_park,2026-02-26,16:00,2026-02-12,14,15,Thursday,False,16,Sunny,54.5,2
candler_park,2026-02-26,16:00,2026-02-16,10,15,Thursday,False,16,Sunny,54.5,2
candler_park,2026-02-26,16:00,2026-02-19,7,15,Thursday,False,16,Sunny,54.5,2
candler_park,2026-02-26,16:00,2026-02-21,5,15,Thursday,False,16,Sunny,54.5,2
candler_park,2026-02-26,16:00,2026-02-23,3,15,Thursday,False,16,Sunny,54.5,2
candler_park,2026-02-26,16:00,2026-02-24,2,15,Thursday,False,16,Sunny,54.5,2
candler_park,2026-02-26,16:00,2026-02-25,1,15,Thursday,False,16,Sunny,54.5,2
candler_park,2026-02-26,16:00,2026-02-26,0,15,Thursday,False,16,Sunny,54.5,2
candler_park,2026-02-27,07:00,2026-02-13,14,15,Friday,False,7,Sunny,58.0,10
candler_park,2026-02-27,07:00,2026-02-17,10,15,Friday,False,7,Sunny,58.0,10
candler_park,2026-02-27,07:00,2026-02-20,7,15,Friday,False,7,Sunny,58.0,10
candler_park,2026-02-27,07:00,2026-02-22,5,15,Friday,False,7,Sunny,58.0,10
candler_park,2026-02-27,07:00,2026-02-24,3,15,Friday,False,7,Sunny,58.0,10
candler_park,2026-02-27,07:00,2026-02-25,2,15,Friday,False,7,Sunny,58.0,10
candler_park,2026-02-27,07:00,2026-02-26,1,15,Friday,False,7,Sunny,58.0,10
candler_park,2026-02-27,07:00,2026-02-27,0,15,Friday,False,7,Sunny,58.0,10
candler_park,2026-02-27,08:00,2026-02-13,14,15,Friday,False,8,Sunny,58.0,10
candler_park,2026-02-27,08:00,2026-02-17,10,15,Friday,False,8,Sunny,58.0,10
candler_park,2026-02-27,08:00,2026-02-20,7,15,Friday,False,8,Sunny,58.0,10
candler_park,2026-02-27,08:00,2026-02-22,5,15,Friday,False,8,Sunny,58.0,10
candler_park,2026-02-27,08:00,2026-02-24,3,15,Friday,False,8,Sunny,58.0,10
candler_park,2026-02-27,08:00,2026-02-25,2,15,Friday,False,8,Sunny,58.0,10
candler_park,2026-02-27,08:00,2026-02-26,1,15,Friday,False,8,Sunny,58.0,10
candler_park,2026-02-27,08:00,2026-02-27,0,15,Friday,False,8,Sunny,58.0,10
candler_park,2026-02-27,09:00,2026-02-13,14,15,Friday,False,9,Sunny,58.0,10
candler_park,2026-02-27,09:00,2026-02-17,10,15,Friday,False,9,Sunny,58.0,10
candler_park,2026-02-27,09:00,2026-02-20,7,15,Friday,False,9,Sunny,58.0,10
candler_park,2026-02-27,09:00,2026-02-22,5,15,Friday,False,9,Sunny,58.0,10
candler_park,2026-02-27,09:00,2026-02-24,3,15,Friday,False,9,Sunny,58.0,10
candler_park,2026-02-27,09:00,2026-02-25,2,15,Friday,False,9,Sunny,58.0,10
candler_park,2026-02-27,09:00,2026-02-26,1,15,Friday,False,9,Sunny,58.0,10
candler_park,2026-02-27,09:00,2026-02-27,0,15,Friday,False,9,Sunny,58.0,10
candler_park,2026-02-27,10:00,2026-02-13,14,15,Friday,False,10,Sunny,58.0,10
candler_park,2026-02-27,10:00,2026-02-17,10,15,Friday,False,10,Sunny,58.0,10
candler_park,2026-02-27,10:00,2026-02-20,7,15,Friday,False,10,Sunny,58.0,10
candler_park,2026-02-27,10:00,2026-02-22,5,15,Friday,False,10,Sunny,58.0,10
candler_park,2026-02-27,10:00,2026-02-24,3,15,Friday,False,10,Sunny,58.0,10
candler_park,2026-02-27,10:00,2026-02-25,2,15,Friday,False,10,Sunny,58.0,10
candler_park,2026-02-27,10:00,2026-02-26,1,15,Friday,False,10,Sunny,58.0,10
candler_park,2026-02-27,10:00,2026-02-27,0,15,Friday,False,10,Sunny,58.0,10
candler_park,2026-02-27,12:00,2026-02-13,14,15,Friday,False,12,Sunny,58.0,10
candler_park,2026-02-27,12:00,2026-02-17,10,15,Friday,False,12,Sunny,58.0,10
candler_park,2026-02-27,12:00,2026-02-20,7,15,Friday,False,12,Sunny,58.0,10
candler_park,2026-02-27,12:00,2026-02-22,5,15,Friday,False,12,Sunny,58.0,10
candler_park,2026-02-27,12:00,2026-02-24,3,15,Friday,False,12,Sunny,58.0,10
candler_park,2026-02-27,12:00,2026-02-25,2,15,Friday,False,12,Sunny,58.0,10
candler_park,2026-02-27,12:00,2026-02-26,1,15,Friday,False,12,Sunny,58.0,10
candler_park,2026-02-27,12:00,2026-02-27,0,15,Friday,False,12,Sunny,58.0,10
candler_park,2026-02-27,14:00,2026-02-13,14,15,Friday,False,14,Sunny,58.0,10
candler_park,2026-02-27,14:00,2026-02-17,10,15,Friday,False,14,Sunny,58.0,10
candler_park,2026-02-27,14:00,2026-02-20,7,15,Friday,False,14,Sunny,58.0,10
candler_park,2026-02-27,14:00,2026-02-22,5,15,Friday,False,14,Sunny,58.0,10
candler_park,2026-02-27,14:00,2026-02-24,3,15,Friday,False,14,Sunny,58.0,10
candler_park,2026-02-27,14:00,2026-02-25,2,15,Friday,False,14,Sunny,58.0,10
candler_park,2026-02-27,14:00,2026-02-26,1,15,Friday,False,14,Sunny,58.0,10
candler_park,2026-02-27,14:00,2026-02-27,0,15,Friday,False,14,Sunny,58.0,10
candler_park,2026-02-27,16:00,2026-02-13,14,15,Friday,False,16,Sunny,58.0,10
candler_park,2026-02-27,16:00,2026-02-17,10,15,Friday,False,16,Sunny,58.0,10
candler_park,2026-02-27,16:00,2026-02-20,7,15,Friday,False,16,Sunny,58.0,10
candler_park,2026-02-27,16:00,2026-02-22,5,15,Friday,False,16,Sunny,58.0,10
candler_park,2026-02-27,16:00,2026-02-24,3,15,Friday,False,16,Sunny,58.0,10
candler_park,2026-02-27,16:00,2026-02-25,2,15,Friday,False,16,Sunny,58.0,10
candler_park,2026-02-27,16:00,2026-02-26,1,15,Friday,False,16,Sunny,58.0,10
candler_park,2026-02-27,16:00,2026-02-27,0,15,Friday,False,16,Sunny,58.0,10
candler_park,2026-02-28,07:00,2026-02-14,14,15,Saturday,True,7,Sunny,60.0,5
candler_park,2026-02-28,07:00,2026-02-18,10,15,Saturday,True,7,Sunny,60.0,5
candler_park,2026-02-28,07:00,2026-02-21,7,15,Saturday,True,7,Sunny,60.0,5
candler_park,2026-02-28,07:00,2026-02-23,5,15,Saturday,True,7,Sunny,60.0,5
candler_park,2026-02-28,07:00,2026-02-25,3,15,Saturday,True,7,Sunny,60.0,5
candler_park,2026-02-28,07:00,2026-02-26,2,15,Saturday,True,7,Sunny,60.0,5
candler_park,2026-02-28,07:00,2026-02-27,1,15,Saturday,True,7,Sunny,60.0,5
candler_park,2026-02-28,07:00,2026-02-28,0,15,Saturday,True,7,Sunny,60.0,5
candler_park,2026-02-28,08:00,2026-02-14,14,15,Saturday,True,8,Sunny,60.0,5
candler_park,2026-02-28,08:00,2026-02-18,10,15,Saturday,True,8,Sunny,60.0,5
candler_park,2026-02-28,08:00,2026-02-21,7,15,Saturday,True,8,Sunny,60.0,5
candler_park,2026-02-28,08:00,2026-02-23,5,15,Saturday,True,8,Sunny,60.0,5
candler_park,2026-02-28,08:00,2026-02-25,3,15,Saturday,True,8,Sunny,60.0,5
candler_park,2026-02-28,08:00,2026-02-26,2,15,Saturday,True,8,Sunny,60.0,5
candler_park,2026-02-28,08:00,2026-02-27,1,15,Saturday,True,8,Sunny,60.0,5
candler_park,2026-02-28,08:00,2026-02-28,0,15,Saturday,True,8,Sunny,60.0,5
candler_park,2026-02-28,09:00,2026-02-14,14,15,Saturday,True,9,Sunny,60.0,5
candler_park,2026-02-28,09:00,2026-02-18,10,15,Saturday,True,9,Sunny,60.0,5
candler_park,2026-02-28,09:00,2026-02-21,7,15,Saturday,True,9,Sunny,60.0,5
candler_park,2026-02-28,09:00,2026-02-23,5,15,Saturday,True,9,Sunny,60.0,5
candler_park,2026-02-28,09:00,2026-02-25,3,15,Saturday,True,9,Sunny,60.0,5
candler_park,2026-02-28,09:00,2026-02-26,2,15,Saturday,True,9,Sunny,60.0,5
candler_park,2026-02-28,09:00,2026-02-27,1,15,Saturday,True,9,Sunny,60.0,5
candler_park,2026-02-28,09:00,2026-02-28,0,15,Saturday,True,9,Sunny,60.0,5
candler_park,2026-02-28,10:00,2026-02-14,14,15,Saturday,True,10,Sunny,60.0,5
candler_park,2026-02-28,10:00,2026-02-18,10,15,Saturday,True,10,Sunny,60.0,5
candler_park,2026-02-28,10:00,2026-02-21,7,15,Saturday,True,10,Sunny,60.0,5
candler_park,2026-02-28,10:00,2026-02-23,5,15,Saturday,True,10,Sunny,60.0,5
candler_park,2026-02-28,10:00,2026-02-25,3,15,Saturday,True,10,Sunny,60.0,5
candler_park,2026-02-28,10:00,2026-02-26,2,15,Saturday,True,10,Sunny,60.0,5
candler_park,2026-02-28,10:00,2026-02-27,1,15,Saturday,True,10,Sunny,60.0,5
candler_park,2026-02-28,10:00,2026-02-28,0,15,Saturday,True,10,Sunny,60.0,5
candler_park,2026-02-28,12:00,2026-02-14,14,15,Saturday,True,12,Sunny,60.0,5
candler_park,2026-02-28,12:00,2026-02-18,10,15,Saturday,True,12,Sunny,60.0,5
candler_park,2026-02-28,12:00,2026-02-21,7,15,Saturday,True,12,Sunny,60.0,5
candler_park,2026-02-28,12:00,2026-02-23,5,15,Saturday,True,12,Sunny,60.0,5
candler_park,2026-02-28,12:00,2026-02-25,3,15,Saturday,True,12,Sunny,60.0,5
candler_park,2026-02-28,12:00,2026-02-26,2,15,Saturday,True,12,Sunny,60.0,5
candler_park,2026-02-28,12:00,2026-02-27,1,15,Saturday,True,12,Sunny,60.0,5
candler_park,2026-02-28,12:00,2026-02-28,0,15,Saturday,True,12,Sunny,60.0,5
candler_park,2026-02-28,14:00,2026-02-14,14,15,Saturday,True,14,Sunny,60.0,5
candler_park,2026-02-28,14:00,2026-02-18,10,15,Saturday,True,14,Sunny,60.0,5
candler_park,2026-02-28,14:00,2026-02-21,7,15,Saturday,True,14,Sunny,60.0,5
candler_park,2026-02-28,14:00,2026-02-23,5,15,Saturday,True,14,Sunny,60.0,5
candler_park,2026-02-28,14:00,2026-02-25,3,15,Saturday,True,14,Sunny,60.0,5
candler_park,2026-02-28,14:00,2026-02-26,2,15,Saturday,True,14,Sunny,60.0,5
candler_park,2026-02-28,14:00,2026-02-27,1,15,Saturday,True,14,Sunny,60.0,5
candler_park,2026-02-28,14:00,2026-02-28,0,15,Saturday,True,14,Sunny,60.0,5
candler_park,2026-02-28,16:00,2026-02-14,14,15,Saturday,True,16,Sunny,60.0,5
candler_park,2026-02-28,16:00,2026-02-18,10,15,Saturday,True,16,Sunny,60.0,5
candler_park,2026-02-28,16:00,2026-02-21,7,15,Saturday,True,16,Sunny,60.0,5
candler_park,2026-02-28,16:00,2026-02-23,5,15,Saturday,True,16,Sunny,60.0,5
candler_park,2026-02-28,16:00,2026-02-25,3,15,Saturday,True,16,Sunny,60.0,5
candler_park,2026-02-28,16:00,2026-02-26,2,15,Saturday,True,16,Sunny,60.0,5
candler_park,2026-02-28,16:00,2026-02-27,1,15,Saturday,True,16,Sunny,60.0,5
candler_park,2026-02-28,16:00,2026-02-28,0,15,Saturday,True,16,Sunny,60.0,5
candler_park,2026-03-01,07:00,2026-02-15,14,15,Sunday,True,7,Sunny,64.9,0
candler_park,2026-03-01,07:00,2026-02-19,10,15,Sunday,True,7,Sunny,64.9,0
candler_park,2026-03-01,07:00,2026-02-22,7,15,Sunday,True,7,Sunny,64.9,0
candler_park,2026-03-01,07:00,2026-02-24,5,15,Sunday,True,7,Sunny,64.9,0
candler_park,2026-03-01,07:00,2026-02-26,3,15,Sunday,True,7,Sunny,64.9,0
candler_park,2026-03-01,07:00,2026-02-27,2,15,Sunday,True,7,Sunny,64.9,0
candler_park,2026-03-01,07:00,2026-02-28,1,15,Sunday,True,7,Sunny,64.9,0
candler_park,2026-03-01,07:00,2026-03-01,0,15,Sunday,True,7,Sunny,64.9,0
candler_park,2026-03-01,08:00,2026-02-15,14,15,Sunday,True,8,Sunny,64.9,0
candler_park,2026-03-01,08:00,2026-02-19,10,15,Sunday,True,8,Sunny,64.9,0
candler_park,2026-03-01,08:00,2026-02-22,7,15,Sunday,True,8,Sunny,64.9,0
candler_park,2026-03-01,08:00,2026-02-24,5,15,Sunday,True,8,Sunny,64.9,0
candler_park,2026-03-01,08:00,2026-02-26,3,15,Sunday,True,8,Sunny,64.9,0
candler_park,2026-03-01,08:00,2026-02-27,2,15,Sunday,True,8,Sunny,64.9,0
candler_park,2026-03-01,08:00,2026-02-28,1,15,Sunday,True,8,Sunny,64.9,0
candler_park,2026-03-01,08:00,2026-03-01,0,15,Sunday,True,8,Sunny,64.9,0
candler_park,2026-03-01,09:00,2026-02-15,14,15,Sunday,True,9,Sunny,64.9,0
candler_park,2026-03-01,09:00,2026-02-19,10,15,Sunday,True,9,Sunny,64.9,0
candler_park,2026-03-01,09:00,2026-02-22,7,15,Sunday,True,9,Sunny,64.9,0
candler_park,2026-03-01,09:00,2026-02-24,5,15,Sunday,True,9,Sunny,64.9,0
candler_park,2026-03-01,09:00,2026-02-26,3,15,Sunday,True,9,Sunny,64.9,0
candler_park,2026-03-01,09:00,2026-02-27,2,15,Sunday,True,9,Sunny,64.9,0
candler_park,2026-03-01,09:00,2026-02-28,1,15,Sunday,True,9,Sunny,64.9,0
candler_park,2026-03-01,09:00,2026-03-01,0,15,Sunday,True,9,Sunny,64.9,0
candler_park,2026-03-01,10:00,2026-02-15,14,15,Sunday,True,10,Sunny,64.9,0
candler_park,2026-03-01,10:00,2026-02-19,10,15,Sunday,True,10,Sunny,64.9,0
candler_park,2026-03-01,10:00,2026-02-22,7,15,Sunday,True,10,Sunny,64.9,0
candler_park,2026-03-01,10:00,2026-02-24,5,15,Sunday,True,10,Sunny,64.9,0
candler_park,2026-03-01,10:00,2026-02-26,3,15,Sunday,True,10,Sunny,64.9,0
candler_park,2026-03-01,10:00,2026-02-27,2,15,Sunday,True,10,Sunny,64.9,0
candler_park,2026-03-01,10:00,2026-02-28,1,15,Sunday,True,10,Sunny,64.9,0
candler_park,2026-03-01,10:00,2026-03-01,0,15,Sunday,True,10,Sunny,64.9,0
candler_park,2026-03-01,12:00,2026-02-15,14,15,Sunday,True,12,Sunny,64.9,0
candler_park,2026-03-01,12:00,2026-02-19,10,15,Sunday,True,12,Sunny,64.9,0
candler_park,2026-03-01,12:00,2026-02-22,7,15,Sunday,True,12,Sunny,64.9,0
candler_park,2026-03-01,12:00,2026-02-24,5,15,Sunday,True,12,Sunny,64.9,0
candler_park,2026-03-01,12:00,2026-02-26,3,15,Sunday,True,12,Sunny,64.9,0
candler_park,2026-03-01,12:00,2026-02-27,2,15,Sunday,True,12,Sunny,64.9,0
candler_park,2026-03-01,12:00,2026-02-28,1,15,Sunday,True,12,Sunny,64.9,0
candler_park,2026-03-01,12:00,2026-03-01,0,15,Sunday,True,12,Sunny,64.9,0
candler_park,2026-03-01,14:00,2026-02-15,14,15,Sunday,True,14,Sunny,64.9,0
candler_park,2026-03-01,14:00,2026-02-19,10,15,Sunday,True,14,Sunny,64.9,0
candler_park,2026-03-01,14:00,2026-02-22,7,15,Sunday,True,14,Sunny,64.9,0
candler_park,2026-03-01,14:00,2026-02-24,5,15,Sunday,True,14,Sunny,64.9,0
candler_park,2026-03-01,14:00,2026-02-26,3,15,Sunday,True,14,Sunny,64.9,0
candler_park,2026-03-01,14:00,2026-02-27,2,15,Sunday,True,14,Sunny,64.9,0
candler_park,2026-03-01,14:00,2026-02-28,1,15,Sunday,True,14,Sunny,64.9,0
candler_park,2026-03-01,14:00,2026-03-01,0,15,Sunday,True,14,Sunny,64.9,0
candler_park,2026-03-01,16:00,2026-02-15,14,15,Sunday,True,16,Sunny,64.9,0
candler_park,2026-03-01,16:00,2026-02-19,10,15,Sunday,True,16,Sunny,64.9,0
candler_park,2026-03-01,16:00,2026-02-22,7,15,Sunday,True,16,Sunny,64.9,0
candler_park,2026-03-01,16:00,2026-02-24,5,15,Sunday,True,16,Sunny,64.9,0
candler_park,2026-03-01,16:00,2026-02-26,3,15,Sunday,True,16,Sunny,64.9,0
candler_park,2026-03-01,16:00,2026-02-27,2,15,Sunday,True,16,Sunny,64.9,0
candler_park,2026-03-01,16:00,2026-02-28,1,15,Sunday,True,16,Sunny,64.9,0
candler_park,2026-03-01,16:00,2026-03-01,0,15,Sunday,True,16,Sunny,64.9,0
candler_park,2026-03-02,07:00,2026-02-16,14,15,Monday,False,7,Sunny,66.5,8
candler_park,2026-03-02,07:00,2026-02-20,10,15,Monday,False,7,Sunny,66.5,8
candler_park,2026-03-02,07:00,2026-02-23,7,15,Monday,False,7,Sunny,66.5,8
candler_park,2026-03-02,07:00,2026-02-25,5,15,Monday,False,7,Sunny,66.5,8
candler_park,2026-03-02,07:00,2026-02-27,3,15,Monday,False,7,Sunny,66.5,8
candler_park,2026-03-02,07:00,2026-02-28,2,15,Monday,False,7,Sunny,66.5,8
candler_park,2026-03-02,07:00,2026-03-01,1,15,Monday,False,7,Sunny,66.5,8
candler_park,2026-03-02,07:00,2026-03-02,0,15,Monday,False,7,Sunny,66.5,8
candler_park,2026-03-02,08:00,2026-02-16,14,15,Monday,False,8,Sunny,66.5,8
candler_park,2026-03-02,08:00,2026-02-20,10,15,Monday,False,8,Sunny,66.5,8
candler_park,2026-03-02,08:00,2026-02-23,7,15,Monday,False,8,Sunny,66.5,8
candler_park,2026-03-02,08:00,2026-02-25,5,15,Monday,False,8,Sunny,66.5,8
candler_park,2026-03-02,08:00,2026-02-27,3,15,Monday,False,8,Sunny,66.5,8
candler_park,2026-03-02,08:00,2026-02-28,2,15,Monday,False,8,Sunny,66.5,8
candler_park,2026-03-02,08:00,2026-03-01,1,15,Monday,False,8,Sunny,66.5,8
candler_park,2026-03-02,08:00,2026-03-02,0,15,Monday,False,8,Sunny,66.5,8
candler_park,2026-03-02,09:00,2026-02-16,14,15,Monday,False,9,Sunny,66.5,8
candler_park,2026-03-02,09:00,2026-02-20,10,15,Monday,False,9,Sunny,66.5,8
candler_park,2026-03-02,09:00,2026-02-23,7,15,Monday,False,9,Sunny,66.5,8
candler_park,2026-03-02,09:00,2026-02-25,5,15,Monday,False,9,Sunny,66.5,8
candler_park,2026-03-02,09:00,2026-02-27,3,15,Monday,False,9,Sunny,66.5,8
candler_park,2026-03-02,09:00,2026-02-28,2,15,Monday,False,9,Sunny,66.5,8
candler_park,2026-03-02,09:00,2026-03-01,1,15,Monday,False,9,Sunny,66.5,8
candler_park,2026-03-02,09:00,2026-03-02,0,15,Monday,False,9,Sunny,66.5,8
candler_park,2026-03-02,10:00,2026-02-16,14,15,Monday,False,10,Sunny,66.5,8
candler_park,2026-03-02,10:00,2026-02-20,10,15,Monday,False,10,Sunny,66.5,8
candler_park,2026-03-02,10:00,2026-02-23,7,15,Monday,False,10,Sunny,66.5,8
candler_park,2026-03-02,10:00,2026-02-25,5,15,Monday,False,10,Sunny,66.5,8
candler_park,2026-03-02,10:00,2026-02-27,3,15,Monday,False,10,Sunny,66.5,8
candler_park,2026-03-02,10:00,2026-02-28,2,15,Monday,False,10,Sunny,66.5,8
candler_park,2026-03-02,10:00,2026-03-01,1,15,Monday,False,10,Sunny,66.5,8
candler_park,2026-03-02,10:00,2026-03-02,0,15,Monday,False,10,Sunny,66.5,8
candler_park,2026-03-02,12:00,2026-02-16,14,15,Monday,False,12,Sunny,66.5,8
candler_park,2026-03-02,12:00,2026-02-20,10,15,Monday,False,12,Sunny,66.5,8
candler_park,2026-03-02,12:00,2026-02-23,7,15,Monday,False,12,Sunny,66.5,8
candler_park,2026-03-02,12:00,2026-02-25,5,15,Monday,False,12,Sunny,66.5,8
candler_park,2026-03-02,12:00,2026-02-27,3,15,Monday,False,12,Sunny,66.5,8
candler_park,2026-03-02,12:00,2026-02-28,2,15,Monday,False,12,Sunny,66.5,8
candler_park,2026-03-02,12:00,2026-03-01,1,15,Monday,False,12,Sunny,66.5,8
candler_park,2026-03-02,12:00,2026-03-02,0,15,Monday,False,12,Sunny,66.5,8
candler_park,2026-03-02,14:00,2026-02-16,14,15,Monday,False,14,Sunny,66.5,8
candler_park,2026-03-02,14:00,2026-02-20,10,15,Monday,False,14,Sunny,66.5,8
candler_park,2026-03-02,14:00,2026-02-23,7,15,Monday,False,14,Sunny,66.5,8
candler_park,2026-03-02,14:00,2026-02-25,5,15,Monday,False,14,Sunny,66.5,8
candler_park,2026-03-02,14:00,2026-02-27,3,15,Monday,False,14,Sunny,66.5,8
candler_park,2026-03-02,14:00,2026-02-28,2,15,Monday,False,14,Sunny,66.5,8
candler_park,2026-03-02,14:00,2026-03-01,1,15,Monday,False,14,Sunny,66.5,8
candler_park,2026-03-02,14:00,2026-03-02,0,15,Monday,False,14,Sunny,66.5,8
candler_park,2026-03-02,16:00,2026-02-16,14,15,Monday,False,16,Sunny,66.5,8
candler_park,2026-03-02,16:00,2026-02-20,10,15,Monday,False,16,Sunny,66.5,8
candler_park,2026-03-02,16:00,2026-02-23,7,15,Monday,False,16,Sunny,66.5,8
candler_park,2026-03-02,16:00,2026-02-25,5,15,Monday,False,16,Sunny,66.5,8
candler_park,2026-03-02,16:00,2026-02-27,3,15,Monday,False,16,Sunny,66.5,8
candler_park,2026-03-02,16:00,2026-02-28,2,15,Monday,False,16,Sunny,66.5,8
candler_park,2026-03-02,16:00,2026-03-01,1,15,Monday,False,16,Sunny,66.5,8
candler_park,2026-03-02,16:00,2026-03-02,0,15,Monday,False,16,Sunny,66.5,8
candler_park,2026-03-03,07:00,2026-02-17,14,15,Tuesday,False,7,Sunny,69.0,4
candler_park,2026-03-03,07:00,2026-02-21,10,15,Tuesday,False,7,Sunny,69.0,4
candler_park,2026-03-03,07:00,2026-02-24,7,15,Tuesday,False,7,Sunny,69.0,4
candler_park,2026-03-03,07:00,2026-02-26,5,15,Tuesday,False,7,Sunny,69.0,4
candler_park,2026-03-03,07:00,2026-02-28,3,15,Tuesday,False,7,Sunny,69.0,4
candler_park,2026-03-03,07:00,2026-03-01,2,15,Tuesday,False,7,Sunny,69.0,4
candler_park,2026-03-03,07:00,2026-03-02,1,15,Tuesday,False,7,Sunny,69.0,4
candler_park,2026-03-03,07:00,2026-03-03,0,15,Tuesday,False,7,Sunny,69.0,4
candler_park,2026-03-03,08:00,2026-02-17,14,15,Tuesday,False,8,Sunny,69.0,4
candler_park,2026-03-03,08:00,2026-02-21,10,15,Tuesday,False,8,Sunny,69.0,4
candler_park,2026-03-03,08:00,2026-02-24,7,15,Tuesday,False,8,Sunny,69.0,4
candler_park,2026-03-03,08:00,2026-02-26,5,15,Tuesday,False,8,Sunny,69.0,4
candler_park,2026-03-03,08:00,2026-02-28,3,15,Tuesday,False,8,Sunny,69.0,4
candler_park,2026-03-03,08:00,2026-03-01,2,15,Tuesday,False,8,Sunny,69.0,4
candler_park,2026-03-03,08:00,2026-03-02,1,15,Tuesday,False,8,Sunny,69.0,4
candler_park,2026-03-03,08:00,2026-03-03,0,15,Tuesday,False,8,Sunny,69.0,4
candler_park,2026-03-03,09:00,2026-02-17,14,15,Tuesday,False,9,Sunny,69.0,4
candler_park,2026-03-03,09:00,2026-02-21,10,15,Tuesday,False,9,Sunny,69.0,4
candler_park,2026-03-03,09:00,2026-02-24,7,15,Tuesday,False,9,Sunny,69.0,4
candler_park,2026-03-03,09:00,2026-02-26,5,15,Tuesday,False,9,Sunny,69.0,4
candler_park,2026-03-03,09:00,2026-02-28,3,15,Tuesday,False,9,Sunny,69.0,4
candler_park,2026-03-03,09:00,2026-03-01,2,15,Tuesday,False,9,Sunny,69.0,4
candler_park,2026-03-03,09:00,2026-03-02,1,15,Tuesday,False,9,Sunny,69.0,4
candler_park,2026-03-03,09:00,2026-03-03,0,15,Tuesday,False,9,Sunny,69.0,4
candler_park,2026-03-03,10:00,2026-02-17,14,15,Tuesday,False,10,Sunny,69.0,4
candler_park,2026-03-03,10:00,2026-02-21,10,15,Tuesday,False,10,Sunny,69.0,4
candler_park,2026-03-03,10:00,2026-02-24,7,15,Tuesday,False,10,Sunny,69.0,4
candler_park,2026-03-03,10:00,2026-02-26,5,15,Tuesday,False,10,Sunny,69.0,4
candler_park,2026-03-03,10:00,2026-02-28,3,15,Tuesday,False,10,Sunny,69.0,4
candler_park,2026-03-03,10:00,2026-03-01,2,15,Tuesday,False,10,Sunny,69.0,4
candler_park,2026-03-03,10:00,2026-03-02,1,15,Tuesday,False,10,Sunny,69.0,4
candler_park,2026-03-03,10:00,2026-03-03,0,15,Tuesday,False,10,Sunny,69.0,4
candler_park,2026-03-03,12:00,2026-02-17,14,15,Tuesday,False,12,Sunny,69.0,4
candler_park,2026-03-03,12:00,2026-02-21,10,15,Tuesday,False,12,Sunny,69.0,4
candler_park,2026-03-03,12:00,2026-02-24,7,15,Tuesday,False,12,Sunny,69.0,4
candler_park,2026-03-03,12:00,2026-02-26,5,15,Tuesday,False,12,Sunny,69.0,4
candler_park,2026-03-03,12:00,2026-02-28,3,15,Tuesday,False,12,Sunny,69.0,4
candler_park,2026-03-03,12:00,2026-03-01,2,15,Tuesday,False,12,Sunny,69.0,4
candler_park,2026-03-03,12:00,2026-03-02,1,15,Tuesday,False,12,Sunny,69.0,4
candler_park,2026-03-03,12:00,2026-03-03,0,15,Tuesday,False,12,Sunny,69.0,4
candler_park,2026-03-03,14:00,2026-02-17,14,15,Tuesday,False,14,Sunny,69.0,4
candler_park,2026-03-03,14:00,2026-02-21,10,15,Tuesday,False,14,Sunny,69.0,4
candler_park,2026-03-03,14:00,2026-02-24,7,15,Tuesday,False,14,Sunny,69.0,4
candler_park,2026-03-03,14:00,2026-02-26,5,15,Tuesday,False,14,Sunny,69.0,4
candler_park,2026-03-03,14:00,2026-02-28,3,15,Tuesday,False,14,Sunny,69.0,4
candler_park,2026-03-03,14:00,2026-03-01,2,15,Tuesday,False,14,Sunny,69.0,4
candler_park,2026-03-03,14:00,2026-03-02,1,15,Tuesday,False,14,Sunny,69.0,4
candler_park,2026-03-03,14:00,2026-03-03,0,15,Tuesday,False,14,Sunny,69.0,4
candler_park,2026-03-03,16:00,2026-02-17,14,15,Tuesday,False,16,Sunny,69.0,4
candler_park,2026-03-03,16:00,2026-02-21,10,15,Tuesday,False,16,Sunny,69.0,4
candler_park,2026-03-03,16:00,2026-02-24,7,15,Tuesday,False,16,Sunny,69.0,4
candler_park,2026-03-03,16:00,2026-02-26,5,15,Tuesday,False,16,Sunny,69.0,4
candler_park,2026-03-03,16:00,2026-02-28,3,15,Tuesday,False,16,Sunny,69.0,4
candler_park,2026-03-03,16:00,2026-03-01,2,15,Tuesday,False,16,Sunny,69.0,4
candler_park,2026-03-03,16:00,2026-03-02,1,15,Tuesday,False,16,Sunny,69.0,4
candler_park,2026-03-03,16:00,2026-03-03,0,15,Tuesday,False,16,Sunny,69.0,4
candler_park,2026-03-04,07:00,2026-02-18,14,15,Wednesday,False,7,Sunny,60.0,0
candler_park,2026-03-04,07:00,2026-02-22,10,15,Wednesday,False,7,Sunny,60.0,0
candler_park,2026-03-04,07:00,2026-02-25,7,15,Wednesday,False,7,Sunny,60.0,0
candler_park,2026-03-04,07:00,2026-02-27,5,15,Wednesday,False,7,Sunny,60.0,0
candler_park,2026-03-04,07:00,2026-03-01,3,15,Wednesday,False,7,Sunny,60.0,0
candler_park,2026-03-04,07:00,2026-03-02,2,15,Wednesday,False,7,Sunny,60.0,0
candler_park,2026-03-04,07:00,2026-03-03,1,15,Wednesday,False,7,Sunny,60.0,0
candler_park,2026-03-04,07:00,2026-03-04,0,15,Wednesday,False,7,Sunny,60.0,0
candler_park,2026-03-04,08:00,2026-02-18,14,15,Wednesday,False,8,Sunny,60.0,0
candler_park,2026-03-04,08:00,2026-02-22,10,15,Wednesday,False,8,Sunny,60.0,0
candler_park,2026-03-04,08:00,2026-02-25,7,15,Wednesday,False,8,Sunny,60.0,0
candler_park,2026-03-04,08:00,2026-02-27,5,15,Wednesday,False,8,Sunny,60.0,0
candler_park,2026-03-04,08:00,2026-03-01,3,15,Wednesday,False,8,Sunny,60.0,0
candler_park,2026-03-04,08:00,2026-03-02,2,15,Wednesday,False,8,Sunny,60.0,0
candler_park,2026-03-04,08:00,2026-03-03,1,15,Wednesday,False,8,Sunny,60.0,0
candler_park,2026-03-04,08:00,2026-03-04,0,15,Wednesday,False,8,Sunny,60.0,0
candler_park,2026-03-04,09:00,2026-02-18,14,15,Wednesday,False,9,Sunny,60.0,0
candler_park,2026-03-04,09:00,2026-02-22,10,15,Wednesday,False,9,Sunny,60.0,0
candler_park,2026-03-04,09:00,2026-02-25,7,15,Wednesday,False,9,Sunny,60.0,0
candler_park,2026-03-04,09:00,2026-02-27,5,15,Wednesday,False,9,Sunny,60.0,0
candler_park,2026-03-04,09:00,2026-03-01,3,15,Wednesday,False,9,Sunny,60.0,0
candler_park,2026-03-04,09:00,2026-03-02,2,15,Wednesday,False,9,Sunny,60.0,0
candler_park,2026-03-04,09:00,2026-03-03,1,15,Wednesday,False,9,Sunny,60.0,0
candler_park,2026-03-04,09:00,2026-03-04,0,15,Wednesday,False,9,Sunny,60.0,0
candler_park,2026-03-04,10:00,2026-02-18,14,15,Wednesday,False,10,Sunny,60.0,0
candler_park,2026-03-04,10:00,2026-02-22,10,15,Wednesday,False,10,Sunny,60.0,0
candler_park,2026-03-04,10:00,2026-02-25,7,15,Wednesday,False,10,Sunny,60.0,0
candler_park,2026-03-04,10:00,2026-02-27,5,15,Wednesday,False,10,Sunny,60.0,0
candler_park,2026-03-04,10:00,2026-03-01,3,15,Wednesday,False,10,Sunny,60.0,0
candler_park,2026-03-04,10:00,2026-03-02,2,15,Wednesday,False,10,Sunny,60.0,0
candler_park,2026-03-04,10:00,2026-03-03,1,15,Wednesday,False,10,Sunny,60.0,0
candler_park,2026-03-04,10:00,2026-03-04,0,15,Wednesday,False,10,Sunny,60.0,0
candler_park,2026-03-04,12:00,2026-02-18,14,15,Wednesday,False,12,Sunny,60.0,0
candler_park,2026-03-04,12:00,2026-02-22,10,15,Wednesday,False,12,Sunny,60.0,0
candler_park,2026-03-04,12:00,2026-02-25,7,15,Wednesday,False,12,Sunny,60.0,0
candler_park,2026-03-04,12:00,2026-02-27,5,15,Wednesday,False,12,Sunny,60.0,0
candler_park,2026-03-04,12:00,2026-03-01,3,15,Wednesday,False,12,Sunny,60.0,0
candler_park,2026-03-04,12:00,2026-03-02,2,15,Wednesday,False,12,Sunny,60.0,0
candler_park,2026-03-04,12:00,2026-03-03,1,15,Wednesday,False,12,Sunny,60.0,0
candler_park,2026-03-04,12:00,2026-03-04,0,15,Wednesday,False,12,Sunny,60.0,0
candler_park,2026-03-04,14:00,2026-02-18,14,15,Wednesday,False,14,Sunny,60.0,0
candler_park,2026-03-04,14:00,2026-02-22,10,15,Wednesday,False,14,Sunny,60.0,0
candler_park,2026-03-04,14:00,2026-02-25,7,15,Wednesday,False,14,Sunny,60.0,0
candler_park,2026-03-04,14:00,2026-02-27,5,15,Wednesday,False,14,Sunny,60.0,0
candler_park,2026-03-04,14:00,2026-03-01,3,15,Wednesday,False,14,Sunny,60.0,0
candler_park,2026-03-04,14:00,2026-03-02,2,15,Wednesday,False,14,Sunny,60.0,0
candler_park,2026-03-04,14:00,2026-03-03,1,15,Wednesday,False,14,Sunny,60.0,0
candler_park,2026-03-04,14:00,2026-03-04,0,15,Wednesday,False,14,Sunny,60.0,0
candler_park,2026-03-04,16:00,2026-02-18,14,15,Wednesday,False,16,Sunny,60.0,0
candler_park,2026-03-04,16:00,2026-02-22,10,15,Wednesday,False,16,Sunny,60.0,0
candler_park,2026-03-04,16:00,2026-02-25,7,15,Wednesday,False,16,Sunny,60.0,0
candler_park,2026-03-04,16:00,2026-02-27,5,15,Wednesday,False,16,Sunny,60.0,0
candler_park,2026-03-04,16:00,2026-03-01,3,15,Wednesday,False,16,Sunny,60.0,0
candler_park,2026-03-04,16:00,2026-03-02,2,15,Wednesday,False,16,Sunny,60.0,0
candler_park,2026-03-04,16:00,2026-03-03,1,15,Wednesday,False,16,Sunny,60.0,0
candler_park,2026-03-04,16:00,2026-03-04,0,15,Wednesday,False,16,Sunny,60.0,0
candler_park,2026-03-05,07:00,2026-02-19,14,15,Thursday,False,7,Sunny,57.2,10
candler_park,2026-03-05,07:00,2026-02-23,10,15,Thursday,False,7,Sunny,57.2,10
candler_park,2026-03-05,07:00,2026-02-26,7,15,Thursday,False,7,Sunny,57.2,10
candler_park,2026-03-05,07:00,2026-02-28,5,15,Thursday,False,7,Sunny,57.2,10
candler_park,2026-03-05,07:00,2026-03-02,3,15,Thursday,False,7,Sunny,57.2,10
candler_park,2026-03-05,07:00,2026-03-03,2,15,Thursday,False,7,Sunny,57.2,10
candler_park,2026-03-05,07:00,2026-03-04,1,15,Thursday,False,7,Sunny,57.2,10
candler_park,2026-03-05,07:00,2026-03-05,0,15,Thursday,False,7,Sunny,57.2,10
candler_park,2026-03-05,08:00,2026-02-19,14,15,Thursday,False,8,Sunny,57.2,10
candler_park,2026-03-05,08:00,2026-02-23,10,15,Thursday,False,8,Sunny,57.2,10
candler_park,2026-03-05,08:00,2026-02-26,7,15,Thursday,False,8,Sunny,57.2,10
candler_park,2026-03-05,08:00,2026-02-28,5,15,Thursday,False,8,Sunny,57.2,10
candler_park,2026-03-05,08:00,2026-03-02,3,15,Thursday,False,8,Sunny,57.2,10
candler_park,2026-03-05,08:00,2026-03-03,2,15,Thursday,False,8,Sunny,57.2,10
candler_park,2026-03-05,08:00,2026-03-04,1,15,Thursday,False,8,Sunny,57.2,10
candler_park,2026-03-05,08:00,2026-03-05,0,15,Thursday,False,8,Sunny,57.2,10
candler_park,2026-03-05,09:00,2026-02-19,14,15,Thursday,False,9,Sunny,57.2,10
candler_park,2026-03-05,09:00,2026-02-23,10,15,Thursday,False,9,Sunny,57.2,10
candler_park,2026-03-05,09:00,2026-02-26,7,15,Thursday,False,9,Sunny,57.2,10
candler_park,2026-03-05,09:00,2026-02-28,5,15,Thursday,False,9,Sunny,57.2,10
candler_park,2026-03-05,09:00,2026-03-02,3,15,Thursday,False,9,Sunny,57.2,10
candler_park,2026-03-05,09:00,2026-03-03,2,15,Thursday,False,9,Sunny,57.2,10
candler_park,2026-03-05,09:00,2026-03-04,1,15,Thursday,False,9,Sunny,57.2,10
candler_park,2026-03-05,09:00,2026-03-05,0,15,Thursday,False,9,Sunny,57.2,10
candler_park,2026-03-05,10:00,2026-02-19,14,15,Thursday,False,10,Sunny,57.2,10
candler_park,2026-03-05,10:00,2026-02-23,10,15,Thursday,False,10,Sunny,57.2,10
candler_park,2026-03-05,10:00,2026-02-26,7,15,Thursday,False,10,Sunny,57.2,10
candler_park,2026-03-05,10:00,2026-02-28,5,15,Thursday,False,10,Sunny,57.2,10
candler_park,2026-03-05,10:00,2026-03-02,3,15,Thursday,False,10,Sunny,57.2,10
candler_park,2026-03-05,10:00,2026-03-03,2,15,Thursday,False,10,Sunny,57.2,10
candler_park,2026-03-05,10:00,2026-03-04,1,15,Thursday,False,10,Sunny,57.2,10
candler_park,2026-03-05,10:00,2026-03-05,0,15,Thursday,False,10,Sunny,57.2,10
candler_park,2026-03-05,12:00,2026-02-19,14,15,Thursday,False,12,Sunny,57.2,10
candler_park,2026-03-05,12:00,2026-02-23,10,15,Thursday,False,12,Sunny,57.2,10
candler_park,2026-03-05,12:00,2026-02-26,7,15,Thursday,False,12,Sunny,57.2,10
candler_park,2026-03-05,12:00,2026-02-28,5,15,Thursday,False,12,Sunny,57.2,10
candler_park,2026-03-05,12:00,2026-03-02,3,15,Thursday,False,12,Sunny,57.2,10
candler_park,2026-03-05,12:00,2026-03-03,2,15,Thursday,False,12,Sunny,57.2,10
candler_park,2026-03-05,12:00,2026-03-04,1,15,Thursday,False,12,Sunny,57.2,10
candler_park,2026-03-05,12:00,2026-03-05,0,15,Thursday,False,12,Sunny,57.2,10
candler_park,2026-03-05,14:00,2026-02-19,14,15,Thursday,False,14,Sunny,57.2,10
candler_park,2026-03-05,14:00,2026-02-23,10,15,Thursday,False,14,Sunny,57.2,10
candler_park,2026-03-05,14:00,2026-02-26,7,15,Thursday,False,14,Sunny,57.2,10
candler_park,2026-03-05,14:00,2026-02-28,5,15,Thursday,False,14,Sunny,57.2,10
candler_park,2026-03-05,14:00,2026-03-02,3,15,Thursday,False,14,Sunny,57.2,10
candler_park,2026-03-05,14:00,2026-03-03,2,15,Thursday,False,14,Sunny,57.2,10
candler_park,2026-03-05,14:00,2026-03-04,1,15,Thursday,False,14,Sunny,57.2,10
candler_park,2026-03-05,14:00,2026-03-05,0,15,Thursday,False,14,Sunny,57.2,10
candler_park,2026-03-05,16:00,2026-02-19,14,15,Thursday,False,16,Sunny,57.2,10
candler_park,2026-03-05,16:00,2026-02-23,10,15,Thursday,False,16,Sunny,57.2,10
candler_park,2026-03-05,16:00,2026-02-26,7,15,Thursday,False,16,Sunny,57.2,10
candler_park,2026-03-05,16:00,2026-02-28,5,15,Thursday,False,16,Sunny,57.2,10
candler_park,2026-03-05,16:00,2026-03-02,3,15,Thursday,False,16,Sunny,57.2,10
candler_park,2026-03-05,16:00,2026-03-03,2,15,Thursday,False,16,Sunny,57.2,10
candler_park,2026-03-05,16:00,2026-03-04,1,15,Thursday,False,16,Sunny,57.2,10
candler_park,2026-03-05,16:00,2026-03-05,0,15,Thursday,False,16,Sunny,57.2,10
candler_park,2026-03-06,07:00,2026-02-20,14,15,Friday,False,7,Overcast,61.1,54
candler_park,2026-03-06,07:00,2026-02-24,10,15,Friday,False,7,Overcast,61.1,54
candler_park,2026-03-06,07:00,2026-02-27,7,15,Friday,False,7,Overcast,61.1,54
candler_park,2026-03-06,07:00,2026-03-01,5,15,Friday,False,7,Overcast,61.1,54
candler_park,2026-03-06,07:00,2026-03-03,3,15,Friday,False,7,Overcast,61.1,54
candler_park,2026-03-06,07:00,2026-03-04,2,15,Friday,False,7,Overcast,61.1,54
candler_park,2026-03-06,07:00,2026-03-05,1,15,Friday,False,7,Overcast,61.1,54
candler_park,2026-03-06,07:00,2026-03-06,0,15,Friday,False,7,Overcast,61.1,54
candler_park,2026-03-06,08:00,2026-02-20,14,15,Friday,False,8,Overcast,61.1,54
candler_park,2026-03-06,08:00,2026-02-24,10,15,Friday,False,8,Overcast,61.1,54
candler_park,2026-03-06,08:00,2026-02-27,7,15,Friday,False,8,Overcast,61.1,54
candler_park,2026-03-06,08:00,2026-03-01,5,15,Friday,False,8,Overcast,61.1,54
candler_park,2026-03-06,08:00,2026-03-03,3,15,Friday,False,8,Overcast,61.1,54
candler_park,2026-03-06,08:00,2026-03-04,2,15,Friday,False,8,Overcast,61.1,54
candler_park,2026-03-06,08:00,2026-03-05,1,15,Friday,False,8,Overcast,61.1,54
candler_park,2026-03-06,08:00,2026-03-06,0,15,Friday,False,8,Overcast,61.1,54
candler_park,2026-03-06,09:00,2026-02-20,14,15,Friday,False,9,Overcast,61.1,54
candler_park,2026-03-06,09:00,2026-02-24,10,15,Friday,False,9,Overcast,61.1,54
candler_park,2026-03-06,09:00,2026-02-27,7,15,Friday,False,9,Overcast,61.1,54
candler_park,2026-03-06,09:00,2026-03-01,5,15,Friday,False,9,Overcast,61.1,54
candler_park,2026-03-06,09:00,2026-03-03,3,15,Friday,False,9,Overcast,61.1,54
candler_park,2026-03-06,09:00,2026-03-04,2,15,Friday,False,9,Overcast,61.1,54
candler_park,2026-03-06,09:00,2026-03-05,1,15,Friday,False,9,Overcast,61.1,54
candler_park,2026-03-06,09:00,2026-03-06,0,15,Friday,False,9,Overcast,61.1,54
candler_park,2026-03-06,10:00,2026-02-20,14,15,Friday,False,10,Overcast,61.1,54
candler_park,2026-03-06,10:00,2026-02-24,10,15,Friday,False,10,Overcast,61.1,54
candler_park,2026-03-06,10:00,2026-02-27,7,15,Friday,False,10,Overcast,61.1,54
candler_park,2026-03-06,10:00,2026-03-01,5,15,Friday,False,10,Overcast,61.1,54
candler_park,2026-03-06,10:00,2026-03-03,3,15,Friday,False,10,Overcast,61.1,54
candler_park,2026-03-06,10:00,2026-03-04,2,15,Friday,False,10,Overcast,61.1,54
candler_park,2026-03-06,10:00,2026-03-05,1,15,Friday,False,10,Overcast,61.1,54
candler_park,2026-03-06,10:00,2026-03-06,0,15,Friday,False,10,Overcast,61.1,54
candler_park,2026-03-06,12:00,2026-02-20,14,15,Friday,False,12,Overcast,61.1,54
candler_park,2026-03-06,12:00,2026-02-24,10,15,Friday,False,12,Overcast,61.1,54
candler_park,2026-03-06,12:00,2026-02-27,7,15,Friday,False,12,Overcast,61.1,54
candler_park,2026-03-06,12:00,2026-03-01,5,15,Friday,False,12,Overcast,61.1,54
candler_park,2026-03-06,12:00,2026-03-03,3,15,Friday,False,12,Overcast,61.1,54
candler_park,2026-03-06,12:00,2026-03-04,2,15,Friday,False,12,Overcast,61.1,54
candler_park,2026-03-06,12:00,2026-03-05,1,15,Friday,False,12,Overcast,61.1,54
candler_park,2026-03-06,12:00,2026-03-06,0,15,Friday,False,12,Overcast,61.1,54
candler_park,2026-03-06,14:00,2026-02-20,14,15,Friday,False,14,Overcast,61.1,54
candler_park,2026-03-06,14:00,2026-02-24,10,15,Friday,False,14,Overcast,61.1,54
candler_park,2026-03-06,14:00,2026-02-27,7,15,Friday,False,14,Overcast,61.1,54
candler_park,2026-03-06,14:00,2026-03-01,5,15,Friday,False,14,Overcast,61.1,54
candler_park,2026-03-06,14:00,2026-03-03,3,15,Friday,False,14,Overcast,61.1,54
candler_park,2026-03-06,14:00,2026-03-04,2,15,Friday,False,14,Overcast,61.1,54
candler_park,2026-03-06,14:00,2026-03-05,1,15,Friday,False,14,Overcast,61.1,54
candler_park,2026-03-06,14:00,2026-03-06,0,15,Friday,False,14,Overcast,61.1,54
candler_park,2026-03-06,16:00,2026-02-20,14,15,Friday,False,16,Overcast,61.1,54
candler_park,2026-03-06,16:00,2026-02-24,10,15,Friday,False,16,Overcast,61.1,54
candler_park,2026-03-06,16:00,2026-02-27,7,15,Friday,False,16,Overcast,61.1,54
candler_park,2026-03-06,16:00,2026-03-01,5,15,Friday,False,16,Overcast,61.1,54
candler_park,2026-03-06,16:00,2026-03-03,3,15,Friday,False,16,Overcast,61.1,54
candler_park,2026-03-06,16:00,2026-03-04,2,15,Friday,False,16,Overcast,61.1,54
candler_park,2026-03-06,16:00,2026-03-05,1,15,Friday,False,16,Overcast,61.1,54
candler_park,2026-03-06,16:00,2026-03-06,0,15,Friday,False,16,Overcast,61.1,54
candler_park,2026-03-07,07:00,2026-02-21,14,15,Saturday,True,7,Sunny,65.9,4
candler_park,2026-03-07,07:00,2026-02-25,10,15,Saturday,True,7,Sunny,65.9,4
candler_park,2026-03-07,07:00,2026-02-28,7,15,Saturday,True,7,Sunny,65.9,4
candler_park,2026-03-07,07:00,2026-03-02,5,15,Saturday,True,7,Sunny,65.9,4
candler_park,2026-03-07,07:00,2026-03-04,3,15,Saturday,True,7,Sunny,65.9,4
candler_park,2026-03-07,07:00,2026-03-05,2,15,Saturday,True,7,Sunny,65.9,4
candler_park,2026-03-07,07:00,2026-03-06,1,15,Saturday,True,7,Sunny,65.9,4
candler_park,2026-03-07,07:00,2026-03-07,0,15,Saturday,True,7,Sunny,65.9,4
candler_park,2026-03-07,08:00,2026-02-21,14,15,Saturday,True,8,Sunny,65.9,4
candler_park,2026-03-07,08:00,2026-02-25,10,15,Saturday,True,8,Sunny,65.9,4
candler_park,2026-03-07,08:00,2026-02-28,7,15,Saturday,True,8,Sunny,65.9,4
candler_park,2026-03-07,08:00,2026-03-02,5,15,Saturday,True,8,Sunny,65.9,4
candler_park,2026-03-07,08:00,2026-03-04,3,15,Saturday,True,8,Sunny,65.9,4
candler_park,2026-03-07,08:00,2026-03-05,2,15,Saturday,True,8,Sunny,65.9,4
candler_park,2026-03-07,08:00,2026-03-06,1,15,Saturday,True,8,Sunny,65.9,4
candler_park,2026-03-07,08:00,2026-03-07,0,15,Saturday,True,8,Sunny,65.9,4
candler_park,2026-03-07,09:00,2026-02-21,14,15,Saturday,True,9,Sunny,65.9,4
candler_park,2026-03-07,09:00,2026-02-25,10,15,Saturday,True,9,Sunny,65.9,4
candler_park,2026-03-07,09:00,2026-02-28,7,15,Saturday,True,9,Sunny,65.9,4
candler_park,2026-03-07,09:00,2026-03-02,5,15,Saturday,True,9,Sunny,65.9,4
candler_park,2026-03-07,09:00,2026-03-04,3,15,Saturday,True,9,Sunny,65.9,4
candler_park,2026-03-07,09:00,2026-03-05,2,15,Saturday,True,9,Sunny,65.9,4
candler_park,2026-03-07,09:00,2026-03-06,1,15,Saturday,True,9,Sunny,65.9,4
candler_park,2026-03-07,09:00,2026-03-07,0,15,Saturday,True,9,Sunny,65.9,4
candler_park,2026-03-07,10:00,2026-02-21,14,15,Saturday,True,10,Sunny,65.9,4
candler_park,2026-03-07,10:00,2026-02-25,10,15,Saturday,True,10,Sunny,65.9,4
candler_park,2026-03-07,10:00,2026-02-28,7,15,Saturday,True,10,Sunny,65.9,4
candler_park,2026-03-07,10:00,2026-03-02,5,15,Saturday,True,10,Sunny,65.9,4
candler_park,2026-03-07,10:00,2026-03-04,3,15,Saturday,True,10,Sunny,65.9,4
candler_park,2026-03-07,10:00,2026-03-05,2,15,Saturday,True,10,Sunny,65.9,4
candler_park,2026-03-07,10:00,2026-03-06,1,15,Saturday,True,10,Sunny,65.9,4
candler_park,2026-03-07,10:00,2026-03-07,0,15,Saturday,True,10,Sunny,65.9,4
candler_park,2026-03-07,12:00,2026-02-21,14,15,Saturday,True,12,Sunny,65.9,4
candler_park,2026-03-07,12:00,2026-02-25,10,15,Saturday,True,12,Sunny,65.9,4
candler_park,2026-03-07,12:00,2026-02-28,7,15,Saturday,True,12,Sunny,65.9,4
candler_park,2026-03-07,12:00,2026-03-02,5,15,Saturday,True,12,Sunny,65.9,4
candler_park,2026-03-07,12:00,2026-03-04,3,15,Saturday,True,12,Sunny,65.9,4
candler_park,2026-03-07,12:00,2026-03-05,2,15,Saturday,True,12,Sunny,65.9,4
candler_park,2026-03-07,12:00,2026-03-06,1,15,Saturday,True,12,Sunny,65.9,4
candler_park,2026-03-07,12:00,2026-03-07,0,15,Saturday,True,12,Sunny,65.9,4
candler_park,2026-03-07,14:00,2026-02-21,14,15,Saturday,True,14,Sunny,65.9,4
candler_park,2026-03-07,14:00,2026-02-25,10,15,Saturday,True,14,Sunny,65.9,4
candler_park,2026-03-07,14:00,2026-02-28,7,15,Saturday,True,14,Sunny,65.9,4
candler_park,2026-03-07,14:00,2026-03-02,5,15,Saturday,True,14,Sunny,65.9,4
candler_park,2026-03-07,14:00,2026-03-04,3,15,Saturday,True,14,Sunny,65.9,4
candler_park,2026-03-07,14:00,2026-03-05,2,15,Saturday,True,14,Sunny,65.9,4
candler_park,2026-03-07,14:00,2026-03-06,1,15,Saturday,True,14,Sunny,65.9,4
candler_park,2026-03-07,14:00,2026-03-07,0,15,Saturday,True,14,Sunny,65.9,4
candler_park,2026-03-07,16:00,2026-02-21,14,15,Saturday,True,16,Sunny,65.9,4
candler_park,2026-03-07,16:00,2026-02-25,10,15,Saturday,True,16,Sunny,65.9,4
candler_park,2026-03-07,16:00,2026-02-28,7,15,Saturday,True,16,Sunny,65.9,4
candler_park,2026-03-07,16:00,2026-03-02,5,15,Saturday,True,16,Sunny,65.9,4
candler_park,2026-03-07,16:00,2026-03-04,3,15,Saturday,True,16,Sunny,65.9,4
candler_park,2026-03-07,16:00,2026-03-05,2,15,Saturday,True,16,Sunny,65.9,4
candler_park,2026-03-07,16:00,2026-03-06,1,15,Saturday,True,16,Sunny,65.9,4
candler_park,2026-03-07,16:00,2026-03-07,0,15,Saturday,True,16,Sunny,65.9,4
candler_park,2026-03-08,07:00,2026-02-22,14,15,Sunday,True,7,Sunny,66.5,11
candler_park,2026-03-08,07:00,2026-02-26,10,15,Sunday,True,7,Sunny,66.5,11
candler_park,2026-03-08,07:00,2026-03-01,7,15,Sunday,True,7,Sunny,66.5,11
candler_park,2026-03-08,07:00,2026-03-03,5,15,Sunday,True,7,Sunny,66.5,11
candler_park,2026-03-08,07:00,2026-03-05,3,15,Sunday,True,7,Sunny,66.5,11
candler_park,2026-03-08,07:00,2026-03-06,2,15,Sunday,True,7,Sunny,66.5,11
candler_park,2026-03-08,07:00,2026-03-07,1,15,Sunday,True,7,Sunny,66.5,11
candler_park,2026-03-08,07:00,2026-03-08,0,15,Sunday,True,7,Sunny,66.5,11
candler_park,2026-03-08,08:00,2026-02-22,14,15,Sunday,True,8,Sunny,66.5,11
candler_park,2026-03-08,08:00,2026-02-26,10,15,Sunday,True,8,Sunny,66.5,11
candler_park,2026-03-08,08:00,2026-03-01,7,15,Sunday,True,8,Sunny,66.5,11
candler_park,2026-03-08,08:00,2026-03-03,5,15,Sunday,True,8,Sunny,66.5,11
candler_park,2026-03-08,08:00,2026-03-05,3,15,Sunday,True,8,Sunny,66.5,11
candler_park,2026-03-08,08:00,2026-03-06,2,15,Sunday,True,8,Sunny,66.5,11
candler_park,2026-03-08,08:00,2026-03-07,1,15,Sunday,True,8,Sunny,66.5,11
candler_park,2026-03-08,08:00,2026-03-08,0,15,Sunday,True,8,Sunny,66.5,11
candler_park,2026-03-08,09:00,2026-02-22,14,15,Sunday,True,9,Sunny,66.5,11
candler_park,2026-03-08,09:00,2026-02-26,10,15,Sunday,True,9,Sunny,66.5,11
candler_park,2026-03-08,09:00,2026-03-01,7,15,Sunday,True,9,Sunny,66.5,11
candler_park,2026-03-08,09:00,2026-03-03,5,15,Sunday,True,9,Sunny,66.5,11
candler_park,2026-03-08,09:00,2026-03-05,3,15,Sunday,True,9,Sunny,66.5,11
candler_park,2026-03-08,09:00,2026-03-06,2,15,Sunday,True,9,Sunny,66.5,11
candler_park,2026-03-08,09:00,2026-03-07,1,15,Sunday,True,9,Sunny,66.5,11
candler_park,2026-03-08,09:00,2026-03-08,0,15,Sunday,True,9,Sunny,66.5,11
candler_park,2026-03-08,10:00,2026-02-22,14,15,Sunday,True,10,Sunny,66.5,11
candler_park,2026-03-08,10:00,2026-02-26,10,15,Sunday,True,10,Sunny,66.5,11
candler_park,2026-03-08,10:00,2026-03-01,7,15,Sunday,True,10,Sunny,66.5,11
candler_park,2026-03-08,10:00,2026-03-03,5,15,Sunday,True,10,Sunny,66.5,11
candler_park,2026-03-08,10:00,2026-03-05,3,15,Sunday,True,10,Sunny,66.5,11
candler_park,2026-03-08,10:00,2026-03-06,2,15,Sunday,True,10,Sunny,66.5,11
candler_park,2026-03-08,10:00,2026-03-07,1,15,Sunday,True,10,Sunny,66.5,11
candler_park,2026-03-08,10:00,2026-03-08,0,15,Sunday,True,10,Sunny,66.5,11
candler_park,2026-03-08,12:00,2026-02-22,14,15,Sunday,True,12,Sunny,66.5,11
candler_park,2026-03-08,12:00,2026-02-26,10,15,Sunday,True,12,Sunny,66.5,11
candler_park,2026-03-08,12:00,2026-03-01,7,15,Sunday,True,12,Sunny,66.5,11
candler_park,2026-03-08,12:00,2026-03-03,5,15,Sunday,True,12,Sunny,66.5,11
candler_park,2026-03-08,12:00,2026-03-05,3,15,Sunday,True,12,Sunny,66.5,11
candler_park,2026-03-08,12:00,2026-03-06,2,15,Sunday,True,12,Sunny,66.5,11
candler_park,2026-03-08,12:00,2026-03-07,1,15,Sunday,True,12,Sunny,66.5,11
candler_park,2026-03-08,12:00,2026-03-08,0,15,Sunday,True,12,Sunny,66.5,11
candler_park,2026-03-08,14:00,2026-02-22,14,15,Sunday,True,14,Sunny,66.5,11
candler_park,2026-03-08,14:00,2026-02-26,10,15,Sunday,True,14,Sunny,66.5,11
candler_park,2026-03-08,14:00,2026-03-01,7,15,Sunday,True,14,Sunny,66.5,11
candler_park,2026-03-08,14:00,2026-03-03,5,15,Sunday,True,14,Sunny,66.5,11
candler_park,2026-03-08,14:00,2026-03-05,3,15,Sunday,True,14,Sunny,66.5,11
candler_park,2026-03-08,14:00,2026-03-06,2,15,Sunday,True,14,Sunny,66.5,11
candler_park,2026-03-08,14:00,2026-03-07,1,15,Sunday,True,14,Sunny,66.5,11
candler_park,2026-03-08,14:00,2026-03-08,0,15,Sunday,True,14,Sunny,66.5,11
candler_park,2026-03-08,16:00,2026-02-22,14,15,Sunday,True,16,Sunny,66.5,11
candler_park,2026-03-08,16:00,2026-02-26,10,15,Sunday,True,16,Sunny,66.5,11
candler_park,2026-03-08,16:00,2026-03-01,7,15,Sunday,True,16,Sunny,66.5,11
candler_park,2026-03-08,16:00,2026-03-03,5,15,Sunday,True,16,Sunny,66.5,11
candler_park,2026-03-08,16:00,2026-03-05,3,15,Sunday,True,16,Sunny,66.5,11
candler_park,2026-03-08,16:00,2026-03-06,2,15,Sunday,True,16,Sunny,66.5,11
candler_park,2026-03-08,16:00,2026-03-07,1,15,Sunday,True,16,Sunny,66.5,11
candler_park,2026-03-08,16:00,2026-03-08,0,15,Sunday,True,16,Sunny,66.5,11
candler_park,2026-03-09,07:00,2026-02-23,14,15,Monday,False,7,Partly Cloudy,61.4,27
candler_park,2026-03-09,07:00,2026-02-27,10,15,Monday,False,7,Partly Cloudy,61.4,27
candler_park,2026-03-09,07:00,2026-03-02,7,15,Monday,False,7,Partly Cloudy,61.4,27
candler_park,2026-03-09,07:00,2026-03-04,5,15,Monday,False,7,Partly Cloudy,61.4,27
candler_park,2026-03-09,07:00,2026-03-06,3,15,Monday,False,7,Partly Cloudy,61.4,27
candler_park,2026-03-09,07:00,2026-03-07,2,15,Monday,False,7,Partly Cloudy,61.4,27
candler_park,2026-03-09,07:00,2026-03-08,1,15,Monday,False,7,Partly Cloudy,61.4,27
candler_park,2026-03-09,07:00,2026-03-09,0,15,Monday,False,7,Partly Cloudy,61.4,27
candler_park,2026-03-09,08:00,2026-02-23,14,15,Monday,False,8,Partly Cloudy,61.4,27
candler_park,2026-03-09,08:00,2026-02-27,10,15,Monday,False,8,Partly Cloudy,61.4,27
candler_park,2026-03-09,08:00,2026-03-02,7,15,Monday,False,8,Partly Cloudy,61.4,27
candler_park,2026-03-09,08:00,2026-03-04,5,15,Monday,False,8,Partly Cloudy,61.4,27
candler_park,2026-03-09,08:00,2026-03-06,3,15,Monday,False,8,Partly Cloudy,61.4,27
candler_park,2026-03-09,08:00,2026-03-07,2,15,Monday,False,8,Partly Cloudy,61.4,27
candler_park,2026-03-09,08:00,2026-03-08,1,15,Monday,False,8,Partly Cloudy,61.4,27
candler_park,2026-03-09,08:00,2026-03-09,0,15,Monday,False,8,Partly Cloudy,61.4,27
candler_park,2026-03-09,09:00,2026-02-23,14,15,Monday,False,9,Partly Cloudy,61.4,27
candler_park,2026-03-09,09:00,2026-02-27,10,15,Monday,False,9,Partly Cloudy,61.4,27
candler_park,2026-03-09,09:00,2026-03-02,7,15,Monday,False,9,Partly Cloudy,61.4,27
candler_park,2026-03-09,09:00,2026-03-04,5,15,Monday,False,9,Partly Cloudy,61.4,27
candler_park,2026-03-09,09:00,2026-03-06,3,15,Monday,False,9,Partly Cloudy,61.4,27
candler_park,2026-03-09,09:00,2026-03-07,2,15,Monday,False,9,Partly Cloudy,61.4,27
candler_park,2026-03-09,09:00,2026-03-08,1,15,Monday,False,9,Partly Cloudy,61.4,27
candler_park,2026-03-09,09:00,2026-03-09,0,15,Monday,False,9,Partly Cloudy,61.4,27
candler_park,2026-03-09,10:00,2026-02-23,14,15,Monday,False,10,Partly Cloudy,61.4,27
candler_park,2026-03-09,10:00,2026-02-27,10,15,Monday,False,10,Partly Cloudy,61.4,27
candler_park,2026-03-09,10:00,2026-03-02,7,15,Monday,False,10,Partly Cloudy,61.4,27
candler_park,2026-03-09,10:00,2026-03-04,5,15,Monday,False,10,Partly Cloudy,61.4,27
candler_park,2026-03-09,10:00,2026-03-06,3,15,Monday,False,10,Partly Cloudy,61.4,27
candler_park,2026-03-09,10:00,2026-03-07,2,15,Monday,False,10,Partly Cloudy,61.4,27
candler_park,2026-03-09,10:00,2026-03-08,1,15,Monday,False,10,Partly Cloudy,61.4,27
candler_park,2026-03-09,10:00,2026-03-09,0,15,Monday,False,10,Partly Cloudy,61.4,27
candler_park,2026-03-09,12:00,2026-02-23,14,15,Monday,False,12,Partly Cloudy,61.4,27
candler_park,2026-03-09,12:00,2026-02-27,10,15,Monday,False,12,Partly Cloudy,61.4,27
candler_park,2026-03-09,12:00,2026-03-02,7,15,Monday,False,12,Partly Cloudy,61.4,27
candler_park,2026-03-09,12:00,2026-03-04,5,15,Monday,False,12,Partly Cloudy,61.4,27
candler_park,2026-03-09,12:00,2026-03-06,3,15,Monday,False,12,Partly Cloudy,61.4,27
candler_park,2026-03-09,12:00,2026-03-07,2,15,Monday,False,12,Partly Cloudy,61.4,27
candler_park,2026-03-09,12:00,2026-03-08,1,15,Monday,False,12,Partly Cloudy,61.4,27
candler_park,2026-03-09,12:00,2026-03-09,0,15,Monday,False,12,Partly Cloudy,61.4,27
candler_park,2026-03-09,14:00,2026-02-23,14,15,Monday,False,14,Partly Cloudy,61.4,27
candler_park,2026-03-09,14:00,2026-02-27,10,15,Monday,False,14,Partly Cloudy,61.4,27
candler_park,2026-03-09,14:00,2026-03-02,7,15,Monday,False,14,Partly Cloudy,61.4,27
candler_park,2026-03-09,14:00,2026-03-04,5,15,Monday,False,14,Partly Cloudy,61.4,27
candler_park,2026-03-09,14:00,2026-03-06,3,15,Monday,False,14,Partly Cloudy,61.4,27
candler_park,2026-03-09,14:00,2026-03-07,2,15,Monday,False,14,Partly Cloudy,61.4,27
candler_park,2026-03-09,14:00,2026-03-08,1,15,Monday,False,14,Partly Cloudy,61.4,27
candler_park,2026-03-09,14:00,2026-03-09,0,15,Monday,False,14,Partly Cloudy,61.4,27
candler_park,2026-03-09,16:00,2026-02-23,14,15,Monday,False,16,Partly Cloudy,61.4,27
candler_park,2026-03-09,16:00,2026-02-27,10,15,Monday,False,16,Partly Cloudy,61.4,27
candler_park,2026-03-09,16:00,2026-03-02,7,15,Monday,False,16,Partly Cloudy,61.4,27
candler_park,2026-03-09,16:00,2026-03-04,5,15,Monday,False,16,Partly Cloudy,61.4,27
candler_park,2026-03-09,16:00,2026-03-06,3,15,Monday,False,16,Partly Cloudy,61.4,27
candler_park,2026-03-09,16:00,2026-03-07,2,15,Monday,False,16,Partly Cloudy,61.4,27
candler_park,2026-03-09,16:00,2026-03-08,1,15,Monday,False,16,Partly Cloudy,61.4,27
candler_park,2026-03-09,16:00,2026-03-09,0,15,Monday,False,16,Partly Cloudy,61.4,27
candler_park,2026-03-10,07:00,2026-02-24,14,15,Tuesday,False,7,Overcast,70.8,37
candler_park,2026-03-10,07:00,2026-02-28,10,15,Tuesday,False,7,Overcast,70.8,37
candler_park,2026-03-10,07:00,2026-03-03,7,15,Tuesday,False,7,Overcast,70.8,37
candler_park,2026-03-10,07:00,2026-03-05,5,15,Tuesday,False,7,Overcast,70.8,37
candler_park,2026-03-10,07:00,2026-03-07,3,15,Tuesday,False,7,Overcast,70.8,37
candler_park,2026-03-10,07:00,2026-03-08,2,15,Tuesday,False,7,Overcast,70.8,37
candler_park,2026-03-10,07:00,2026-03-09,1,15,Tuesday,False,7,Overcast,70.8,37
candler_park,2026-03-10,07:00,2026-03-10,0,15,Tuesday,False,7,Overcast,70.8,37
candler_park,2026-03-10,08:00,2026-02-24,14,15,Tuesday,False,8,Overcast,70.8,37
candler_park,2026-03-10,08:00,2026-02-28,10,15,Tuesday,False,8,Overcast,70.8,37
candler_park,2026-03-10,08:00,2026-03-03,7,15,Tuesday,False,8,Overcast,70.8,37
candler_park,2026-03-10,08:00,2026-03-05,5,15,Tuesday,False,8,Overcast,70.8,37
candler_park,2026-03-10,08:00,2026-03-07,3,15,Tuesday,False,8,Overcast,70.8,37
candler_park,2026-03-10,08:00,2026-03-08,2,15,Tuesday,False,8,Overcast,70.8,37
candler_park,2026-03-10,08:00,2026-03-09,1,15,Tuesday,False,8,Overcast,70.8,37
candler_park,2026-03-10,08:00,2026-03-10,0,15,Tuesday,False,8,Overcast,70.8,37
candler_park,2026-03-10,09:00,2026-02-24,14,15,Tuesday,False,9,Overcast,70.8,37
candler_park,2026-03-10,09:00,2026-02-28,10,15,Tuesday,False,9,Overcast,70.8,37
candler_park,2026-03-10,09:00,2026-03-03,7,15,Tuesday,False,9,Overcast,70.8,37
candler_park,2026-03-10,09:00,2026-03-05,5,15,Tuesday,False,9,Overcast,70.8,37
candler_park,2026-03-10,09:00,2026-03-07,3,15,Tuesday,False,9,Overcast,70.8,37
candler_park,2026-03-10,09:00,2026-03-08,2,15,Tuesday,False,9,Overcast,70.8,37
candler_park,2026-03-10,09:00,2026-03-09,1,15,Tuesday,False,9,Overcast,70.8,37
candler_park,2026-03-10,09:00,2026-03-10,0,15,Tuesday,False,9,Overcast,70.8,37
candler_park,2026-03-10,10:00,2026-02-24,14,15,Tuesday,False,10,Overcast,70.8,37
candler_park,2026-03-10,10:00,2026-02-28,10,15,Tuesday,False,10,Overcast,70.8,37
candler_park,2026-03-10,10:00,2026-03-03,7,15,Tuesday,False,10,Overcast,70.8,37
candler_park,2026-03-10,10:00,2026-03-05,5,15,Tuesday,False,10,Overcast,70.8,37
candler_park,2026-03-10,10:00,2026-03-07,3,15,Tuesday,False,10,Overcast,70.8,37
candler_park,2026-03-10,10:00,2026-03-08,2,15,Tuesday,False,10,Overcast,70.8,37
candler_park,2026-03-10,10:00,2026-03-09,1,15,Tuesday,False,10,Overcast,70.8,37
candler_park,2026-03-10,10:00,2026-03-10,0,15,Tuesday,False,10,Overcast,70.8,37
candler_park,2026-03-10,12:00,2026-02-24,14,15,Tuesday,False,12,Overcast,70.8,37
candler_park,2026-03-10,12:00,2026-02-28,10,15,Tuesday,False,12,Overcast,70.8,37
candler_park,2026-03-10,12:00,2026-03-03,7,15,Tuesday,False,12,Overcast,70.8,37
candler_park,2026-03-10,12:00,2026-03-05,5,15,Tuesday,False,12,Overcast,70.8,37
candler_park,2026-03-10,12:00,2026-03-07,3,15,Tuesday,False,12,Overcast,70.8,37
candler_park,2026-03-10,12:00,2026-03-08,2,15,Tuesday,False,12,Overcast,70.8,37
candler_park,2026-03-10,12:00,2026-03-09,1,15,Tuesday,False,12,Overcast,70.8,37
candler_park,2026-03-10,12:00,2026-03-10,0,15,Tuesday,False,12,Overcast,70.8,37
candler_park,2026-03-10,14:00,2026-02-24,14,15,Tuesday,False,14,Overcast,70.8,37
candler_park,2026-03-10,14:00,2026-02-28,10,15,Tuesday,False,14,Overcast,70.8,37
candler_park,2026-03-10,14:00,2026-03-03,7,15,Tuesday,False,14,Overcast,70.8,37
candler_park,2026-03-10,14:00,2026-03-05,5,15,Tuesday,False,14,Overcast,70.8,37
candler_park,2026-03-10,14:00,2026-03-07,3,15,Tuesday,False,14,Overcast,70.8,37
candler_park,2026-03-10,14:00,2026-03-08,2,15,Tuesday,False,14,Overcast,70.8,37
candler_park,2026-03-10,14:00,2026-03-09,1,15,Tuesday,False,14,Overcast,70.8,37
candler_park,2026-03-10,14:00,2026-03-10,0,15,Tuesday,False,14,Overcast,70.8,37
candler_park,2026-03-10,16:00,2026-02-24,14,15,Tuesday,False,16,Overcast,70.8,37
candler_park,2026-03-10,16:00,2026-02-28,10,15,Tuesday,False,16,Overcast,70.8,37
candler_park,2026-03-10,16:00,2026-03-03,7,15,Tuesday,False,16,Overcast,70.8,37
candler_park,2026-03-10,16:00,2026-03-05,5,15,Tuesday,False,16,Overcast,70.8,37
candler_park,2026-03-10,16:00,2026-03-07,3,15,Tuesday,False,16,Overcast,70.8,37
candler_park,2026-03-10,16:00,2026-03-08,2,15,Tuesday,False,16,Overcast,70.8,37
candler_park,2026-03-10,16:00,2026-03-09,1,15,Tuesday,False,16,Overcast,70.8,37
candler_park,2026-03-10,16:00,2026-03-10,0,15,Tuesday,False,16,Overcast,70.8,37
tup_holmes,2026-02-11,07:00,2026-02-11,0,23,Wednesday,False,7,Partly Cloudy,60.5,21
tup_holmes,2026-02-11,08:00,2026-02-11,0,24,Wednesday,False,8,Partly Cloudy,60.5,21
tup_holmes,2026-02-11,09:00,2026-02-11,0,23,Wednesday,False,9,Partly Cloudy,60.5,21
tup_holmes,2026-02-11,10:00,2026-02-11,0,22,Wednesday,False,10,Partly Cloudy,60.5,21
tup_holmes,2026-02-11,12:00,2026-02-11,0,20,Wednesday,False,12,Partly Cloudy,60.5,21
tup_holmes,2026-02-11,14:00,2026-02-11,0,20,Wednesday,False,14,Partly Cloudy,60.5,21
tup_holmes,2026-02-11,16:00,2026-02-11,0,16,Wednesday,False,16,Partly Cloudy,60.5,21
tup_holmes,2026-02-12,07:00,2026-02-11,1,24,Thursday,False,7,Partly Cloudy,65.9,16
tup_holmes,2026-02-12,07:00,2026-02-12,0,25,Thursday,False,7,Partly Cloudy,65.9,16
tup_holmes,2026-02-12,08:00,2026-02-11,1,23,Thursday,False,8,Partly Cloudy,65.9,16
tup_holmes,2026-02-12,08:00,2026-02-12,0,23,Thursday,False,8,Partly Cloudy,65.9,16
tup_holmes,2026-02-12,09:00,2026-02-11,1,24,Thursday,False,9,Partly Cloudy,65.9,16
tup_holmes,2026-02-12,09:00,2026-02-12,0,24,Thursday,False,9,Partly Cloudy,65.9,16
tup_holmes,2026-02-12,10:00,2026-02-11,1,22,Thursday,False,10,Partly Cloudy,65.9,16
tup_holmes,2026-02-12,10:00,2026-02-12,0,22,Thursday,False,10,Partly Cloudy,65.9,16
tup_holmes,2026-02-12,12:00,2026-02-11,1,19,Thursday,False,12,Partly Cloudy,65.9,16
tup_holmes,2026-02-12,12:00,2026-02-12,0,19,Thursday,False,12,Partly Cloudy,65.9,16
tup_holmes,2026-02-12,14:00,2026-02-11,1,20,Thursday,False,14,Partly Cloudy,65.9,16
tup_holmes,2026-02-12,14:00,2026-02-12,0,20,Thursday,False,14,Partly Cloudy,65.9,16
tup_holmes,2026-02-12,16:00,2026-02-11,1,15,Thursday,False,16,Partly Cloudy,65.9,16
tup_holmes,2026-02-12,16:00,2026-02-12,0,17,Thursday,False,16,Partly Cloudy,65.9,16
tup_holmes,2026-02-13,07:00,2026-02-11,2,25,Friday,False,7,Partly Cloudy,48.4,21
tup_holmes,2026-02-13,07:00,2026-02-12,1,25,Friday,False,7,Partly Cloudy,48.4,21
tup_holmes,2026-02-13,07:00,2026-02-13,0,24,Friday,False,7,Partly Cloudy,48.4,21
tup_holmes,2026-02-13,08:00,2026-02-11,2,24,Friday,False,8,Partly Cloudy,48.4,21
tup_holmes,2026-02-13,08:00,2026-02-12,1,24,Friday,False,8,Partly Cloudy,48.4,21
tup_holmes,2026-02-13,08:00,2026-02-13,0,25,Friday,False,8,Partly Cloudy,48.4,21
tup_holmes,2026-02-13,09:00,2026-02-11,2,23,Friday,False,9,Partly Cloudy,48.4,21
tup_holmes,2026-02-13,09:00,2026-02-12,1,23,Friday,False,9,Partly Cloudy,48.4,21
tup_holmes,2026-02-13,09:00,2026-02-13,0,25,Friday,False,9,Partly Cloudy,48.4,21
tup_holmes,2026-02-13,10:00,2026-02-11,2,23,Friday,False,10,Partly Cloudy,48.4,21
tup_holmes,2026-02-13,10:00,2026-02-12,1,23,Friday,False,10,Partly Cloudy,48.4,21
tup_holmes,2026-02-13,10:00,2026-02-13,0,24,Friday,False,10,Partly Cloudy,48.4,21
tup_holmes,2026-02-13,12:00,2026-02-11,2,20,Friday,False,12,Partly Cloudy,48.4,21
tup_holmes,2026-02-13,12:00,2026-02-12,1,20,Friday,False,12,Partly Cloudy,48.4,21
tup_holmes,2026-02-13,12:00,2026-02-13,0,20,Friday,False,12,Partly Cloudy,48.4,21
tup_holmes,2026-02-13,14:00,2026-02-11,2,19,Friday,False,14,Partly Cloudy,48.4,21
tup_holmes,2026-02-13,14:00,2026-02-12,1,20,Friday,False,14,Partly Cloudy,48.4,21
tup_holmes,2026-02-13,14:00,2026-02-13,0,20,Friday,False,14,Partly Cloudy,48.4,21
tup_holmes,2026-02-13,16:00,2026-02-11,2,16,Friday,False,16,Partly Cloudy,48.4,21
tup_holmes,2026-02-13,16:00,2026-02-12,1,17,Friday,False,16,Partly Cloudy,48.4,21
tup_holmes,2026-02-13,16:00,2026-02-13,0,17,Friday,False,16,Partly Cloudy,48.4,21
tup_holmes,2026-02-14,07:00,2026-02-11,3,28,Saturday,True,7,Overcast,65.3,44
tup_holmes,2026-02-14,07:00,2026-02-12,2,31,Saturday,True,7,Overcast,65.3,44
tup_holmes,2026-02-14,07:00,2026-02-13,1,31,Saturday,True,7,Overcast,65.3,44
tup_holmes,2026-02-14,07:00,2026-02-14,0,32,Saturday,True,7,Overcast,65.3,44
tup_holmes,2026-02-14,08:00,2026-02-11,3,29,Saturday,True,8,Overcast,65.3,44
tup_holmes,2026-02-14,08:00,2026-02-12,2,31,Saturday,True,8,Overcast,65.3,44
tup_holmes,2026-02-14,08:00,2026-02-13,1,31,Saturday,True,8,Overcast,65.3,44
tup_holmes,2026-02-14,08:00,2026-02-14,0,31,Saturday,True,8,Overcast,65.3,44
tup_holmes,2026-02-14,09:00,2026-02-11,3,30,Saturday,True,9,Overcast,65.3,44
tup_holmes,2026-02-14,09:00,2026-02-12,2,31,Saturday,True,9,Overcast,65.3,44
tup_holmes,2026-02-14,09:00,2026-02-13,1,30,Saturday,True,9,Overcast,65.3,44
tup_holmes,2026-02-14,09:00,2026-02-14,0,31,Saturday,True,9,Overcast,65.3,44
tup_holmes,2026-02-14,10:00,2026-02-11,3,27,Saturday,True,10,Overcast,65.3,44
tup_holmes,2026-02-14,10:00,2026-02-12,2,27,Saturday,True,10,Overcast,65.3,44
tup_holmes,2026-02-14,10:00,2026-02-13,1,28,Saturday,True,10,Overcast,65.3,44
tup_holmes,2026-02-14,10:00,2026-02-14,0,29,Saturday,True,10,Overcast,65.3,44
tup_holmes,2026-02-14,12:00,2026-02-11,3,23,Saturday,True,12,Overcast,65.3,44
tup_holmes,2026-02-14,12:00,2026-02-12,2,24,Saturday,True,12,Overcast,65.3,44
tup_holmes,2026-02-14,12:00,2026-02-13,1,25,Saturday,True,12,Overcast,65.3,44
tup_holmes,2026-02-14,12:00,2026-02-14,0,24,Saturday,True,12,Overcast,65.3,44
tup_holmes,2026-02-14,14:00,2026-02-11,3,23,Saturday,True,14,Overcast,65.3,44
tup_holmes,2026-02-14,14:00,2026-02-12,2,24,Saturday,True,14,Overcast,65.3,44
tup_holmes,2026-02-14,14:00,2026-02-13,1,24,Saturday,True,14,Overcast,65.3,44
tup_holmes,2026-02-14,14:00,2026-02-14,0,25,Saturday,True,14,Overcast,65.3,44
tup_holmes,2026-02-14,16:00,2026-02-11,3,19,Saturday,True,16,Overcast,65.3,44
tup_holmes,2026-02-14,16:00,2026-02-12,2,20,Saturday,True,16,Overcast,65.3,44
tup_holmes,2026-02-14,16:00,2026-02-13,1,20,Saturday,True,16,Overcast,65.3,44
tup_holmes,2026-02-14,16:00,2026-02-14,0,21,Saturday,True,16,Overcast,65.3,44
tup_holmes,2026-02-15,07:00,2026-02-12,3,33,Sunday,True,7,Sunny,59.9,14
tup_holmes,2026-02-15,07:00,2026-02-13,2,34,Sunday,True,7,Sunny,59.9,14
tup_holmes,2026-02-15,07:00,2026-02-14,1,33,Sunday,True,7,Sunny,59.9,14
tup_holmes,2026-02-15,07:00,2026-02-15,0,34,Sunday,True,7,Sunny,59.9,14
tup_holmes,2026-02-15,08:00,2026-02-12,3,31,Sunday,True,8,Sunny,59.9,14
tup_holmes,2026-02-15,08:00,2026-02-13,2,33,Sunday,True,8,Sunny,59.9,14
tup_holmes,2026-02-15,08:00,2026-02-14,1,33,Sunday,True,8,Sunny,59.9,14
tup_holmes,2026-02-15,08:00,2026-02-15,0,34,Sunday,True,8,Sunny,59.9,14
tup_holmes,2026-02-15,09:00,2026-02-12,3,32,Sunday,True,9,Sunny,59.9,14
tup_holmes,2026-02-15,09:00,2026-02-13,2,34,Sunday,True,9,Sunny,59.9,14
tup_holmes,2026-02-15,09:00,2026-02-14,1,33,Sunday,True,9,Sunny,59.9,14
tup_holmes,2026-02-15,09:00,2026-02-15,0,32,Sunday,True,9,Sunny,59.9,14
tup_holmes,2026-02-15,10:00,2026-02-12,3,30,Sunday,True,10,Sunny,59.9,14
tup_holmes,2026-02-15,10:00,2026-02-13,2,30,Sunday,True,10,Sunny,59.9,14
tup_holmes,2026-02-15,10:00,2026-02-14,1,30,Sunday,True,10,Sunny,59.9,14
tup_holmes,2026-02-15,10:00,2026-02-15,0,31,Sunday,True,10,Sunny,59.9,14
tup_holmes,2026-02-15,12:00,2026-02-12,3,25,Sunday,True,12,Sunny,59.9,14
tup_holmes,2026-02-15,12:00,2026-02-13,2,27,Sunday,True,12,Sunny,59.9,14
tup_holmes,2026-02-15,12:00,2026-02-14,1,26,Sunday,True,12,Sunny,59.9,14
tup_holmes,2026-02-15,12:00,2026-02-15,0,27,Sunday,True,12,Sunny,59.9,14
tup_holmes,2026-02-15,14:00,2026-02-12,3,25,Sunday,True,14,Sunny,59.9,14
tup_holmes,2026-02-15,14:00,2026-02-13,2,28,Sunday,True,14,Sunny,59.9,14
tup_holmes,2026-02-15,14:00,2026-02-14,1,26,Sunday,True,14,Sunny,59.9,14
tup_holmes,2026-02-15,14:00,2026-02-15,0,26,Sunday,True,14,Sunny,59.9,14
tup_holmes,2026-02-15,16:00,2026-02-12,3,20,Sunday,True,16,Sunny,59.9,14
tup_holmes,2026-02-15,16:00,2026-02-13,2,20,Sunday,True,16,Sunny,59.9,14
tup_holmes,2026-02-15,16:00,2026-02-14,1,22,Sunday,True,16,Sunny,59.9,14
tup_holmes,2026-02-15,16:00,2026-02-15,0,23,Sunday,True,16,Sunny,59.9,14
tup_holmes,2026-02-16,07:00,2026-02-11,5,19,Monday,False,7,Sunny,52.7,7
tup_holmes,2026-02-16,07:00,2026-02-13,3,18,Monday,False,7,Sunny,52.7,7
tup_holmes,2026-02-16,07:00,2026-02-14,2,19,Monday,False,7,Sunny,52.7,7
tup_holmes,2026-02-16,07:00,2026-02-15,1,20,Monday,False,7,Sunny,52.7,7
tup_holmes,2026-02-16,07:00,2026-02-16,0,21,Monday,False,7,Sunny,52.7,7
tup_holmes,2026-02-16,08:00,2026-02-11,5,19,Monday,False,8,Sunny,52.7,7
tup_holmes,2026-02-16,08:00,2026-02-13,3,20,Monday,False,8,Sunny,52.7,7
tup_holmes,2026-02-16,08:00,2026-02-14,2,19,Monday,False,8,Sunny,52.7,7
tup_holmes,2026-02-16,08:00,2026-02-15,1,20,Monday,False,8,Sunny,52.7,7
tup_holmes,2026-02-16,08:00,2026-02-16,0,20,Monday,False,8,Sunny,52.7,7
tup_holmes,2026-02-16,09:00,2026-02-11,5,19,Monday,False,9,Sunny,52.7,7
tup_holmes,2026-02-16,09:00,2026-02-13,3,19,Monday,False,9,Sunny,52.7,7
tup_holmes,2026-02-16,09:00,2026-02-14,2,21,Monday,False,9,Sunny,52.7,7
tup_holmes,2026-02-16,09:00,2026-02-15,1,20,Monday,False,9,Sunny,52.7,7
tup_holmes,2026-02-16,09:00,2026-02-16,0,20,Monday,False,9,Sunny,52.7,7
tup_holmes,2026-02-16,10:00,2026-02-11,5,17,Monday,False,10,Sunny,52.7,7
tup_holmes,2026-02-16,10:00,2026-02-13,3,18,Monday,False,10,Sunny,52.7,7
tup_holmes,2026-02-16,10:00,2026-02-14,2,19,Monday,False,10,Sunny,52.7,7
tup_holmes,2026-02-16,10:00,2026-02-15,1,19,Monday,False,10,Sunny,52.7,7
tup_holmes,2026-02-16,10:00,2026-02-16,0,19,Monday,False,10,Sunny,52.7,7
tup_holmes,2026-02-16,12:00,2026-02-11,5,16,Monday,False,12,Sunny,52.7,7
tup_holmes,2026-02-16,12:00,2026-02-13,3,15,Monday,False,12,Sunny,52.7,7
tup_holmes,2026-02-16,12:00,2026-02-14,2,17,Monday,False,12,Sunny,52.7,7
tup_holmes,2026-02-16,12:00,2026-02-15,1,16,Monday,False,12,Sunny,52.7,7
tup_holmes,2026-02-16,12:00,2026-02-16,0,17,Monday,False,12,Sunny,52.7,7
tup_holmes,2026-02-16,14:00,2026-02-11,5,16,Monday,False,14,Sunny,52.7,7
tup_holmes,2026-02-16,14:00,2026-02-13,3,16,Monday,False,14,Sunny,52.7,7
tup_holmes,2026-02-16,14:00,2026-02-14,2,17,Monday,False,14,Sunny,52.7,7
tup_holmes,2026-02-16,14:00,2026-02-15,1,17,Monday,False,14,Sunny,52.7,7
tup_holmes,2026-02-16,14:00,2026-02-16,0,17,Monday,False,14,Sunny,52.7,7
tup_holmes,2026-02-16,16:00,2026-02-11,5,15,Monday,False,16,Sunny,52.7,7
tup_holmes,2026-02-16,16:00,2026-02-13,3,15,Monday,False,16,Sunny,52.7,7
tup_holmes,2026-02-16,16:00,2026-02-14,2,15,Monday,False,16,Sunny,52.7,7
tup_holmes,2026-02-16,16:00,2026-02-15,1,15,Monday,False,16,Sunny,52.7,7
tup_holmes,2026-02-16,16:00,2026-02-16,0,15,Monday,False,16,Sunny,52.7,7
tup_holmes,2026-02-17,07:00,2026-02-12,5,22,Tuesday,False,7,Sunny,59.0,1
tup_holmes,2026-02-17,07:00,2026-02-14,3,22,Tuesday,False,7,Sunny,59.0,1
tup_holmes,2026-02-17,07:00,2026-02-15,2,23,Tuesday,False,7,Sunny,59.0,1
tup_holmes,2026-02-17,07:00,2026-02-16,1,23,Tuesday,False,7,Sunny,59.0,1
tup_holmes,2026-02-17,07:00,2026-02-17,0,23,Tuesday,False,7,Sunny,59.0,1
tup_holmes,2026-02-17,08:00,2026-02-12,5,22,Tuesday,False,8,Sunny,59.0,1
tup_holmes,2026-02-17,08:00,2026-02-14,3,23,Tuesday,False,8,Sunny,59.0,1
tup_holmes,2026-02-17,08:00,2026-02-15,2,21,Tuesday,False,8,Sunny,59.0,1
tup_holmes,2026-02-17,08:00,2026-02-16,1,23,Tuesday,False,8,Sunny,59.0,1
tup_holmes,2026-02-17,08:00,2026-02-17,0,23,Tuesday,False,8,Sunny,59.0,1
tup_holmes,2026-02-17,09:00,2026-02-12,5,20,Tuesday,False,9,Sunny,59.0,1
tup_holmes,2026-02-17,09:00,2026-02-14,3,22,Tuesday,False,9,Sunny,59.0,1
tup_holmes,2026-02-17,09:00,2026-02-15,2,23,Tuesday,False,9,Sunny,59.0,1
tup_holmes,2026-02-17,09:00,2026-02-16,1,23,Tuesday,False,9,Sunny,59.0,1
tup_holmes,2026-02-17,09:00,2026-02-17,0,24,Tuesday,False,9,Sunny,59.0,1
tup_holmes,2026-02-17,10:00,2026-02-12,5,21,Tuesday,False,10,Sunny,59.0,1
tup_holmes,2026-02-17,10:00,2026-02-14,3,20,Tuesday,False,10,Sunny,59.0,1
tup_holmes,2026-02-17,10:00,2026-02-15,2,22,Tuesday,False,10,Sunny,59.0,1
tup_holmes,2026-02-17,10:00,2026-02-16,1,22,Tuesday,False,10,Sunny,59.0,1
tup_holmes,2026-02-17,10:00,2026-02-17,0,23,Tuesday,False,10,Sunny,59.0,1
tup_holmes,2026-02-17,12:00,2026-02-12,5,18,Tuesday,False,12,Sunny,59.0,1
tup_holmes,2026-02-17,12:00,2026-02-14,3,18,Tuesday,False,12,Sunny,59.0,1
tup_holmes,2026-02-17,12:00,2026-02-15,2,19,Tuesday,False,12,Sunny,59.0,1
tup_holmes,2026-02-17,12:00,2026-02-16,1,19,Tuesday,False,12,Sunny,59.0,1
tup_holmes,2026-02-17,12:00,2026-02-17,0,20,Tuesday,False,12,Sunny,59.0,1
tup_holmes,2026-02-17,14:00,2026-02-12,5,17,Tuesday,False,14,Sunny,59.0,1
tup_holmes,2026-02-17,14:00,2026-02-14,3,18,Tuesday,False,14,Sunny,59.0,1
tup_holmes,2026-02-17,14:00,2026-02-15,2,19,Tuesday,False,14,Sunny,59.0,1
tup_holmes,2026-02-17,14:00,2026-02-16,1,18,Tuesday,False,14,Sunny,59.0,1
tup_holmes,2026-02-17,14:00,2026-02-17,0,19,Tuesday,False,14,Sunny,59.0,1
tup_holmes,2026-02-17,16:00,2026-02-12,5,15,Tuesday,False,16,Sunny,59.0,1
tup_holmes,2026-02-17,16:00,2026-02-14,3,15,Tuesday,False,16,Sunny,59.0,1
tup_holmes,2026-02-17,16:00,2026-02-15,2,16,Tuesday,False,16,Sunny,59.0,1
tup_holmes,2026-02-17,16:00,2026-02-16,1,16,Tuesday,False,16,Sunny,59.0,1
tup_holmes,2026-02-17,16:00,2026-02-17,0,16,Tuesday,False,16,Sunny,59.0,1
tup_holmes,2026-02-18,07:00,2026-02-11,7,21,Wednesday,False,7,Partly Cloudy,56.5,28
tup_holmes,2026-02-18,07:00,2026-02-13,5,22,Wednesday,False,7,Partly Cloudy,56.5,28
tup_holmes,2026-02-18,07:00,2026-02-15,3,21,Wednesday,False,7,Partly Cloudy,56.5,28
tup_holmes,2026-02-18,07:00,2026-02-16,2,22,Wednesday,False,7,Partly Cloudy,56.5,28
tup_holmes,2026-02-18,07:00,2026-02-17,1,23,Wednesday,False,7,Partly Cloudy,56.5,28
tup_holmes,2026-02-18,07:00,2026-02-18,0,23,Wednesday,False,7,Partly Cloudy,56.5,28
tup_holmes,2026-02-18,08:00,2026-02-11,7,21,Wednesday,False,8,Partly Cloudy,56.5,28
tup_holmes,2026-02-18,08:00,2026-02-13,5,21,Wednesday,False,8,Partly Cloudy,56.5,28
tup_holmes,2026-02-18,08:00,2026-02-15,3,22,Wednesday,False,8,Partly Cloudy,56.5,28
tup_holmes,2026-02-18,08:00,2026-02-16,2,23,Wednesday,False,8,Partly Cloudy,56.5,28
tup_holmes,2026-02-18,08:00,2026-02-17,1,23,Wednesday,False,8,Partly Cloudy,56.5,28
tup_holmes,2026-02-18,08:00,2026-02-18,0,23,Wednesday,False,8,Partly Cloudy,56.5,28
tup_holmes,2026-02-18,09:00,2026-02-11,7,21,Wednesday,False,9,Partly Cloudy,56.5,28
tup_holmes,2026-02-18,09:00,2026-02-13,5,21,Wednesday,False,9,Partly Cloudy,56.5,28
tup_holmes,2026-02-18,09:00,2026-02-15,3,23,Wednesday,False,9,Partly Cloudy,56.5,28
tup_holmes,2026-02-18,09:00,2026-02-16,2,22,Wednesday,False,9,Partly Cloudy,56.5,28
tup_holmes,2026-02-18,09:00,2026-02-17,1,23,Wednesday,False,9,Partly Cloudy,56.5,28
tup_holmes,2026-02-18,09:00,2026-02-18,0,23,Wednesday,False,9,Partly Cloudy,56.5,28
tup_holmes,2026-02-18,10:00,2026-02-11,7,19,Wednesday,False,10,Partly Cloudy,56.5,28
tup_holmes,2026-02-18,10:00,2026-02-13,5,19,Wednesday,False,10,Partly Cloudy,56.5,28
tup_holmes,2026-02-18,10:00,2026-02-15,3,21,Wednesday,False,10,Partly Cloudy,56.5,28
tup_holmes,2026-02-18,10:00,2026-02-16,2,21,Wednesday,False,10,Partly Cloudy,56.5,28
tup_holmes,2026-02-18,10:00,2026-02-17,1,22,Wednesday,False,10,Partly Cloudy,56.5,28
tup_holmes,2026-02-18,10:00,2026-02-18,0,22,Wednesday,False,10,Partly Cloudy,56.5,28
tup_holmes,2026-02-18,12:00,2026-02-11,7,17,Wednesday,False,12,Partly Cloudy,56.5,28
tup_holmes,2026-02-18,12:00,2026-02-13,5,17,Wednesday,False,12,Partly Cloudy,56.5,28
tup_holmes,2026-02-18,12:00,2026-02-15,3,18,Wednesday,False,12,Partly Cloudy,56.5,28
tup_holmes,2026-02-18,12:00,2026-02-16,2,19,Wednesday,False,12,Partly Cloudy,56.5,28
tup_holmes,2026-02-18,12:00,2026-02-17,1,18,Wednesday,False,12,Partly Cloudy,56.5,28
tup_holmes,2026-02-18,12:00,2026-02-18,0,20,Wednesday,False,12,Partly Cloudy,56.5,28
tup_holmes,2026-02-18,14:00,2026-02-11,7,17,Wednesday,False,14,Partly Cloudy,56.5,28
tup_holmes,2026-02-18,14:00,2026-02-13,5,17,Wednesday,False,14,Partly Cloudy,56.5,28
tup_holmes,2026-02-18,14:00,2026-02-15,3,19,Wednesday,False,14,Partly Cloudy,56.5,28
tup_holmes,2026-02-18,14:00,2026-02-16,2,19,Wednesday,False,14,Partly Cloudy,56.5,28
tup_holmes,2026-02-18,14:00,2026-02-17,1,18,Wednesday,False,14,Partly Cloudy,56.5,28
tup_holmes,2026-02-18,14:00,2026-02-18,0,19,Wednesday,False,14,Partly Cloudy,56.5,28
tup_holmes,2026-02-18,16:00,2026-02-11,7,15,Wednesday,False,16,Partly Cloudy,56.5,28
tup_holmes,2026-02-18,16:00,2026-02-13,5,15,Wednesday,False,16,Partly Cloudy,56.5,28
tup_holmes,2026-02-18,16:00,2026-02-15,3,15,Wednesday,False,16,Partly Cloudy,56.5,28
tup_holmes,2026-02-18,16:00,2026-02-16,2,15,Wednesday,False,16,Partly Cloudy,56.5,28
tup_holmes,2026-02-18,16:00,2026-02-17,1,16,Wednesday,False,16,Partly Cloudy,56.5,28
tup_holmes,2026-02-18,16:00,2026-02-18,0,16,Wednesday,False,16,Partly Cloudy,56.5,28
tup_holmes,2026-02-19,07:00,2026-02-12,7,22,Thursday,False,7,Sunny,59.6,1
tup_holmes,2026-02-19,07:00,2026-02-14,5,23,Thursday,False,7,Sunny,59.6,1
tup_holmes,2026-02-19,07:00,2026-02-16,3,25,Thursday,False,7,Sunny,59.6,1
tup_holmes,2026-02-19,07:00,2026-02-17,2,24,Thursday,False,7,Sunny,59.6,1
tup_holmes,2026-02-19,07:00,2026-02-18,1,25,Thursday,False,7,Sunny,59.6,1
tup_holmes,2026-02-19,07:00,2026-02-19,0,26,Thursday,False,7,Sunny,59.6,1
tup_holmes,2026-02-19,08:00,2026-02-12,7,22,Thursday,False,8,Sunny,59.6,1
tup_holmes,2026-02-19,08:00,2026-02-14,5,23,Thursday,False,8,Sunny,59.6,1
tup_holmes,2026-02-19,08:00,2026-02-16,3,24,Thursday,False,8,Sunny,59.6,1
tup_holmes,2026-02-19,08:00,2026-02-17,2,25,Thursday,False,8,Sunny,59.6,1
tup_holmes,2026-02-19,08:00,2026-02-18,1,24,Thursday,False,8,Sunny,59.6,1
tup_holmes,2026-02-19,08:00,2026-02-19,0,26,Thursday,False,8,Sunny,59.6,1
tup_holmes,2026-02-19,09:00,2026-02-12,7,22,Thursday,False,9,Sunny,59.6,1
tup_holmes,2026-02-19,09:00,2026-02-14,5,23,Thursday,False,9,Sunny,59.6,1
tup_holmes,2026-02-19,09:00,2026-02-16,3,24,Thursday,False,9,Sunny,59.6,1
tup_holmes,2026-02-19,09:00,2026-02-17,2,25,Thursday,False,9,Sunny,59.6,1
tup_holmes,2026-02-19,09:00,2026-02-18,1,25,Thursday,False,9,Sunny,59.6,1
tup_holmes,2026-02-19,09:00,2026-02-19,0,25,Thursday,False,9,Sunny,59.6,1
tup_holmes,2026-02-19,10:00,2026-02-12,7,23,Thursday,False,10,Sunny,59.6,1
tup_holmes,2026-02-19,10:00,2026-02-14,5,22,Thursday,False,10,Sunny,59.6,1
tup_holmes,2026-02-19,10:00,2026-02-16,3,23,Thursday,False,10,Sunny,59.6,1
tup_holmes,2026-02-19,10:00,2026-02-17,2,24,Thursday,False,10,Sunny,59.6,1
tup_holmes,2026-02-19,10:00,2026-02-18,1,24,Thursday,False,10,Sunny,59.6,1
tup_holmes,2026-02-19,10:00,2026-02-19,0,25,Thursday,False,10,Sunny,59.6,1
tup_holmes,2026-02-19,12:00,2026-02-12,7,19,Thursday,False,12,Sunny,59.6,1
tup_holmes,2026-02-19,12:00,2026-02-14,5,19,Thursday,False,12,Sunny,59.6,1
tup_holmes,2026-02-19,12:00,2026-02-16,3,20,Thursday,False,12,Sunny,59.6,1
tup_holmes,2026-02-19,12:00,2026-02-17,2,21,Thursday,False,12,Sunny,59.6,1
tup_holmes,2026-02-19,12:00,2026-02-18,1,21,Thursday,False,12,Sunny,59.6,1
tup_holmes,2026-02-19,12:00,2026-02-19,0,21,Thursday,False,12,Sunny,59.6,1
tup_holmes,2026-02-19,14:00,2026-02-12,7,19,Thursday,False,14,Sunny,59.6,1
tup_holmes,2026-02-19,14:00,2026-02-14,5,20,Thursday,False,14,Sunny,59.6,1
tup_holmes,2026-02-19,14:00,2026-02-16,3,20,Thursday,False,14,Sunny,59.6,1
tup_holmes,2026-02-19,14:00,2026-02-17,2,20,Thursday,False,14,Sunny,59.6,1
tup_holmes,2026-02-19,14:00,2026-02-18,1,20,Thursday,False,14,Sunny,59.6,1
tup_holmes,2026-02-19,14:00,2026-02-19,0,20,Thursday,False,14,Sunny,59.6,1
tup_holmes,2026-02-19,16:00,2026-02-12,7,15,Thursday,False,16,Sunny,59.6,1
tup_holmes,2026-02-19,16:00,2026-02-14,5,15,Thursday,False,16,Sunny,59.6,1
tup_holmes,2026-02-19,16:00,2026-02-16,3,16,Thursday,False,16,Sunny,59.6,1
tup_holmes,2026-02-19,16:00,2026-02-17,2,17,Thursday,False,16,Sunny,59.6,1
tup_holmes,2026-02-19,16:00,2026-02-18,1,17,Thursday,False,16,Sunny,59.6,1
tup_holmes,2026-02-19,16:00,2026-02-19,0,18,Thursday,False,16,Sunny,59.6,1
tup_holmes,2026-02-20,07:00,2026-02-13,7,22,Friday,False,7,Partly Cloudy,53.8,23
tup_holmes,2026-02-20,07:00,2026-02-15,5,22,Friday,False,7,Partly Cloudy,53.8,23
tup_holmes,2026-02-20,07:00,2026-02-17,3,22,Friday,False,7,Partly Cloudy,53.8,23
tup_holmes,2026-02-20,07:00,2026-02-18,2,24,Friday,False,7,Partly Cloudy,53.8,23
tup_holmes,2026-02-20,07:00,2026-02-19,1,23,Friday,False,7,Partly Cloudy,53.8,23
tup_holmes,2026-02-20,07:00,2026-02-20,0,25,Friday,False,7,Partly Cloudy,53.8,23
tup_holmes,2026-02-20,08:00,2026-02-13,7,21,Friday,False,8,Partly Cloudy,53.8,23
tup_holmes,2026-02-20,08:00,2026-02-15,5,23,Friday,False,8,Partly Cloudy,53.8,23
tup_holmes,2026-02-20,08:00,2026-02-17,3,22,Friday,False,8,Partly Cloudy,53.8,23
tup_holmes,2026-02-20,08:00,2026-02-18,2,24,Friday,False,8,Partly Cloudy,53.8,23
tup_holmes,2026-02-20,08:00,2026-02-19,1,24,Friday,False,8,Partly Cloudy,53.8,23
tup_holmes,2026-02-20,08:00,2026-02-20,0,25,Friday,False,8,Partly Cloudy,53.8,23
tup_holmes,2026-02-20,09:00,2026-02-13,7,21,Friday,False,9,Partly Cloudy,53.8,23
tup_holmes,2026-02-20,09:00,2026-02-15,5,22,Friday,False,9,Partly Cloudy,53.8,23
tup_holmes,2026-02-20,09:00,2026-02-17,3,23,Friday,False,9,Partly Cloudy,53.8,23
tup_holmes,2026-02-20,09:00,2026-02-18,2,25,Friday,False,9,Partly Cloudy,53.8,23
tup_holmes,2026-02-20,09:00,2026-02-19,1,24,Friday,False,9,Partly Cloudy,53.8,23
tup_holmes,2026-02-20,09:00,2026-02-20,0,24,Friday,False,9,Partly Cloudy,53.8,23
tup_holmes,2026-02-20,10:00,2026-02-13,7,22,Friday,False,10,Partly Cloudy,53.8,23
tup_holmes,2026-02-20,10:00,2026-02-15,5,22,Friday,False,10,Partly Cloudy,53.8,23
tup_holmes,2026-02-20,10:00,2026-02-17,3,22,Friday,False,10,Partly Cloudy,53.8,23
tup_holmes,2026-02-20,10:00,2026-02-18,2,22,Friday,False,10,Partly Cloudy,53.8,23
tup_holmes,2026-02-20,10:00,2026-02-19,1,23,Friday,False,10,Partly Cloudy,53.8,23
tup_holmes,2026-02-20,10:00,2026-02-20,0,23,Friday,False,10,Partly Cloudy,53.8,23
tup_holmes,2026-02-20,12:00,2026-02-13,7,17,Friday,False,12,Partly Cloudy,53.8,23
tup_holmes,2026-02-20,12:00,2026-02-15,5,19,Friday,False,12,Partly Cloudy,53.8,23
tup_holmes,2026-02-20,12:00,2026-02-17,3,19,Friday,False,12,Partly Cloudy,53.8,23
tup_holmes,2026-02-20,12:00,2026-02-18,2,20,Friday,False,12,Partly Cloudy,53.8,23
tup_holmes,2026-02-20,12:00,2026-02-19,1,21,Friday,False,12,Partly Cloudy,53.8,23
tup_holmes,2026-02-20,12:00,2026-02-20,0,20,Friday,False,12,Partly Cloudy,53.8,23
tup_holmes,2026-02-20,14:00,2026-02-13,7,18,Friday,False,14,Partly Cloudy,53.8,23
tup_holmes,2026-02-20,14:00,2026-02-15,5,19,Friday,False,14,Partly Cloudy,53.8,23
tup_holmes,2026-02-20,14:00,2026-02-17,3,19,Friday,False,14,Partly Cloudy,53.8,23
tup_holmes,2026-02-20,14:00,2026-02-18,2,21,Friday,False,14,Partly Cloudy,53.8,23
tup_holmes,2026-02-20,14:00,2026-02-19,1,19,Friday,False,14,Partly Cloudy,53.8,23
tup_holmes,2026-02-20,14:00,2026-02-20,0,20,Friday,False,14,Partly Cloudy,53.8,23
tup_holmes,2026-02-20,16:00,2026-02-13,7,15,Friday,False,16,Partly Cloudy,53.8,23
tup_holmes,2026-02-20,16:00,2026-02-15,5,16,Friday,False,16,Partly Cloudy,53.8,23
tup_holmes,2026-02-20,16:00,2026-02-17,3,15,Friday,False,16,Partly Cloudy,53.8,23
tup_holmes,2026-02-20,16:00,2026-02-18,2,16,Friday,False,16,Partly Cloudy,53.8,23
tup_holmes,2026-02-20,16:00,2026-02-19,1,16,Friday,False,16,Partly Cloudy,53.8,23
tup_holmes,2026-02-20,16:00,2026-02-20,0,17,Friday,False,16,Partly Cloudy,53.8,23
tup_holmes,2026-02-21,07:00,2026-02-11,10,24,Saturday,True,7,Overcast,52.0,60
tup_holmes,2026-02-21,07:00,2026-02-14,7,24,Saturday,True,7,Overcast,52.0,60
tup_holmes,2026-02-21,07:00,2026-02-16,5,25,Saturday,True,7,Overcast,52.0,60
tup_holmes,2026-02-21,07:00,2026-02-18,3,25,Saturday,True,7,Overcast,52.0,60
tup_holmes,2026-02-21,07:00,2026-02-19,2,28,Saturday,True,7,Overcast,52.0,60
tup_holmes,2026-02-21,07:00,2026-02-20,1,28,Saturday,True,7,Overcast,52.0,60
tup_holmes,2026-02-21,07:00,2026-02-21,0,28,Saturday,True,7,Overcast,52.0,60
tup_holmes,2026-02-21,08:00,2026-02-11,10,24,Saturday,True,8,Overcast,52.0,60
tup_holmes,2026-02-21,08:00,2026-02-14,7,24,Saturday,True,8,Overcast,52.0,60
tup_holmes,2026-02-21,08:00,2026-02-16,5,25,Saturday,True,8,Overcast,52.0,60
tup_holmes,2026-02-21,08:00,2026-02-18,3,27,Saturday,True,8,Overcast,52.0,60
tup_holmes,2026-02-21,08:00,2026-02-19,2,29,Saturday,True,8,Overcast,52.0,60
tup_holmes,2026-02-21,08:00,2026-02-20,1,28,Saturday,True,8,Overcast,52.0,60
tup_holmes,2026-02-21,08:00,2026-02-21,0,28,Saturday,True,8,Overcast,52.0,60
tup_holmes,2026-02-21,09:00,2026-02-11,10,24,Saturday,True,9,Overcast,52.0,60
tup_holmes,2026-02-21,09:00,2026-02-14,7,26,Saturday,True,9,Overcast,52.0,60
tup_holmes,2026-02-21,09:00,2026-02-16,5,26,Saturday,True,9,Overcast,52.0,60
tup_holmes,2026-02-21,09:00,2026-02-18,3,26,Saturday,True,9,Overcast,52.0,60
tup_holmes,2026-02-21,09:00,2026-02-19,2,27,Saturday,True,9,Overcast,52.0,60
tup_holmes,2026-02-21,09:00,2026-02-20,1,28,Saturday,True,9,Overcast,52.0,60
tup_holmes,2026-02-21,09:00,2026-02-21,0,29,Saturday,True,9,Overcast,52.0,60
tup_holmes,2026-02-21,10:00,2026-02-11,10,23,Saturday,True,10,Overcast,52.0,60
tup_holmes,2026-02-21,10:00,2026-02-14,7,23,Saturday,True,10,Overcast,52.0,60
tup_holmes,2026-02-21,10:00,2026-02-16,5,24,Saturday,True,10,Overcast,52.0,60
tup_holmes,2026-02-21,10:00,2026-02-18,3,24,Saturday,True,10,Overcast,52.0,60
tup_holmes,2026-02-21,10:00,2026-02-19,2,25,Saturday,True,10,Overcast,52.0,60
tup_holmes,2026-02-21,10:00,2026-02-20,1,25,Saturday,True,10,Overcast,52.0,60
tup_holmes,2026-02-21,10:00,2026-02-21,0,26,Saturday,True,10,Overcast,52.0,60
tup_holmes,2026-02-21,12:00,2026-02-11,10,19,Saturday,True,12,Overcast,52.0,60
tup_holmes,2026-02-21,12:00,2026-02-14,7,20,Saturday,True,12,Overcast,52.0,60
tup_holmes,2026-02-21,12:00,2026-02-16,5,21,Saturday,True,12,Overcast,52.0,60
tup_holmes,2026-02-21,12:00,2026-02-18,3,21,Saturday,True,12,Overcast,52.0,60
tup_holmes,2026-02-21,12:00,2026-02-19,2,22,Saturday,True,12,Overcast,52.0,60
tup_holmes,2026-02-21,12:00,2026-02-20,1,21,Saturday,True,12,Overcast,52.0,60
tup_holmes,2026-02-21,12:00,2026-02-21,0,22,Saturday,True,12,Overcast,52.0,60
tup_holmes,2026-02-21,14:00,2026-02-11,10,18,Saturday,True,14,Overcast,52.0,60
tup_holmes,2026-02-21,14:00,2026-02-14,7,20,Saturday,True,14,Overcast,52.0,60
tup_holmes,2026-02-21,14:00,2026-02-16,5,19,Saturday,True,14,Overcast,52.0,60
tup_holmes,2026-02-21,14:00,2026-02-18,3,21,Saturday,True,14,Overcast,52.0,60
tup_holmes,2026-02-21,14:00,2026-02-19,2,22,Saturday,True,14,Overcast,52.0,60
tup_holmes,2026-02-21,14:00,2026-02-20,1,22,Saturday,True,14,Overcast,52.0,60
tup_holmes,2026-02-21,14:00,2026-02-21,0,22,Saturday,True,14,Overcast,52.0,60
tup_holmes,2026-02-21,16:00,2026-02-11,10,16,Saturday,True,16,Overcast,52.0,60
tup_holmes,2026-02-21,16:00,2026-02-14,7,15,Saturday,True,16,Overcast,52.0,60
tup_holmes,2026-02-21,16:00,2026-02-16,5,17,Saturday,True,16,Overcast,52.0,60
tup_holmes,2026-02-21,16:00,2026-02-18,3,17,Saturday,True,16,Overcast,52.0,60
tup_holmes,2026-02-21,16:00,2026-02-19,2,19,Saturday,True,16,Overcast,52.0,60
tup_holmes,2026-02-21,16:00,2026-02-20,1,18,Saturday,True,16,Overcast,52.0,60
tup_holmes,2026-02-21,16:00,2026-02-21,0,19,Saturday,True,16,Overcast,52.0,60
tup_holmes,2026-02-22,07:00,2026-02-12,10,29,Sunday,True,7,Sunny,59.8,6
tup_holmes,2026-02-22,07:00,2026-02-15,7,29,Sunday,True,7,Sunny,59.8,6
tup_holmes,2026-02-22,07:00,2026-02-17,5,30,Sunday,True,7,Sunny,59.8,6
tup_holmes,2026-02-22,07:00,2026-02-19,3,31,Sunday,True,7,Sunny,59.8,6
tup_holmes,2026-02-22,07:00,2026-02-20,2,33,Sunday,True,7,Sunny,59.8,6
tup_holmes,2026-02-22,07:00,2026-02-21,1,32,Sunday,True,7,Sunny,59.8,6
tup_holmes,2026-02-22,07:00,2026-02-22,0,34,Sunday,True,7,Sunny,59.8,6
tup_holmes,2026-02-22,08:00,2026-02-12,10,29,Sunday,True,8,Sunny,59.8,6
tup_holmes,2026-02-22,08:00,2026-02-15,7,32,Sunday,True,8,Sunny,59.8,6
tup_holmes,2026-02-22,08:00,2026-02-17,5,30,Sunday,True,8,Sunny,59.8,6
tup_holmes,2026-02-22,08:00,2026-02-19,3,31,Sunday,True,8,Sunny,59.8,6
tup_holmes,2026-02-22,08:00,2026-02-20,2,33,Sunday,True,8,Sunny,59.8,6
tup_holmes,2026-02-22,08:00,2026-02-21,1,34,Sunday,True,8,Sunny,59.8,6
tup_holmes,2026-02-22,08:00,2026-02-22,0,35,Sunday,True,8,Sunny,59.8,6
tup_holmes,2026-02-22,09:00,2026-02-12,10,30,Sunday,True,9,Sunny,59.8,6
tup_holmes,2026-02-22,09:00,2026-02-15,7,30,Sunday,True,9,Sunny,59.8,6
tup_holmes,2026-02-22,09:00,2026-02-17,5,31,Sunday,True,9,Sunny,59.8,6
tup_holmes,2026-02-22,09:00,2026-02-19,3,31,Sunday,True,9,Sunny,59.8,6
tup_holmes,2026-02-22,09:00,2026-02-20,2,33,Sunday,True,9,Sunny,59.8,6
tup_holmes,2026-02-22,09:00,2026-02-21,1,32,Sunday,True,9,Sunny,59.8,6
tup_holmes,2026-02-22,09:00,2026-02-22,0,34,Sunday,True,9,Sunny,59.8,6
tup_holmes,2026-02-22,10:00,2026-02-12,10,26,Sunday,True,10,Sunny,59.8,6
tup_holmes,2026-02-22,10:00,2026-02-15,7,27,Sunday,True,10,Sunny,59.8,6
tup_holmes,2026-02-22,10:00,2026-02-17,5,27,Sunday,True,10,Sunny,59.8,6
tup_holmes,2026-02-22,10:00,2026-02-19,3,29,Sunday,True,10,Sunny,59.8,6
tup_holmes,2026-02-22,10:00,2026-02-20,2,28,Sunday,True,10,Sunny,59.8,6
tup_holmes,2026-02-22,10:00,2026-02-21,1,30,Sunday,True,10,Sunny,59.8,6
tup_holmes,2026-02-22,10:00,2026-02-22,0,31,Sunday,True,10,Sunny,59.8,6
tup_holmes,2026-02-22,12:00,2026-02-12,10,21,Sunday,True,12,Sunny,59.8,6
tup_holmes,2026-02-22,12:00,2026-02-15,7,24,Sunday,True,12,Sunny,59.8,6
tup_holmes,2026-02-22,12:00,2026-02-17,5,24,Sunday,True,12,Sunny,59.8,6
tup_holmes,2026-02-22,12:00,2026-02-19,3,25,Sunday,True,12,Sunny,59.8,6
tup_holmes,2026-02-22,12:00,2026-02-20,2,27,Sunday,True,12,Sunny,59.8,6
tup_holmes,2026-02-22,12:00,2026-02-21,1,26,Sunday,True,12,Sunny,59.8,6
tup_holmes,2026-02-22,12:00,2026-02-22,0,27,Sunday,True,12,Sunny,59.8,6
tup_holmes,2026-02-22,14:00,2026-02-12,10,23,Sunday,True,14,Sunny,59.8,6
tup_holmes,2026-02-22,14:00,2026-02-15,7,24,Sunday,True,14,Sunny,59.8,6
tup_holmes,2026-02-22,14:00,2026-02-17,5,24,Sunday,True,14,Sunny,59.8,6
tup_holmes,2026-02-22,14:00,2026-02-19,3,24,Sunday,True,14,Sunny,59.8,6
tup_holmes,2026-02-22,14:00,2026-02-20,2,26,Sunday,True,14,Sunny,59.8,6
tup_holmes,2026-02-22,14:00,2026-02-21,1,26,Sunday,True,14,Sunny,59.8,6
tup_holmes,2026-02-22,14:00,2026-02-22,0,27,Sunday,True,14,Sunny,59.8,6
tup_holmes,2026-02-22,16:00,2026-02-12,10,19,Sunday,True,16,Sunny,59.8,6
tup_holmes,2026-02-22,16:00,2026-02-15,7,19,Sunday,True,16,Sunny,59.8,6
tup_holmes,2026-02-22,16:00,2026-02-17,5,19,Sunday,True,16,Sunny,59.8,6
tup_holmes,2026-02-22,16:00,2026-02-19,3,20,Sunday,True,16,Sunny,59.8,6
tup_holmes,2026-02-22,16:00,2026-02-20,2,21,Sunday,True,16,Sunny,59.8,6
tup_holmes,2026-02-22,16:00,2026-02-21,1,21,Sunday,True,16,Sunny,59.8,6
tup_holmes,2026-02-22,16:00,2026-02-22,0,22,Sunday,True,16,Sunny,59.8,6
tup_holmes,2026-02-23,07:00,2026-02-13,10,17,Monday,False,7,Overcast,58.4,53
tup_holmes,2026-02-23,07:00,2026-02-16,7,19,Monday,False,7,Overcast,58.4,53
tup_holmes,2026-02-23,07:00,2026-02-18,5,19,Monday,False,7,Overcast,58.4,53
tup_holmes,2026-02-23,07:00,2026-02-20,3,19,Monday,False,7,Overcast,58.4,53
tup_holmes,2026-02-23,07:00,2026-02-21,2,19,Monday,False,7,Overcast,58.4,53
tup_holmes,2026-02-23,07:00,2026-02-22,1,20,Monday,False,7,Overcast,58.4,53
tup_holmes,2026-02-23,07:00,2026-02-23,0,20,Monday,False,7,Overcast,58.4,53
tup_holmes,2026-02-23,08:00,2026-02-13,10,18,Monday,False,8,Overcast,58.4,53
tup_holmes,2026-02-23,08:00,2026-02-16,7,18,Monday,False,8,Overcast,58.4,53
tup_holmes,2026-02-23,08:00,2026-02-18,5,18,Monday,False,8,Overcast,58.4,53
tup_holmes,2026-02-23,08:00,2026-02-20,3,18,Monday,False,8,Overcast,58.4,53
tup_holmes,2026-02-23,08:00,2026-02-21,2,20,Monday,False,8,Overcast,58.4,53
tup_holmes,2026-02-23,08:00,2026-02-22,1,20,Monday,False,8,Overcast,58.4,53
tup_holmes,2026-02-23,08:00,2026-02-23,0,21,Monday,False,8,Overcast,58.4,53
tup_holmes,2026-02-23,09:00,2026-02-13,10,17,Monday,False,9,Overcast,58.4,53
tup_holmes,2026-02-23,09:00,2026-02-16,7,17,Monday,False,9,Overcast,58.4,53
tup_holmes,2026-02-23,09:00,2026-02-18,5,19,Monday,False,9,Overcast,58.4,53
tup_holmes,2026-02-23,09:00,2026-02-20,3,20,Monday,False,9,Overcast,58.4,53
tup_holmes,2026-02-23,09:00,2026-02-21,2,19,Monday,False,9,Overcast,58.4,53
tup_holmes,2026-02-23,09:00,2026-02-22,1,20,Monday,False,9,Overcast,58.4,53
tup_holmes,2026-02-23,09:00,2026-02-23,0,19,Monday,False,9,Overcast,58.4,53
tup_holmes,2026-02-23,10:00,2026-02-13,10,16,Monday,False,10,Overcast,58.4,53
tup_holmes,2026-02-23,10:00,2026-02-16,7,16,Monday,False,10,Overcast,58.4,53
tup_holmes,2026-02-23,10:00,2026-02-18,5,18,Monday,False,10,Overcast,58.4,53
tup_holmes,2026-02-23,10:00,2026-02-20,3,18,Monday,False,10,Overcast,58.4,53
tup_holmes,2026-02-23,10:00,2026-02-21,2,19,Monday,False,10,Overcast,58.4,53
tup_holmes,2026-02-23,10:00,2026-02-22,1,19,Monday,False,10,Overcast,58.4,53
tup_holmes,2026-02-23,10:00,2026-02-23,0,19,Monday,False,10,Overcast,58.4,53
tup_holmes,2026-02-23,12:00,2026-02-13,10,15,Monday,False,12,Overcast,58.4,53
tup_holmes,2026-02-23,12:00,2026-02-16,7,15,Monday,False,12,Overcast,58.4,53
tup_holmes,2026-02-23,12:00,2026-02-18,5,16,Monday,False,12,Overcast,58.4,53
tup_holmes,2026-02-23,12:00,2026-02-20,3,16,Monday,False,12,Overcast,58.4,53
tup_holmes,2026-02-23,12:00,2026-02-21,2,16,Monday,False,12,Overcast,58.4,53
tup_holmes,2026-02-23,12:00,2026-02-22,1,16,Monday,False,12,Overcast,58.4,53
tup_holmes,2026-02-23,12:00,2026-02-23,0,17,Monday,False,12,Overcast,58.4,53
tup_holmes,2026-02-23,14:00,2026-02-13,10,15,Monday,False,14,Overcast,58.4,53
tup_holmes,2026-02-23,14:00,2026-02-16,7,15,Monday,False,14,Overcast,58.4,53
tup_holmes,2026-02-23,14:00,2026-02-18,5,16,Monday,False,14,Overcast,58.4,53
tup_holmes,2026-02-23,14:00,2026-02-20,3,16,Monday,False,14,Overcast,58.4,53
tup_holmes,2026-02-23,14:00,2026-02-21,2,16,Monday,False,14,Overcast,58.4,53
tup_holmes,2026-02-23,14:00,2026-02-22,1,16,Monday,False,14,Overcast,58.4,53
tup_holmes,2026-02-23,14:00,2026-02-23,0,17,Monday,False,14,Overcast,58.4,53
tup_holmes,2026-02-23,16:00,2026-02-13,10,15,Monday,False,16,Overcast,58.4,53
tup_holmes,2026-02-23,16:00,2026-02-16,7,15,Monday,False,16,Overcast,58.4,53
tup_holmes,2026-02-23,16:00,2026-02-18,5,15,Monday,False,16,Overcast,58.4,53
tup_holmes,2026-02-23,16:00,2026-02-20,3,15,Monday,False,16,Overcast,58.4,53
tup_holmes,2026-02-23,16:00,2026-02-21,2,15,Monday,False,16,Overcast,58.4,53
tup_holmes,2026-02-23,16:00,2026-02-22,1,15,Monday,False,16,Overcast,58.4,53
tup_holmes,2026-02-23,16:00,2026-02-23,0,15,Monday,False,16,Overcast,58.4,53
tup_holmes,2026-02-24,07:00,2026-02-14,10,19,Tuesday,False,7,Partly Cloudy,55.4,16
tup_holmes,2026-02-24,07:00,2026-02-17,7,20,Tuesday,False,7,Partly Cloudy,55.4,16
tup_holmes,2026-02-24,07:00,2026-02-19,5,20,Tuesday,False,7,Partly Cloudy,55.4,16
tup_holmes,2026-02-24,07:00,2026-02-21,3,20,Tuesday,False,7,Partly Cloudy,55.4,16
tup_holmes,2026-02-24,07:00,2026-02-22,2,21,Tuesday,False,7,Partly Cloudy,55.4,16
tup_holmes,2026-02-24,07:00,2026-02-23,1,22,Tuesday,False,7,Partly Cloudy,55.4,16
tup_holmes,2026-02-24,07:00,2026-02-24,0,22,Tuesday,False,7,Partly Cloudy,55.4,16
tup_holmes,2026-02-24,08:00,2026-02-14,10,19,Tuesday,False,8,Partly Cloudy,55.4,16
tup_holmes,2026-02-24,08:00,2026-02-17,7,20,Tuesday,False,8,Partly Cloudy,55.4,16
tup_holmes,2026-02-24,08:00,2026-02-19,5,21,Tuesday,False,8,Partly Cloudy,55.4,16
tup_holmes,2026-02-24,08:00,2026-02-21,3,20,Tuesday,False,8,Partly Cloudy,55.4,16
tup_holmes,2026-02-24,08:00,2026-02-22,2,22,Tuesday,False,8,Partly Cloudy,55.4,16
tup_holmes,2026-02-24,08:00,2026-02-23,1,22,Tuesday,False,8,Partly Cloudy,55.4,16
tup_holmes,2026-02-24,08:00,2026-02-24,0,22,Tuesday,False,8,Partly Cloudy,55.4,16
tup_holmes,2026-02-24,09:00,2026-02-14,10,19,Tuesday,False,9,Partly Cloudy,55.4,16
tup_holmes,2026-02-24,09:00,2026-02-17,7,19,Tuesday,False,9,Partly Cloudy,55.4,16
tup_holmes,2026-02-24,09:00,2026-02-19,5,20,Tuesday,False,9,Partly Cloudy,55.4,16
tup_holmes,2026-02-24,09:00,2026-02-21,3,21,Tuesday,False,9,Partly Cloudy,55.4,16
tup_holmes,2026-02-24,09:00,2026-02-22,2,22,Tuesday,False,9,Partly Cloudy,55.4,16
tup_holmes,2026-02-24,09:00,2026-02-23,1,22,Tuesday,False,9,Partly Cloudy,55.4,16
tup_holmes,2026-02-24,09:00,2026-02-24,0,23,Tuesday,False,9,Partly Cloudy,55.4,16
tup_holmes,2026-02-24,10:00,2026-02-14,10,18,Tuesday,False,10,Partly Cloudy,55.4,16
tup_holmes,2026-02-24,10:00,2026-02-17,7,19,Tuesday,False,10,Partly Cloudy,55.4,16
tup_holmes,2026-02-24,10:00,2026-02-19,5,20,Tuesday,False,10,Partly Cloudy,55.4,16
tup_holmes,2026-02-24,10:00,2026-02-21,3,20,Tuesday,False,10,Partly Cloudy,55.4,16
tup_holmes,2026-02-24,10:00,2026-02-22,2,21,Tuesday,False,10,Partly Cloudy,55.4,16
tup_holmes,2026-02-24,10:00,2026-02-23,1,21,Tuesday,False,10,Partly Cloudy,55.4,16
tup_holmes,2026-02-24,10:00,2026-02-24,0,21,Tuesday,False,10,Partly Cloudy,55.4,16
tup_holmes,2026-02-24,12:00,2026-02-14,10,16,Tuesday,False,12,Partly Cloudy,55.4,16
tup_holmes,2026-02-24,12:00,2026-02-17,7,17,Tuesday,False,12,Partly Cloudy,55.4,16
tup_holmes,2026-02-24,12:00,2026-02-19,5,17,Tuesday,False,12,Partly Cloudy,55.4,16
tup_holmes,2026-02-24,12:00,2026-02-21,3,17,Tuesday,False,12,Partly Cloudy,55.4,16
tup_holmes,2026-02-24,12:00,2026-02-22,2,19,Tuesday,False,12,Partly Cloudy,55.4,16
tup_holmes,2026-02-24,12:00,2026-02-23,1,18,Tuesday,False,12,Partly Cloudy,55.4,16
tup_holmes,2026-02-24,12:00,2026-02-24,0,19,Tuesday,False,12,Partly Cloudy,55.4,16
tup_holmes,2026-02-24,14:00,2026-02-14,10,16,Tuesday,False,14,Partly Cloudy,55.4,16
tup_holmes,2026-02-24,14:00,2026-02-17,7,17,Tuesday,False,14,Partly Cloudy,55.4,16
tup_holmes,2026-02-24,14:00,2026-02-19,5,17,Tuesday,False,14,Partly Cloudy,55.4,16
tup_holmes,2026-02-24,14:00,2026-02-21,3,17,Tuesday,False,14,Partly Cloudy,55.4,16
tup_holmes,2026-02-24,14:00,2026-02-22,2,18,Tuesday,False,14,Partly Cloudy,55.4,16
tup_holmes,2026-02-24,14:00,2026-02-23,1,19,Tuesday,False,14,Partly Cloudy,55.4,16
tup_holmes,2026-02-24,14:00,2026-02-24,0,19,Tuesday,False,14,Partly Cloudy,55.4,16
tup_holmes,2026-02-24,16:00,2026-02-14,10,15,Tuesday,False,16,Partly Cloudy,55.4,16
tup_holmes,2026-02-24,16:00,2026-02-17,7,15,Tuesday,False,16,Partly Cloudy,55.4,16
tup_holmes,2026-02-24,16:00,2026-02-19,5,15,Tuesday,False,16,Partly Cloudy,55.4,16
tup_holmes,2026-02-24,16:00,2026-02-21,3,15,Tuesday,False,16,Partly Cloudy,55.4,16
tup_holmes,2026-02-24,16:00,2026-02-22,2,15,Tuesday,False,16,Partly Cloudy,55.4,16
tup_holmes,2026-02-24,16:00,2026-02-23,1,15,Tuesday,False,16,Partly Cloudy,55.4,16
tup_holmes,2026-02-24,16:00,2026-02-24,0,16,Tuesday,False,16,Partly Cloudy,55.4,16
tup_holmes,2026-02-25,07:00,2026-02-11,14,18,Wednesday,False,7,Partly Cloudy,55.4,16
tup_holmes,2026-02-25,07:00,2026-02-15,10,19,Wednesday,False,7,Partly Cloudy,55.4,16
tup_holmes,2026-02-25,07:00,2026-02-18,7,20,Wednesday,False,7,Partly Cloudy,55.4,16
tup_holmes,2026-02-25,07:00,2026-02-20,5,21,Wednesday,False,7,Partly Cloudy,55.4,16
tup_holmes,2026-02-25,07:00,2026-02-22,3,22,Wednesday,False,7,Partly Cloudy,55.4,16
tup_holmes,2026-02-25,07:00,2026-02-23,2,24,Wednesday,False,7,Partly Cloudy,55.4,16
tup_holmes,2026-02-25,07:00,2026-02-24,1,22,Wednesday,False,7,Partly Cloudy,55.4,16
tup_holmes,2026-02-25,07:00,2026-02-25,0,24,Wednesday,False,7,Partly Cloudy,55.4,16
tup_holmes,2026-02-25,08:00,2026-02-11,14,18,Wednesday,False,8,Partly Cloudy,55.4,16
tup_holmes,2026-02-25,08:00,2026-02-15,10,20,Wednesday,False,8,Partly Cloudy,55.4,16
tup_holmes,2026-02-25,08:00,2026-02-18,7,20,Wednesday,False,8,Partly Cloudy,55.4,16
tup_holmes,2026-02-25,08:00,2026-02-20,5,21,Wednesday,False,8,Partly Cloudy,55.4,16
tup_holmes,2026-02-25,08:00,2026-02-22,3,21,Wednesday,False,8,Partly Cloudy,55.4,16
tup_holmes,2026-02-25,08:00,2026-02-23,2,22,Wednesday,False,8,Partly Cloudy,55.4,16
tup_holmes,2026-02-25,08:00,2026-02-24,1,23,Wednesday,False,8,Partly Cloudy,55.4,16
tup_holmes,2026-02-25,08:00,2026-02-25,0,23,Wednesday,False,8,Partly Cloudy,55.4,16
tup_holmes,2026-02-25,09:00,2026-02-11,14,19,Wednesday,False,9,Partly Cloudy,55.4,16
tup_holmes,2026-02-25,09:00,2026-02-15,10,21,Wednesday,False,9,Partly Cloudy,55.4,16
tup_holmes,2026-02-25,09:00,2026-02-18,7,20,Wednesday,False,9,Partly Cloudy,55.4,16
tup_holmes,2026-02-25,09:00,2026-02-20,5,22,Wednesday,False,9,Partly Cloudy,55.4,16
tup_holmes,2026-02-25,09:00,2026-02-22,3,21,Wednesday,False,9,Partly Cloudy,55.4,16
tup_holmes,2026-02-25,09:00,2026-02-23,2,22,Wednesday,False,9,Partly Cloudy,55.4,16
tup_holmes,2026-02-25,09:00,2026-02-24,1,22,Wednesday,False,9,Partly Cloudy,55.4,16
tup_holmes,2026-02-25,09:00,2026-02-25,0,22,Wednesday,False,9,Partly Cloudy,55.4,16
tup_holmes,2026-02-25,10:00,2026-02-11,14,18,Wednesday,False,10,Partly Cloudy,55.4,16
tup_holmes,2026-02-25,10:00,2026-02-15,10,19,Wednesday,False,10,Partly Cloudy,55.4,16
tup_holmes,2026-02-25,10:00,2026-02-18,7,19,Wednesday,False,10,Partly Cloudy,55.4,16
tup_holmes,2026-02-25,10:00,2026-02-20,5,20,Wednesday,False,10,Partly Cloudy,55.4,16
tup_holmes,2026-02-25,10:00,2026-02-22,3,21,Wednesday,False,10,Partly Cloudy,55.4,16
tup_holmes,2026-02-25,10:00,2026-02-23,2,21,Wednesday,False,10,Partly Cloudy,55.4,16
tup_holmes,2026-02-25,10:00,2026-02-24,1,21,Wednesday,False,10,Partly Cloudy,55.4,16
tup_holmes,2026-02-25,10:00,2026-02-25,0,21,Wednesday,False,10,Partly Cloudy,55.4,16
tup_holmes,2026-02-25,12:00,2026-02-11,14,16,Wednesday,False,12,Partly Cloudy,55.4,16
tup_holmes,2026-02-25,12:00,2026-02-15,10,17,Wednesday,False,12,Partly Cloudy,55.4,16
tup_holmes,2026-02-25,12:00,2026-02-18,7,18,Wednesday,False,12,Partly Cloudy,55.4,16
tup_holmes,2026-02-25,12:00,2026-02-20,5,18,Wednesday,False,12,Partly Cloudy,55.4,16
tup_holmes,2026-02-25,12:00,2026-02-22,3,19,Wednesday,False,12,Partly Cloudy,55.4,16
tup_holmes,2026-02-25,12:00,2026-02-23,2,19,Wednesday,False,12,Partly Cloudy,55.4,16
tup_holmes,2026-02-25,12:00,2026-02-24,1,19,Wednesday,False,12,Partly Cloudy,55.4,16
tup_holmes,2026-02-25,12:00,2026-02-25,0,19,Wednesday,False,12,Partly Cloudy,55.4,16
tup_holmes,2026-02-25,14:00,2026-02-11,14,15,Wednesday,False,14,Partly Cloudy,55.4,16
tup_holmes,2026-02-25,14:00,2026-02-15,10,17,Wednesday,False,14,Partly Cloudy,55.4,16
tup_holmes,2026-02-25,14:00,2026-02-18,7,17,Wednesday,False,14,Partly Cloudy,55.4,16
tup_holmes,2026-02-25,14:00,2026-02-20,5,18,Wednesday,False,14,Partly Cloudy,55.4,16
tup_holmes,2026-02-25,14:00,2026-02-22,3,18,Wednesday,False,14,Partly Cloudy,55.4,16
tup_holmes,2026-02-25,14:00,2026-02-23,2,20,Wednesday,False,14,Partly Cloudy,55.4,16
tup_holmes,2026-02-25,14:00,2026-02-24,1,19,Wednesday,False,14,Partly Cloudy,55.4,16
tup_holmes,2026-02-25,14:00,2026-02-25,0,19,Wednesday,False,14,Partly Cloudy,55.4,16
tup_holmes,2026-02-25,16:00,2026-02-11,14,15,Wednesday,False,16,Partly Cloudy,55.4,16
tup_holmes,2026-02-25,16:00,2026-02-15,10,15,Wednesday,False,16,Partly Cloudy,55.4,16
tup_holmes,2026-02-25,16:00,2026-02-18,7,15,Wednesday,False,16,Partly Cloudy,55.4,16
tup_holmes,2026-02-25,16:00,2026-02-20,5,15,Wednesday,False,16,Partly Cloudy,55.4,16
tup_holmes,2026-02-25,16:00,2026-02-22,3,15,Wednesday,False,16,Partly Cloudy,55.4,16
tup_holmes,2026-02-25,16:00,2026-02-23,2,15,Wednesday,False,16,Partly Cloudy,55.4,16
tup_holmes,2026-02-25,16:00,2026-02-24,1,16,Wednesday,False,16,Partly Cloudy,55.4,16
tup_holmes,2026-02-25,16:00,2026-02-25,0,16,Wednesday,False,16,Partly Cloudy,55.4,16
tup_holmes,2026-02-26,07:00,2026-02-12,14,18,Thursday,False,7,Sunny,54.5,2
tup_holmes,2026-02-26,07:00,2026-02-16,10,19,Thursday,False,7,Sunny,54.5,2
tup_holmes,2026-02-26,07:00,2026-02-19,7,20,Thursday,False,7,Sunny,54.5,2
tup_holmes,2026-02-26,07:00,2026-02-21,5,20,Thursday,False,7,Sunny,54.5,2
tup_holmes,2026-02-26,07:00,2026-02-23,3,21,Thursday,False,7,Sunny,54.5,2
tup_holmes,2026-02-26,07:00,2026-02-24,2,22,Thursday,False,7,Sunny,54.5,2
tup_holmes,2026-02-26,07:00,2026-02-25,1,23,Thursday,False,7,Sunny,54.5,2
tup_holmes,2026-02-26,07:00,2026-02-26,0,23,Thursday,False,7,Sunny,54.5,2
tup_holmes,2026-02-26,08:00,2026-02-12,14,20,Thursday,False,8,Sunny,54.5,2
tup_holmes,2026-02-26,08:00,2026-02-16,10,19,Thursday,False,8,Sunny,54.5,2
tup_holmes,2026-02-26,08:00,2026-02-19,7,20,Thursday,False,8,Sunny,54.5,2
tup_holmes,2026-02-26,08:00,2026-02-21,5,21,Thursday,False,8,Sunny,54.5,2
tup_holmes,2026-02-26,08:00,2026-02-23,3,21,Thursday,False,8,Sunny,54.5,2
tup_holmes,2026-02-26,08:00,2026-02-24,2,22,Thursday,False,8,Sunny,54.5,2
tup_holmes,2026-02-26,08:00,2026-02-25,1,23,Thursday,False,8,Sunny,54.5,2
tup_holmes,2026-02-26,08:00,2026-02-26,0,23,Thursday,False,8,Sunny,54.5,2
tup_holmes,2026-02-26,09:00,2026-02-12,14,18,Thursday,False,9,Sunny,54.5,2
tup_holmes,2026-02-26,09:00,2026-02-16,10,19,Thursday,False,9,Sunny,54.5,2
tup_holmes,2026-02-26,09:00,2026-02-19,7,20,Thursday,False,9,Sunny,54.5,2
tup_holmes,2026-02-26,09:00,2026-02-21,5,21,Thursday,False,9,Sunny,54.5,2
tup_holmes,2026-02-26,09:00,2026-02-23,3,22,Thursday,False,9,Sunny,54.5,2
tup_holmes,2026-02-26,09:00,2026-02-24,2,22,Thursday,False,9,Sunny,54.5,2
tup_holmes,2026-02-26,09:00,2026-02-25,1,22,Thursday,False,9,Sunny,54.5,2
tup_holmes,2026-02-26,09:00,2026-02-26,0,23,Thursday,False,9,Sunny,54.5,2
tup_holmes,2026-02-26,10:00,2026-02-12,14,17,Thursday,False,10,Sunny,54.5,2
tup_holmes,2026-02-26,10:00,2026-02-16,10,18,Thursday,False,10,Sunny,54.5,2
tup_holmes,2026-02-26,10:00,2026-02-19,7,20,Thursday,False,10,Sunny,54.5,2
tup_holmes,2026-02-26,10:00,2026-02-21,5,20,Thursday,False,10,Sunny,54.5,2
tup_holmes,2026-02-26,10:00,2026-02-23,3,20,Thursday,False,10,Sunny,54.5,2
tup_holmes,2026-02-26,10:00,2026-02-24,2,21,Thursday,False,10,Sunny,54.5,2
tup_holmes,2026-02-26,10:00,2026-02-25,1,22,Thursday,False,10,Sunny,54.5,2
tup_holmes,2026-02-26,10:00,2026-02-26,0,22,Thursday,False,10,Sunny,54.5,2
tup_holmes,2026-02-26,12:00,2026-02-12,14,16,Thursday,False,12,Sunny,54.5,2
tup_holmes,2026-02-26,12:00,2026-02-16,10,16,Thursday,False,12,Sunny,54.5,2
tup_holmes,2026-02-26,12:00,2026-02-19,7,17,Thursday,False,12,Sunny,54.5,2
tup_holmes,2026-02-26,12:00,2026-02-21,5,17,Thursday,False,12,Sunny,54.5,2
tup_holmes,2026-02-26,12:00,2026-02-23,3,17,Thursday,False,12,Sunny,54.5,2
tup_holmes,2026-02-26,12:00,2026-02-24,2,18,Thursday,False,12,Sunny,54.5,2
tup_holmes,2026-02-26,12:00,2026-02-25,1,19,Thursday,False,12,Sunny,54.5,2
tup_holmes,2026-02-26,12:00,2026-02-26,0,19,Thursday,False,12,Sunny,54.5,2
tup_holmes,2026-02-26,14:00,2026-02-12,14,16,Thursday,False,14,Sunny,54.5,2
tup_holmes,2026-02-26,14:00,2026-02-16,10,16,Thursday,False,14,Sunny,54.5,2
tup_holmes,2026-02-26,14:00,2026-02-19,7,17,Thursday,False,14,Sunny,54.5,2
tup_holmes,2026-02-26,14:00,2026-02-21,5,17,Thursday,False,14,Sunny,54.5,2
tup_holmes,2026-02-26,14:00,2026-02-23,3,18,Thursday,False,14,Sunny,54.5,2
tup_holmes,2026-02-26,14:00,2026-02-24,2,18,Thursday,False,14,Sunny,54.5,2
tup_holmes,2026-02-26,14:00,2026-02-25,1,18,Thursday,False,14,Sunny,54.5,2
tup_holmes,2026-02-26,14:00,2026-02-26,0,19,Thursday,False,14,Sunny,54.5,2
tup_holmes,2026-02-26,16:00,2026-02-12,14,15,Thursday,False,16,Sunny,54.5,2
tup_holmes,2026-02-26,16:00,2026-02-16,10,15,Thursday,False,16,Sunny,54.5,2
tup_holmes,2026-02-26,16:00,2026-02-19,7,15,Thursday,False,16,Sunny,54.5,2
tup_holmes,2026-02-26,16:00,2026-02-21,5,15,Thursday,False,16,Sunny,54.5,2
tup_holmes,2026-02-26,16:00,2026-02-23,3,15,Thursday,False,16,Sunny,54.5,2
tup_holmes,2026-02-26,16:00,2026-02-24,2,15,Thursday,False,16,Sunny,54.5,2
tup_holmes,2026-02-26,16:00,2026-02-25,1,15,Thursday,False,16,Sunny,54.5,2
tup_holmes,2026-02-26,16:00,2026-02-26,0,16,Thursday,False,16,Sunny,54.5,2
tup_holmes,2026-02-27,07:00,2026-02-13,14,23,Friday,False,7,Sunny,58.0,10
tup_holmes,2026-02-27,07:00,2026-02-17,10,26,Friday,False,7,Sunny,58.0,10
tup_holmes,2026-02-27,07:00,2026-02-20,7,25,Friday,False,7,Sunny,58.0,10
tup_holmes,2026-02-27,07:00,2026-02-22,5,25,Friday,False,7,Sunny,58.0,10
tup_holmes,2026-02-27,07:00,2026-02-24,3,27,Friday,False,7,Sunny,58.0,10
tup_holmes,2026-02-27,07:00,2026-02-25,2,27,Friday,False,7,Sunny,58.0,10
tup_holmes,2026-02-27,07:00,2026-02-26,1,27,Friday,False,7,Sunny,58.0,10
tup_holmes,2026-02-27,07:00,2026-02-27,0,28,Friday,False,7,Sunny,58.0,10
tup_holmes,2026-02-27,08:00,2026-02-13,14,23,Friday,False,8,Sunny,58.0,10
tup_holmes,2026-02-27,08:00,2026-02-17,10,24,Friday,False,8,Sunny,58.0,10
tup_holmes,2026-02-27,08:00,2026-02-20,7,24,Friday,False,8,Sunny,58.0,10
tup_holmes,2026-02-27,08:00,2026-02-22,5,26,Friday,False,8,Sunny,58.0,10
tup_holmes,2026-02-27,08:00,2026-02-24,3,25,Friday,False,8,Sunny,58.0,10
tup_holmes,2026-02-27,08:00,2026-02-25,2,28,Friday,False,8,Sunny,58.0,10
tup_holmes,2026-02-27,08:00,2026-02-26,1,27,Friday,False,8,Sunny,58.0,10
tup_holmes,2026-02-27,08:00,2026-02-27,0,28,Friday,False,8,Sunny,58.0,10
tup_holmes,2026-02-27,09:00,2026-02-13,14,24,Friday,False,9,Sunny,58.0,10
tup_holmes,2026-02-27,09:00,2026-02-17,10,25,Friday,False,9,Sunny,58.0,10
tup_holmes,2026-02-27,09:00,2026-02-20,7,25,Friday,False,9,Sunny,58.0,10
tup_holmes,2026-02-27,09:00,2026-02-22,5,26,Friday,False,9,Sunny,58.0,10
tup_holmes,2026-02-27,09:00,2026-02-24,3,28,Friday,False,9,Sunny,58.0,10
tup_holmes,2026-02-27,09:00,2026-02-25,2,27,Friday,False,9,Sunny,58.0,10
tup_holmes,2026-02-27,09:00,2026-02-26,1,28,Friday,False,9,Sunny,58.0,10
tup_holmes,2026-02-27,09:00,2026-02-27,0,28,Friday,False,9,Sunny,58.0,10
tup_holmes,2026-02-27,10:00,2026-02-13,14,23,Friday,False,10,Sunny,58.0,10
tup_holmes,2026-02-27,10:00,2026-02-17,10,23,Friday,False,10,Sunny,58.0,10
tup_holmes,2026-02-27,10:00,2026-02-20,7,24,Friday,False,10,Sunny,58.0,10
tup_holmes,2026-02-27,10:00,2026-02-22,5,25,Friday,False,10,Sunny,58.0,10
tup_holmes,2026-02-27,10:00,2026-02-24,3,26,Friday,False,10,Sunny,58.0,10
tup_holmes,2026-02-27,10:00,2026-02-25,2,26,Friday,False,10,Sunny,58.0,10
tup_holmes,2026-02-27,10:00,2026-02-26,1,27,Friday,False,10,Sunny,58.0,10
tup_holmes,2026-02-27,10:00,2026-02-27,0,27,Friday,False,10,Sunny,58.0,10
tup_holmes,2026-02-27,12:00,2026-02-13,14,19,Friday,False,12,Sunny,58.0,10
tup_holmes,2026-02-27,12:00,2026-02-17,10,21,Friday,False,12,Sunny,58.0,10
tup_holmes,2026-02-27,12:00,2026-02-20,7,21,Friday,False,12,Sunny,58.0,10
tup_holmes,2026-02-27,12:00,2026-02-22,5,21,Friday,False,12,Sunny,58.0,10
tup_holmes,2026-02-27,12:00,2026-02-24,3,23,Friday,False,12,Sunny,58.0,10
tup_holmes,2026-02-27,12:00,2026-02-25,2,23,Friday,False,12,Sunny,58.0,10
tup_holmes,2026-02-27,12:00,2026-02-26,1,23,Friday,False,12,Sunny,58.0,10
tup_holmes,2026-02-27,12:00,2026-02-27,0,25,Friday,False,12,Sunny,58.0,10
tup_holmes,2026-02-27,14:00,2026-02-13,14,19,Friday,False,14,Sunny,58.0,10
tup_holmes,2026-02-27,14:00,2026-02-17,10,20,Friday,False,14,Sunny,58.0,10
tup_holmes,2026-02-27,14:00,2026-02-20,7,21,Friday,False,14,Sunny,58.0,10
tup_holmes,2026-02-27,14:00,2026-02-22,5,22,Friday,False,14,Sunny,58.0,10
tup_holmes,2026-02-27,14:00,2026-02-24,3,23,Friday,False,14,Sunny,58.0,10
tup_holmes,2026-02-27,14:00,2026-02-25,2,24,Friday,False,14,Sunny,58.0,10
tup_holmes,2026-02-27,14:00,2026-02-26,1,23,Friday,False,14,Sunny,58.0,10
tup_holmes,2026-02-27,14:00,2026-02-27,0,24,Friday,False,14,Sunny,58.0,10
tup_holmes,2026-02-27,16:00,2026-02-13,14,15,Friday,False,16,Sunny,58.0,10
tup_holmes,2026-02-27,16:00,2026-02-17,10,17,Friday,False,16,Sunny,58.0,10
tup_holmes,2026-02-27,16:00,2026-02-20,7,17,Friday,False,16,Sunny,58.0,10
tup_holmes,2026-02-27,16:00,2026-02-22,5,18,Friday,False,16,Sunny,58.0,10
tup_holmes,2026-02-27,16:00,2026-02-24,3,18,Friday,False,16,Sunny,58.0,10
tup_holmes,2026-02-27,16:00,2026-02-25,2,19,Friday,False,16,Sunny,58.0,10
tup_holmes,2026-02-27,16:00,2026-02-26,1,19,Friday,False,16,Sunny,58.0,10
tup_holmes,2026-02-27,16:00,2026-02-27,0,19,Friday,False,16,Sunny,58.0,10
tup_holmes,2026-02-28,07:00,2026-02-14,14,29,Saturday,True,7,Sunny,60.0,5
tup_holmes,2026-02-28,07:00,2026-02-18,10,30,Saturday,True,7,Sunny,60.0,5
tup_holmes,2026-02-28,07:00,2026-02-21,7,30,Saturday,True,7,Sunny,60.0,5
tup_holmes,2026-02-28,07:00,2026-02-23,5,31,Saturday,True,7,Sunny,60.0,5
tup_holmes,2026-02-28,07:00,2026-02-25,3,32,Saturday,True,7,Sunny,60.0,5
tup_holmes,2026-02-28,07:00,2026-02-26,2,36,Saturday,True,7,Sunny,60.0,5
tup_holmes,2026-02-28,07:00,2026-02-27,1,34,Saturday,True,7,Sunny,60.0,5
tup_holmes,2026-02-28,07:00,2026-02-28,0,36,Saturday,True,7,Sunny,60.0,5
tup_holmes,2026-02-28,08:00,2026-02-14,14,28,Saturday,True,8,Sunny,60.0,5
tup_holmes,2026-02-28,08:00,2026-02-18,10,30,Saturday,True,8,Sunny,60.0,5
tup_holmes,2026-02-28,08:00,2026-02-21,7,30,Saturday,True,8,Sunny,60.0,5
tup_holmes,2026-02-28,08:00,2026-02-23,5,33,Saturday,True,8,Sunny,60.0,5
tup_holmes,2026-02-28,08:00,2026-02-25,3,32,Saturday,True,8,Sunny,60.0,5
tup_holmes,2026-02-28,08:00,2026-02-26,2,35,Saturday,True,8,Sunny,60.0,5
tup_holmes,2026-02-28,08:00,2026-02-27,1,35,Saturday,True,8,Sunny,60.0,5
tup_holmes,2026-02-28,08:00,2026-02-28,0,36,Saturday,True,8,Sunny,60.0,5
tup_holmes,2026-02-28,09:00,2026-02-14,14,30,Saturday,True,9,Sunny,60.0,5
tup_holmes,2026-02-28,09:00,2026-02-18,10,33,Saturday,True,9,Sunny,60.0,5
tup_holmes,2026-02-28,09:00,2026-02-21,7,32,Saturday,True,9,Sunny,60.0,5
tup_holmes,2026-02-28,09:00,2026-02-23,5,31,Saturday,True,9,Sunny,60.0,5
tup_holmes,2026-02-28,09:00,2026-02-25,3,34,Saturday,True,9,Sunny,60.0,5
tup_holmes,2026-02-28,09:00,2026-02-26,2,35,Saturday,True,9,Sunny,60.0,5
tup_holmes,2026-02-28,09:00,2026-02-27,1,36,Saturday,True,9,Sunny,60.0,5
tup_holmes,2026-02-28,09:00,2026-02-28,0,35,Saturday,True,9,Sunny,60.0,5
tup_holmes,2026-02-28,10:00,2026-02-14,14,27,Saturday,True,10,Sunny,60.0,5
tup_holmes,2026-02-28,10:00,2026-02-18,10,28,Saturday,True,10,Sunny,60.0,5
tup_holmes,2026-02-28,10:00,2026-02-21,7,31,Saturday,True,10,Sunny,60.0,5
tup_holmes,2026-02-28,10:00,2026-02-23,5,29,Saturday,True,10,Sunny,60.0,5
tup_holmes,2026-02-28,10:00,2026-02-25,3,32,Saturday,True,10,Sunny,60.0,5
tup_holmes,2026-02-28,10:00,2026-02-26,2,32,Saturday,True,10,Sunny,60.0,5
tup_holmes,2026-02-28,10:00,2026-02-27,1,32,Saturday,True,10,Sunny,60.0,5
tup_holmes,2026-02-28,10:00,2026-02-28,0,34,Saturday,True,10,Sunny,60.0,5
tup_holmes,2026-02-28,12:00,2026-02-14,14,22,Saturday,True,12,Sunny,60.0,5
tup_holmes,2026-02-28,12:00,2026-02-18,10,24,Saturday,True,12,Sunny,60.0,5
tup_holmes,2026-02-28,12:00,2026-02-21,7,24,Saturday,True,12,Sunny,60.0,5
tup_holmes,2026-02-28,12:00,2026-02-23,5,25,Saturday,True,12,Sunny,60.0,5
tup_holmes,2026-02-28,12:00,2026-02-25,3,26,Saturday,True,12,Sunny,60.0,5
tup_holmes,2026-02-28,12:00,2026-02-26,2,28,Saturday,True,12,Sunny,60.0,5
tup_holmes,2026-02-28,12:00,2026-02-27,1,27,Saturday,True,12,Sunny,60.0,5
tup_holmes,2026-02-28,12:00,2026-02-28,0,27,Saturday,True,12,Sunny,60.0,5
tup_holmes,2026-02-28,14:00,2026-02-14,14,23,Saturday,True,14,Sunny,60.0,5
tup_holmes,2026-02-28,14:00,2026-02-18,10,22,Saturday,True,14,Sunny,60.0,5
tup_holmes,2026-02-28,14:00,2026-02-21,7,25,Saturday,True,14,Sunny,60.0,5
tup_holmes,2026-02-28,14:00,2026-02-23,5,26,Saturday,True,14,Sunny,60.0,5
tup_holmes,2026-02-28,14:00,2026-02-25,3,26,Saturday,True,14,Sunny,60.0,5
tup_holmes,2026-02-28,14:00,2026-02-26,2,26,Saturday,True,14,Sunny,60.0,5
tup_holmes,2026-02-28,14:00,2026-02-27,1,28,Saturday,True,14,Sunny,60.0,5
tup_holmes,2026-02-28,14:00,2026-02-28,0,27,Saturday,True,14,Sunny,60.0,5
tup_holmes,2026-02-28,16:00,2026-02-14,14,19,Saturday,True,16,Sunny,60.0,5
tup_holmes,2026-02-28,16:00,2026-02-18,10,20,Saturday,True,16,Sunny,60.0,5
tup_holmes,2026-02-28,16:00,2026-02-21,7,21,Saturday,True,16,Sunny,60.0,5
tup_holmes,2026-02-28,16:00,2026-02-23,5,22,Saturday,True,16,Sunny,60.0,5
tup_holmes,2026-02-28,16:00,2026-02-25,3,22,Saturday,True,16,Sunny,60.0,5
tup_holmes,2026-02-28,16:00,2026-02-26,2,23,Saturday,True,16,Sunny,60.0,5
tup_holmes,2026-02-28,16:00,2026-02-27,1,23,Saturday,True,16,Sunny,60.0,5
tup_holmes,2026-02-28,16:00,2026-02-28,0,23,Saturday,True,16,Sunny,60.0,5
tup_holmes,2026-03-01,07:00,2026-02-15,14,31,Sunday,True,7,Sunny,64.9,0
tup_holmes,2026-03-01,07:00,2026-02-19,10,34,Sunday,True,7,Sunny,64.9,0
tup_holmes,2026-03-01,07:00,2026-02-22,7,34,Sunday,True,7,Sunny,64.9,0
tup_holmes,2026-03-01,07:00,2026-02-24,5,36,Sunday,True,7,Sunny,64.9,0
tup_holmes,2026-03-01,07:00,2026-02-26,3,35,Sunday,True,7,Sunny,64.9,0
tup_holmes,2026-03-01,07:00,2026-02-27,2,38,Sunday,True,7,Sunny,64.9,0
tup_holmes,2026-03-01,07:00,2026-02-28,1,38,Sunday,True,7,Sunny,64.9,0
tup_holmes,2026-03-01,07:00,2026-03-01,0,38,Sunday,True,7,Sunny,64.9,0
tup_holmes,2026-03-01,08:00,2026-02-15,14,33,Sunday,True,8,Sunny,64.9,0
tup_holmes,2026-03-01,08:00,2026-02-19,10,34,Sunday,True,8,Sunny,64.9,0
tup_holmes,2026-03-01,08:00,2026-02-22,7,36,Sunday,True,8,Sunny,64.9,0
tup_holmes,2026-03-01,08:00,2026-02-24,5,35,Sunday,True,8,Sunny,64.9,0
tup_holmes,2026-03-01,08:00,2026-02-26,3,36,Sunday,True,8,Sunny,64.9,0
tup_holmes,2026-03-01,08:00,2026-02-27,2,39,Sunday,True,8,Sunny,64.9,0
tup_holmes,2026-03-01,08:00,2026-02-28,1,38,Sunday,True,8,Sunny,64.9,0
tup_holmes,2026-03-01,08:00,2026-03-01,0,39,Sunday,True,8,Sunny,64.9,0
tup_holmes,2026-03-01,09:00,2026-02-15,14,30,Sunday,True,9,Sunny,64.9,0
tup_holmes,2026-03-01,09:00,2026-02-19,10,34,Sunday,True,9,Sunny,64.9,0
tup_holmes,2026-03-01,09:00,2026-02-22,7,35,Sunday,True,9,Sunny,64.9,0
tup_holmes,2026-03-01,09:00,2026-02-24,5,36,Sunday,True,9,Sunny,64.9,0
tup_holmes,2026-03-01,09:00,2026-02-26,3,37,Sunday,True,9,Sunny,64.9,0
tup_holmes,2026-03-01,09:00,2026-02-27,2,39,Sunday,True,9,Sunny,64.9,0
tup_holmes,2026-03-01,09:00,2026-02-28,1,37,Sunday,True,9,Sunny,64.9,0
tup_holmes,2026-03-01,09:00,2026-03-01,0,39,Sunday,True,9,Sunny,64.9,0
tup_holmes,2026-03-01,10:00,2026-02-15,14,28,Sunday,True,10,Sunny,64.9,0
tup_holmes,2026-03-01,10:00,2026-02-19,10,32,Sunday,True,10,Sunny,64.9,0
tup_holmes,2026-03-01,10:00,2026-02-22,7,32,Sunday,True,10,Sunny,64.9,0
tup_holmes,2026-03-01,10:00,2026-02-24,5,32,Sunday,True,10,Sunny,64.9,0
tup_holmes,2026-03-01,10:00,2026-02-26,3,34,Sunday,True,10,Sunny,64.9,0
tup_holmes,2026-03-01,10:00,2026-02-27,2,35,Sunday,True,10,Sunny,64.9,0
tup_holmes,2026-03-01,10:00,2026-02-28,1,34,Sunday,True,10,Sunny,64.9,0
tup_holmes,2026-03-01,10:00,2026-03-01,0,36,Sunday,True,10,Sunny,64.9,0
tup_holmes,2026-03-01,12:00,2026-02-15,14,26,Sunday,True,12,Sunny,64.9,0
tup_holmes,2026-03-01,12:00,2026-02-19,10,27,Sunday,True,12,Sunny,64.9,0
tup_holmes,2026-03-01,12:00,2026-02-22,7,29,Sunday,True,12,Sunny,64.9,0
tup_holmes,2026-03-01,12:00,2026-02-24,5,28,Sunday,True,12,Sunny,64.9,0
tup_holmes,2026-03-01,12:00,2026-02-26,3,28,Sunday,True,12,Sunny,64.9,0
tup_holmes,2026-03-01,12:00,2026-02-27,2,30,Sunday,True,12,Sunny,64.9,0
tup_holmes,2026-03-01,12:00,2026-02-28,1,30,Sunday,True,12,Sunny,64.9,0
tup_holmes,2026-03-01,12:00,2026-03-01,0,30,Sunday,True,12,Sunny,64.9,0
tup_holmes,2026-03-01,14:00,2026-02-15,14,24,Sunday,True,14,Sunny,64.9,0
tup_holmes,2026-03-01,14:00,2026-02-19,10,24,Sunday,True,14,Sunny,64.9,0
tup_holmes,2026-03-01,14:00,2026-02-22,7,28,Sunday,True,14,Sunny,64.9,0
tup_holmes,2026-03-01,14:00,2026-02-24,5,27,Sunday,True,14,Sunny,64.9,0
tup_holmes,2026-03-01,14:00,2026-02-26,3,28,Sunday,True,14,Sunny,64.9,0
tup_holmes,2026-03-01,14:00,2026-02-27,2,30,Sunday,True,14,Sunny,64.9,0
tup_holmes,2026-03-01,14:00,2026-02-28,1,30,Sunday,True,14,Sunny,64.9,0
tup_holmes,2026-03-01,14:00,2026-03-01,0,32,Sunday,True,14,Sunny,64.9,0
tup_holmes,2026-03-01,16:00,2026-02-15,14,20,Sunday,True,16,Sunny,64.9,0
tup_holmes,2026-03-01,16:00,2026-02-19,10,23,Sunday,True,16,Sunny,64.9,0
tup_holmes,2026-03-01,16:00,2026-02-22,7,23,Sunday,True,16,Sunny,64.9,0
tup_holmes,2026-03-01,16:00,2026-02-24,5,24,Sunday,True,16,Sunny,64.9,0
tup_holmes,2026-03-01,16:00,2026-02-26,3,25,Sunday,True,16,Sunny,64.9,0
tup_holmes,2026-03-01,16:00,2026-02-27,2,25,Sunday,True,16,Sunny,64.9,0
tup_holmes,2026-03-01,16:00,2026-02-28,1,24,Sunday,True,16,Sunny,64.9,0
tup_holmes,2026-03-01,16:00,2026-03-01,0,26,Sunday,True,16,Sunny,64.9,0
tup_holmes,2026-03-02,07:00,2026-02-16,14,21,Monday,False,7,Sunny,66.5,8
tup_holmes,2026-03-02,07:00,2026-02-20,10,22,Monday,False,7,Sunny,66.5,8
tup_holmes,2026-03-02,07:00,2026-02-23,7,23,Monday,False,7,Sunny,66.5,8
tup_holmes,2026-03-02,07:00,2026-02-25,5,23,Monday,False,7,Sunny,66.5,8
tup_holmes,2026-03-02,07:00,2026-02-27,3,25,Monday,False,7,Sunny,66.5,8
tup_holmes,2026-03-02,07:00,2026-02-28,2,26,Monday,False,7,Sunny,66.5,8
tup_holmes,2026-03-02,07:00,2026-03-01,1,26,Monday,False,7,Sunny,66.5,8
tup_holmes,2026-03-02,07:00,2026-03-02,0,26,Monday,False,7,Sunny,66.5,8
tup_holmes,2026-03-02,08:00,2026-02-16,14,22,Monday,False,8,Sunny,66.5,8
tup_holmes,2026-03-02,08:00,2026-02-20,10,22,Monday,False,8,Sunny,66.5,8
tup_holmes,2026-03-02,08:00,2026-02-23,7,23,Monday,False,8,Sunny,66.5,8
tup_holmes,2026-03-02,08:00,2026-02-25,5,24,Monday,False,8,Sunny,66.5,8
tup_holmes,2026-03-02,08:00,2026-02-27,3,24,Monday,False,8,Sunny,66.5,8
tup_holmes,2026-03-02,08:00,2026-02-28,2,27,Monday,False,8,Sunny,66.5,8
tup_holmes,2026-03-02,08:00,2026-03-01,1,25,Monday,False,8,Sunny,66.5,8
tup_holmes,2026-03-02,08:00,2026-03-02,0,28,Monday,False,8,Sunny,66.5,8
tup_holmes,2026-03-02,09:00,2026-02-16,14,22,Monday,False,9,Sunny,66.5,8
tup_holmes,2026-03-02,09:00,2026-02-20,10,23,Monday,False,9,Sunny,66.5,8
tup_holmes,2026-03-02,09:00,2026-02-23,7,23,Monday,False,9,Sunny,66.5,8
tup_holmes,2026-03-02,09:00,2026-02-25,5,24,Monday,False,9,Sunny,66.5,8
tup_holmes,2026-03-02,09:00,2026-02-27,3,24,Monday,False,9,Sunny,66.5,8
tup_holmes,2026-03-02,09:00,2026-02-28,2,26,Monday,False,9,Sunny,66.5,8
tup_holmes,2026-03-02,09:00,2026-03-01,1,26,Monday,False,9,Sunny,66.5,8
tup_holmes,2026-03-02,09:00,2026-03-02,0,27,Monday,False,9,Sunny,66.5,8
tup_holmes,2026-03-02,10:00,2026-02-16,14,21,Monday,False,10,Sunny,66.5,8
tup_holmes,2026-03-02,10:00,2026-02-20,10,22,Monday,False,10,Sunny,66.5,8
tup_holmes,2026-03-02,10:00,2026-02-23,7,22,Monday,False,10,Sunny,66.5,8
tup_holmes,2026-03-02,10:00,2026-02-25,5,22,Monday,False,10,Sunny,66.5,8
tup_holmes,2026-03-02,10:00,2026-02-27,3,23,Monday,False,10,Sunny,66.5,8
tup_holmes,2026-03-02,10:00,2026-02-28,2,25,Monday,False,10,Sunny,66.5,8
tup_holmes,2026-03-02,10:00,2026-03-01,1,26,Monday,False,10,Sunny,66.5,8
tup_holmes,2026-03-02,10:00,2026-03-02,0,25,Monday,False,10,Sunny,66.5,8
tup_holmes,2026-03-02,12:00,2026-02-16,14,18,Monday,False,12,Sunny,66.5,8
tup_holmes,2026-03-02,12:00,2026-02-20,10,19,Monday,False,12,Sunny,66.5,8
tup_holmes,2026-03-02,12:00,2026-02-23,7,20,Monday,False,12,Sunny,66.5,8
tup_holmes,2026-03-02,12:00,2026-02-25,5,20,Monday,False,12,Sunny,66.5,8
tup_holmes,2026-03-02,12:00,2026-02-27,3,20,Monday,False,12,Sunny,66.5,8
tup_holmes,2026-03-02,12:00,2026-02-28,2,21,Monday,False,12,Sunny,66.5,8
tup_holmes,2026-03-02,12:00,2026-03-01,1,21,Monday,False,12,Sunny,66.5,8
tup_holmes,2026-03-02,12:00,2026-03-02,0,21,Monday,False,12,Sunny,66.5,8
tup_holmes,2026-03-02,14:00,2026-02-16,14,18,Monday,False,14,Sunny,66.5,8
tup_holmes,2026-03-02,14:00,2026-02-20,10,19,Monday,False,14,Sunny,66.5,8
tup_holmes,2026-03-02,14:00,2026-02-23,7,20,Monday,False,14,Sunny,66.5,8
tup_holmes,2026-03-02,14:00,2026-02-25,5,20,Monday,False,14,Sunny,66.5,8
tup_holmes,2026-03-02,14:00,2026-02-27,3,20,Monday,False,14,Sunny,66.5,8
tup_holmes,2026-03-02,14:00,2026-02-28,2,22,Monday,False,14,Sunny,66.5,8
tup_holmes,2026-03-02,14:00,2026-03-01,1,22,Monday,False,14,Sunny,66.5,8
tup_holmes,2026-03-02,14:00,2026-03-02,0,23,Monday,False,14,Sunny,66.5,8
tup_holmes,2026-03-02,16:00,2026-02-16,14,15,Monday,False,16,Sunny,66.5,8
tup_holmes,2026-03-02,16:00,2026-02-20,10,16,Monday,False,16,Sunny,66.5,8
tup_holmes,2026-03-02,16:00,2026-02-23,7,15,Monday,False,16,Sunny,66.5,8
tup_holmes,2026-03-02,16:00,2026-02-25,5,17,Monday,False,16,Sunny,66.5,8
tup_holmes,2026-03-02,16:00,2026-02-27,3,17,Monday,False,16,Sunny,66.5,8
tup_holmes,2026-03-02,16:00,2026-02-28,2,18,Monday,False,16,Sunny,66.5,8
tup_holmes,2026-03-02,16:00,2026-03-01,1,18,Monday,False,16,Sunny,66.5,8
tup_holmes,2026-03-02,16:00,2026-03-02,0,19,Monday,False,16,Sunny,66.5,8
tup_holmes,2026-03-03,07:00,2026-02-17,14,22,Tuesday,False,7,Sunny,69.0,4
tup_holmes,2026-03-03,07:00,2026-02-21,10,22,Tuesday,False,7,Sunny,69.0,4
tup_holmes,2026-03-03,07:00,2026-02-24,7,24,Tuesday,False,7,Sunny,69.0,4
tup_holmes,2026-03-03,07:00,2026-02-26,5,25,Tuesday,False,7,Sunny,69.0,4
tup_holmes,2026-03-03,07:00,2026-02-28,3,25,Tuesday,False,7,Sunny,69.0,4
tup_holmes,2026-03-03,07:00,2026-03-01,2,27,Tuesday,False,7,Sunny,69.0,4
tup_holmes,2026-03-03,07:00,2026-03-02,1,26,Tuesday,False,7,Sunny,69.0,4
tup_holmes,2026-03-03,07:00,2026-03-03,0,27,Tuesday,False,7,Sunny,69.0,4
tup_holmes,2026-03-03,08:00,2026-02-17,14,22,Tuesday,False,8,Sunny,69.0,4
tup_holmes,2026-03-03,08:00,2026-02-21,10,23,Tuesday,False,8,Sunny,69.0,4
tup_holmes,2026-03-03,08:00,2026-02-24,7,23,Tuesday,False,8,Sunny,69.0,4
tup_holmes,2026-03-03,08:00,2026-02-26,5,25,Tuesday,False,8,Sunny,69.0,4
tup_holmes,2026-03-03,08:00,2026-02-28,3,25,Tuesday,False,8,Sunny,69.0,4
tup_holmes,2026-03-03,08:00,2026-03-01,2,26,Tuesday,False,8,Sunny,69.0,4
tup_holmes,2026-03-03,08:00,2026-03-02,1,28,Tuesday,False,8,Sunny,69.0,4
tup_holmes,2026-03-03,08:00,2026-03-03,0,28,Tuesday,False,8,Sunny,69.0,4
tup_holmes,2026-03-03,09:00,2026-02-17,14,22,Tuesday,False,9,Sunny,69.0,4
tup_holmes,2026-03-03,09:00,2026-02-21,10,22,Tuesday,False,9,Sunny,69.0,4
tup_holmes,2026-03-03,09:00,2026-02-24,7,25,Tuesday,False,9,Sunny,69.0,4
tup_holmes,2026-03-03,09:00,2026-02-26,5,25,Tuesday,False,9,Sunny,69.0,4
tup_holmes,2026-03-03,09:00,2026-02-28,3,25,Tuesday,False,9,Sunny,69.0,4
tup_holmes,2026-03-03,09:00,2026-03-01,2,27,Tuesday,False,9,Sunny,69.0,4
tup_holmes,2026-03-03,09:00,2026-03-02,1,25,Tuesday,False,9,Sunny,69.0,4
tup_holmes,2026-03-03,09:00,2026-03-03,0,27,Tuesday,False,9,Sunny,69.0,4
tup_holmes,2026-03-03,10:00,2026-02-17,14,21,Tuesday,False,10,Sunny,69.0,4
tup_holmes,2026-03-03,10:00,2026-02-21,10,22,Tuesday,False,10,Sunny,69.0,4
tup_holmes,2026-03-03,10:00,2026-02-24,7,22,Tuesday,False,10,Sunny,69.0,4
tup_holmes,2026-03-03,10:00,2026-02-26,5,24,Tuesday,False,10,Sunny,69.0,4
tup_holmes,2026-03-03,10:00,2026-02-28,3,24,Tuesday,False,10,Sunny,69.0,4
tup_holmes,2026-03-03,10:00,2026-03-01,2,26,Tuesday,False,10,Sunny,69.0,4
tup_holmes,2026-03-03,10:00,2026-03-02,1,26,Tuesday,False,10,Sunny,69.0,4
tup_holmes,2026-03-03,10:00,2026-03-03,0,26,Tuesday,False,10,Sunny,69.0,4
tup_holmes,2026-03-03,12:00,2026-02-17,14,18,Tuesday,False,12,Sunny,69.0,4
tup_holmes,2026-03-03,12:00,2026-02-21,10,20,Tuesday,False,12,Sunny,69.0,4
tup_holmes,2026-03-03,12:00,2026-02-24,7,20,Tuesday,False,12,Sunny,69.0,4
tup_holmes,2026-03-03,12:00,2026-02-26,5,20,Tuesday,False,12,Sunny,69.0,4
tup_holmes,2026-03-03,12:00,2026-02-28,3,22,Tuesday,False,12,Sunny,69.0,4
tup_holmes,2026-03-03,12:00,2026-03-01,2,22,Tuesday,False,12,Sunny,69.0,4
tup_holmes,2026-03-03,12:00,2026-03-02,1,23,Tuesday,False,12,Sunny,69.0,4
tup_holmes,2026-03-03,12:00,2026-03-03,0,23,Tuesday,False,12,Sunny,69.0,4
tup_holmes,2026-03-03,14:00,2026-02-17,14,18,Tuesday,False,14,Sunny,69.0,4
tup_holmes,2026-03-03,14:00,2026-02-21,10,18,Tuesday,False,14,Sunny,69.0,4
tup_holmes,2026-03-03,14:00,2026-02-24,7,20,Tuesday,False,14,Sunny,69.0,4
tup_holmes,2026-03-03,14:00,2026-02-26,5,20,Tuesday,False,14,Sunny,69.0,4
tup_holmes,2026-03-03,14:00,2026-02-28,3,21,Tuesday,False,14,Sunny,69.0,4
tup_holmes,2026-03-03,14:00,2026-03-01,2,23,Tuesday,False,14,Sunny,69.0,4
tup_holmes,2026-03-03,14:00,2026-03-02,1,21,Tuesday,False,14,Sunny,69.0,4
tup_holmes,2026-03-03,14:00,2026-03-03,0,23,Tuesday,False,14,Sunny,69.0,4
tup_holmes,2026-03-03,16:00,2026-02-17,14,15,Tuesday,False,16,Sunny,69.0,4
tup_holmes,2026-03-03,16:00,2026-02-21,10,16,Tuesday,False,16,Sunny,69.0,4
tup_holmes,2026-03-03,16:00,2026-02-24,7,16,Tuesday,False,16,Sunny,69.0,4
tup_holmes,2026-03-03,16:00,2026-02-26,5,17,Tuesday,False,16,Sunny,69.0,4
tup_holmes,2026-03-03,16:00,2026-02-28,3,18,Tuesday,False,16,Sunny,69.0,4
tup_holmes,2026-03-03,16:00,2026-03-01,2,18,Tuesday,False,16,Sunny,69.0,4
tup_holmes,2026-03-03,16:00,2026-03-02,1,18,Tuesday,False,16,Sunny,69.0,4
tup_holmes,2026-03-03,16:00,2026-03-03,0,19,Tuesday,False,16,Sunny,69.0,4
tup_holmes,2026-03-04,07:00,2026-02-18,14,22,Wednesday,False,7,Sunny,60.0,0
tup_holmes,2026-03-04,07:00,2026-02-22,10,24,Wednesday,False,7,Sunny,60.0,0
tup_holmes,2026-03-04,07:00,2026-02-25,7,24,Wednesday,False,7,Sunny,60.0,0
tup_holmes,2026-03-04,07:00,2026-02-27,5,25,Wednesday,False,7,Sunny,60.0,0
tup_holmes,2026-03-04,07:00,2026-03-01,3,25,Wednesday,False,7,Sunny,60.0,0
tup_holmes,2026-03-04,07:00,2026-03-02,2,27,Wednesday,False,7,Sunny,60.0,0
tup_holmes,2026-03-04,07:00,2026-03-03,1,28,Wednesday,False,7,Sunny,60.0,0
tup_holmes,2026-03-04,07:00,2026-03-04,0,29,Wednesday,False,7,Sunny,60.0,0
tup_holmes,2026-03-04,08:00,2026-02-18,14,24,Wednesday,False,8,Sunny,60.0,0
tup_holmes,2026-03-04,08:00,2026-02-22,10,24,Wednesday,False,8,Sunny,60.0,0
tup_holmes,2026-03-04,08:00,2026-02-25,7,25,Wednesday,False,8,Sunny,60.0,0
tup_holmes,2026-03-04,08:00,2026-02-27,5,26,Wednesday,False,8,Sunny,60.0,0
tup_holmes,2026-03-04,08:00,2026-03-01,3,26,Wednesday,False,8,Sunny,60.0,0
tup_holmes,2026-03-04,08:00,2026-03-02,2,26,Wednesday,False,8,Sunny,60.0,0
tup_holmes,2026-03-04,08:00,2026-03-03,1,28,Wednesday,False,8,Sunny,60.0,0
tup_holmes,2026-03-04,08:00,2026-03-04,0,29,Wednesday,False,8,Sunny,60.0,0
tup_holmes,2026-03-04,09:00,2026-02-18,14,23,Wednesday,False,9,Sunny,60.0,0
tup_holmes,2026-03-04,09:00,2026-02-22,10,25,Wednesday,False,9,Sunny,60.0,0
tup_holmes,2026-03-04,09:00,2026-02-25,7,25,Wednesday,False,9,Sunny,60.0,0
tup_holmes,2026-03-04,09:00,2026-02-27,5,26,Wednesday,False,9,Sunny,60.0,0
tup_holmes,2026-03-04,09:00,2026-03-01,3,26,Wednesday,False,9,Sunny,60.0,0
tup_holmes,2026-03-04,09:00,2026-03-02,2,28,Wednesday,False,9,Sunny,60.0,0
tup_holmes,2026-03-04,09:00,2026-03-03,1,26,Wednesday,False,9,Sunny,60.0,0
tup_holmes,2026-03-04,09:00,2026-03-04,0,28,Wednesday,False,9,Sunny,60.0,0
tup_holmes,2026-03-04,10:00,2026-02-18,14,22,Wednesday,False,10,Sunny,60.0,0
tup_holmes,2026-03-04,10:00,2026-02-22,10,22,Wednesday,False,10,Sunny,60.0,0
tup_holmes,2026-03-04,10:00,2026-02-25,7,24,Wednesday,False,10,Sunny,60.0,0
tup_holmes,2026-03-04,10:00,2026-02-27,5,25,Wednesday,False,10,Sunny,60.0,0
tup_holmes,2026-03-04,10:00,2026-03-01,3,25,Wednesday,False,10,Sunny,60.0,0
tup_holmes,2026-03-04,10:00,2026-03-02,2,26,Wednesday,False,10,Sunny,60.0,0
tup_holmes,2026-03-04,10:00,2026-03-03,1,27,Wednesday,False,10,Sunny,60.0,0
tup_holmes,2026-03-04,10:00,2026-03-04,0,27,Wednesday,False,10,Sunny,60.0,0
tup_holmes,2026-03-04,12:00,2026-02-18,14,19,Wednesday,False,12,Sunny,60.0,0
tup_holmes,2026-03-04,12:00,2026-02-22,10,20,Wednesday,False,12,Sunny,60.0,0
tup_holmes,2026-03-04,12:00,2026-02-25,7,20,Wednesday,False,12,Sunny,60.0,0
tup_holmes,2026-03-04,12:00,2026-02-27,5,22,Wednesday,False,12,Sunny,60.0,0
tup_holmes,2026-03-04,12:00,2026-03-01,3,23,Wednesday,False,12,Sunny,60.0,0
tup_holmes,2026-03-04,12:00,2026-03-02,2,25,Wednesday,False,12,Sunny,60.0,0
tup_holmes,2026-03-04,12:00,2026-03-03,1,23,Wednesday,False,12,Sunny,60.0,0
tup_holmes,2026-03-04,12:00,2026-03-04,0,23,Wednesday,False,12,Sunny,60.0,0
tup_holmes,2026-03-04,14:00,2026-02-18,14,18,Wednesday,False,14,Sunny,60.0,0
tup_holmes,2026-03-04,14:00,2026-02-22,10,21,Wednesday,False,14,Sunny,60.0,0
tup_holmes,2026-03-04,14:00,2026-02-25,7,21,Wednesday,False,14,Sunny,60.0,0
tup_holmes,2026-03-04,14:00,2026-02-27,5,22,Wednesday,False,14,Sunny,60.0,0
tup_holmes,2026-03-04,14:00,2026-03-01,3,21,Wednesday,False,14,Sunny,60.0,0
tup_holmes,2026-03-04,14:00,2026-03-02,2,23,Wednesday,False,14,Sunny,60.0,0
tup_holmes,2026-03-04,14:00,2026-03-03,1,23,Wednesday,False,14,Sunny,60.0,0
tup_holmes,2026-03-04,14:00,2026-03-04,0,24,Wednesday,False,14,Sunny,60.0,0
tup_holmes,2026-03-04,16:00,2026-02-18,14,16,Wednesday,False,16,Sunny,60.0,0
tup_holmes,2026-03-04,16:00,2026-02-22,10,16,Wednesday,False,16,Sunny,60.0,0
tup_holmes,2026-03-04,16:00,2026-02-25,7,17,Wednesday,False,16,Sunny,60.0,0
tup_holmes,2026-03-04,16:00,2026-02-27,5,17,Wednesday,False,16,Sunny,60.0,0
tup_holmes,2026-03-04,16:00,2026-03-01,3,17,Wednesday,False,16,Sunny,60.0,0
tup_holmes,2026-03-04,16:00,2026-03-02,2,18,Wednesday,False,16,Sunny,60.0,0
tup_holmes,2026-03-04,16:00,2026-03-03,1,19,Wednesday,False,16,Sunny,60.0,0
tup_holmes,2026-03-04,16:00,2026-03-04,0,19,Wednesday,False,16,Sunny,60.0,0
tup_holmes,2026-03-05,07:00,2026-02-19,14,24,Thursday,False,7,Sunny,57.2,10
tup_holmes,2026-03-05,07:00,2026-02-23,10,25,Thursday,False,7,Sunny,57.2,10
tup_holmes,2026-03-05,07:00,2026-02-26,7,26,Thursday,False,7,Sunny,57.2,10
tup_holmes,2026-03-05,07:00,2026-02-28,5,27,Thursday,False,7,Sunny,57.2,10
tup_holmes,2026-03-05,07:00,2026-03-02,3,26,Thursday,False,7,Sunny,57.2,10
tup_holmes,2026-03-05,07:00,2026-03-03,2,29,Thursday,False,7,Sunny,57.2,10
tup_holmes,2026-03-05,07:00,2026-03-04,1,30,Thursday,False,7,Sunny,57.2,10
tup_holmes,2026-03-05,07:00,2026-03-05,0,29,Thursday,False,7,Sunny,57.2,10
tup_holmes,2026-03-05,08:00,2026-02-19,14,24,Thursday,False,8,Sunny,57.2,10
tup_holmes,2026-03-05,08:00,2026-02-23,10,25,Thursday,False,8,Sunny,57.2,10
tup_holmes,2026-03-05,08:00,2026-02-26,7,26,Thursday,False,8,Sunny,57.2,10
tup_holmes,2026-03-05,08:00,2026-02-28,5,27,Thursday,False,8,Sunny,57.2,10
tup_holmes,2026-03-05,08:00,2026-03-02,3,28,Thursday,False,8,Sunny,57.2,10
tup_holmes,2026-03-05,08:00,2026-03-03,2,29,Thursday,False,8,Sunny,57.2,10
tup_holmes,2026-03-05,08:00,2026-03-04,1,29,Thursday,False,8,Sunny,57.2,10
tup_holmes,2026-03-05,08:00,2026-03-05,0,30,Thursday,False,8,Sunny,57.2,10
tup_holmes,2026-03-05,09:00,2026-02-19,14,23,Thursday,False,9,Sunny,57.2,10
tup_holmes,2026-03-05,09:00,2026-02-23,10,24,Thursday,False,9,Sunny,57.2,10
tup_holmes,2026-03-05,09:00,2026-02-26,7,26,Thursday,False,9,Sunny,57.2,10
tup_holmes,2026-03-05,09:00,2026-02-28,5,28,Thursday,False,9,Sunny,57.2,10
tup_holmes,2026-03-05,09:00,2026-03-02,3,27,Thursday,False,9,Sunny,57.2,10
tup_holmes,2026-03-05,09:00,2026-03-03,2,29,Thursday,False,9,Sunny,57.2,10
tup_holmes,2026-03-05,09:00,2026-03-04,1,27,Thursday,False,9,Sunny,57.2,10
tup_holmes,2026-03-05,09:00,2026-03-05,0,30,Thursday,False,9,Sunny,57.2,10
tup_holmes,2026-03-05,10:00,2026-02-19,14,23,Thursday,False,10,Sunny,57.2,10
tup_holmes,2026-03-05,10:00,2026-02-23,10,22,Thursday,False,10,Sunny,57.2,10
tup_holmes,2026-03-05,10:00,2026-02-26,7,25,Thursday,False,10,Sunny,57.2,10
tup_holmes,2026-03-05,10:00,2026-02-28,5,24,Thursday,False,10,Sunny,57.2,10
tup_holmes,2026-03-05,10:00,2026-03-02,3,25,Thursday,False,10,Sunny,57.2,10
tup_holmes,2026-03-05,10:00,2026-03-03,2,28,Thursday,False,10,Sunny,57.2,10
tup_holmes,2026-03-05,10:00,2026-03-04,1,27,Thursday,False,10,Sunny,57.2,10
tup_holmes,2026-03-05,10:00,2026-03-05,0,28,Thursday,False,10,Sunny,57.2,10
tup_holmes,2026-03-05,12:00,2026-02-19,14,20,Thursday,False,12,Sunny,57.2,10
tup_holmes,2026-03-05,12:00,2026-02-23,10,21,Thursday,False,12,Sunny,57.2,10
tup_holmes,2026-03-05,12:00,2026-02-26,7,22,Thursday,False,12,Sunny,57.2,10
tup_holmes,2026-03-05,12:00,2026-02-28,5,22,Thursday,False,12,Sunny,57.2,10
tup_holmes,2026-03-05,12:00,2026-03-02,3,23,Thursday,False,12,Sunny,57.2,10
tup_holmes,2026-03-05,12:00,2026-03-03,2,23,Thursday,False,12,Sunny,57.2,10
tup_holmes,2026-03-05,12:00,2026-03-04,1,23,Thursday,False,12,Sunny,57.2,10
tup_holmes,2026-03-05,12:00,2026-03-05,0,25,Thursday,False,12,Sunny,57.2,10
tup_holmes,2026-03-05,14:00,2026-02-19,14,20,Thursday,False,14,Sunny,57.2,10
tup_holmes,2026-03-05,14:00,2026-02-23,10,21,Thursday,False,14,Sunny,57.2,10
tup_holmes,2026-03-05,14:00,2026-02-26,7,22,Thursday,False,14,Sunny,57.2,10
tup_holmes,2026-03-05,14:00,2026-02-28,5,22,Thursday,False,14,Sunny,57.2,10
tup_holmes,2026-03-05,14:00,2026-03-02,3,23,Thursday,False,14,Sunny,57.2,10
tup_holmes,2026-03-05,14:00,2026-03-03,2,24,Thursday,False,14,Sunny,57.2,10
tup_holmes,2026-03-05,14:00,2026-03-04,1,25,Thursday,False,14,Sunny,57.2,10
tup_holmes,2026-03-05,14:00,2026-03-05,0,24,Thursday,False,14,Sunny,57.2,10
tup_holmes,2026-03-05,16:00,2026-02-19,14,16,Thursday,False,16,Sunny,57.2,10
tup_holmes,2026-03-05,16:00,2026-02-23,10,17,Thursday,False,16,Sunny,57.2,10
tup_holmes,2026-03-05,16:00,2026-02-26,7,18,Thursday,False,16,Sunny,57.2,10
tup_holmes,2026-03-05,16:00,2026-02-28,5,18,Thursday,False,16,Sunny,57.2,10
tup_holmes,2026-03-05,16:00,2026-03-02,3,19,Thursday,False,16,Sunny,57.2,10
tup_holmes,2026-03-05,16:00,2026-03-03,2,19,Thursday,False,16,Sunny,57.2,10
tup_holmes,2026-03-05,16:00,2026-03-04,1,19,Thursday,False,16,Sunny,57.2,10
tup_holmes,2026-03-05,16:00,2026-03-05,0,19,Thursday,False,16,Sunny,57.2,10
tup_holmes,2026-03-06,07:00,2026-02-20,14,25,Friday,False,7,Overcast,61.1,54
tup_holmes,2026-03-06,07:00,2026-02-24,10,25,Friday,False,7,Overcast,61.1,54
tup_holmes,2026-03-06,07:00,2026-02-27,7,25,Friday,False,7,Overcast,61.1,54
tup_holmes,2026-03-06,07:00,2026-03-01,5,26,Friday,False,7,Overcast,61.1,54
tup_holmes,2026-03-06,07:00,2026-03-03,3,27,Friday,False,7,Overcast,61.1,54
tup_holmes,2026-03-06,07:00,2026-03-04,2,27,Friday,False,7,Overcast,61.1,54
tup_holmes,2026-03-06,07:00,2026-03-05,1,29,Friday,False,7,Overcast,61.1,54
tup_holmes,2026-03-06,07:00,2026-03-06,0,28,Friday,False,7,Overcast,61.1,54
tup_holmes,2026-03-06,08:00,2026-02-20,14,24,Friday,False,8,Overcast,61.1,54
tup_holmes,2026-03-06,08:00,2026-02-24,10,24,Friday,False,8,Overcast,61.1,54
tup_holmes,2026-03-06,08:00,2026-02-27,7,26,Friday,False,8,Overcast,61.1,54
tup_holmes,2026-03-06,08:00,2026-03-01,5,27,Friday,False,8,Overcast,61.1,54
tup_holmes,2026-03-06,08:00,2026-03-03,3,28,Friday,False,8,Overcast,61.1,54
tup_holmes,2026-03-06,08:00,2026-03-04,2,29,Friday,False,8,Overcast,61.1,54
tup_holmes,2026-03-06,08:00,2026-03-05,1,28,Friday,False,8,Overcast,61.1,54
tup_holmes,2026-03-06,08:00,2026-03-06,0,28,Friday,False,8,Overcast,61.1,54
tup_holmes,2026-03-06,09:00,2026-02-20,14,24,Friday,False,9,Overcast,61.1,54
tup_holmes,2026-03-06,09:00,2026-02-24,10,25,Friday,False,9,Overcast,61.1,54
tup_holmes,2026-03-06,09:00,2026-02-27,7,25,Friday,False,9,Overcast,61.1,54
tup_holmes,2026-03-06,09:00,2026-03-01,5,25,Friday,False,9,Overcast,61.1,54
tup_holmes,2026-03-06,09:00,2026-03-03,3,27,Friday,False,9,Overcast,61.1,54
tup_holmes,2026-03-06,09:00,2026-03-04,2,28,Friday,False,9,Overcast,61.1,54
tup_holmes,2026-03-06,09:00,2026-03-05,1,29,Friday,False,9,Overcast,61.1,54
tup_holmes,2026-03-06,09:00,2026-03-06,0,29,Friday,False,9,Overcast,61.1,54
tup_holmes,2026-03-06,10:00,2026-02-20,14,23,Friday,False,10,Overcast,61.1,54
tup_holmes,2026-03-06,10:00,2026-02-24,10,24,Friday,False,10,Overcast,61.1,54
tup_holmes,2026-03-06,10:00,2026-02-27,7,26,Friday,False,10,Overcast,61.1,54
tup_holmes,2026-03-06,10:00,2026-03-01,5,25,Friday,False,10,Overcast,61.1,54
tup_holmes,2026-03-06,10:00,2026-03-03,3,25,Friday,False,10,Overcast,61.1,54
tup_holmes,2026-03-06,10:00,2026-03-04,2,27,Friday,False,10,Overcast,61.1,54
tup_holmes,2026-03-06,10:00,2026-03-05,1,28,Friday,False,10,Overcast,61.1,54
tup_holmes,2026-03-06,10:00,2026-03-06,0,27,Friday,False,10,Overcast,61.1,54
tup_holmes,2026-03-06,12:00,2026-02-20,14,20,Friday,False,12,Overcast,61.1,54
tup_holmes,2026-03-06,12:00,2026-02-24,10,21,Friday,False,12,Overcast,61.1,54
tup_holmes,2026-03-06,12:00,2026-02-27,7,21,Friday,False,12,Overcast,61.1,54
tup_holmes,2026-03-06,12:00,2026-03-01,5,23,Friday,False,12,Overcast,61.1,54
tup_holmes,2026-03-06,12:00,2026-03-03,3,22,Friday,False,12,Overcast,61.1,54
tup_holmes,2026-03-06,12:00,2026-03-04,2,24,Friday,False,12,Overcast,61.1,54
tup_holmes,2026-03-06,12:00,2026-03-05,1,24,Friday,False,12,Overcast,61.1,54
tup_holmes,2026-03-06,12:00,2026-03-06,0,24,Friday,False,12,Overcast,61.1,54
tup_holmes,2026-03-06,14:00,2026-02-20,14,20,Friday,False,14,Overcast,61.1,54
tup_holmes,2026-03-06,14:00,2026-02-24,10,21,Friday,False,14,Overcast,61.1,54
tup_holmes,2026-03-06,14:00,2026-02-27,7,21,Friday,False,14,Overcast,61.1,54
tup_holmes,2026-03-06,14:00,2026-03-01,5,22,Friday,False,14,Overcast,61.1,54
tup_holmes,2026-03-06,14:00,2026-03-03,3,22,Friday,False,14,Overcast,61.1,54
tup_holmes,2026-03-06,14:00,2026-03-04,2,23,Friday,False,14,Overcast,61.1,54
tup_holmes,2026-03-06,14:00,2026-03-05,1,24,Friday,False,14,Overcast,61.1,54
tup_holmes,2026-03-06,14:00,2026-03-06,0,25,Friday,False,14,Overcast,61.1,54
tup_holmes,2026-03-06,16:00,2026-02-20,14,17,Friday,False,16,Overcast,61.1,54
tup_holmes,2026-03-06,16:00,2026-02-24,10,17,Friday,False,16,Overcast,61.1,54
tup_holmes,2026-03-06,16:00,2026-02-27,7,17,Friday,False,16,Overcast,61.1,54
tup_holmes,2026-03-06,16:00,2026-03-01,5,18,Friday,False,16,Overcast,61.1,54
tup_holmes,2026-03-06,16:00,2026-03-03,3,19,Friday,False,16,Overcast,61.1,54
tup_holmes,2026-03-06,16:00,2026-03-04,2,20,Friday,False,16,Overcast,61.1,54
tup_holmes,2026-03-06,16:00,2026-03-05,1,19,Friday,False,16,Overcast,61.1,54
tup_holmes,2026-03-06,16:00,2026-03-06,0,20,Friday,False,16,Overcast,61.1,54
tup_holmes,2026-03-07,07:00,2026-02-21,14,35,Saturday,True,7,Sunny,65.9,4
tup_holmes,2026-03-07,07:00,2026-02-25,10,35,Saturday,True,7,Sunny,65.9,4
tup_holmes,2026-03-07,07:00,2026-02-28,7,38,Saturday,True,7,Sunny,65.9,4
tup_holmes,2026-03-07,07:00,2026-03-02,5,38,Saturday,True,7,Sunny,65.9,4
tup_holmes,2026-03-07,07:00,2026-03-04,3,38,Saturday,True,7,Sunny,65.9,4
tup_holmes,2026-03-07,07:00,2026-03-05,2,39,Saturday,True,7,Sunny,65.9,4
tup_holmes,2026-03-07,07:00,2026-03-06,1,40,Saturday,True,7,Sunny,65.9,4
tup_holmes,2026-03-07,07:00,2026-03-07,0,42,Saturday,True,7,Sunny,65.9,4
tup_holmes,2026-03-07,08:00,2026-02-21,14,33,Saturday,True,8,Sunny,65.9,4
tup_holmes,2026-03-07,08:00,2026-02-25,10,36,Saturday,True,8,Sunny,65.9,4
tup_holmes,2026-03-07,08:00,2026-02-28,7,36,Saturday,True,8,Sunny,65.9,4
tup_holmes,2026-03-07,08:00,2026-03-02,5,37,Saturday,True,8,Sunny,65.9,4
tup_holmes,2026-03-07,08:00,2026-03-04,3,37,Saturday,True,8,Sunny,65.9,4
tup_holmes,2026-03-07,08:00,2026-03-05,2,41,Saturday,True,8,Sunny,65.9,4
tup_holmes,2026-03-07,08:00,2026-03-06,1,40,Saturday,True,8,Sunny,65.9,4
tup_holmes,2026-03-07,08:00,2026-03-07,0,43,Saturday,True,8,Sunny,65.9,4
tup_holmes,2026-03-07,09:00,2026-02-21,14,34,Saturday,True,9,Sunny,65.9,4
tup_holmes,2026-03-07,09:00,2026-02-25,10,35,Saturday,True,9,Sunny,65.9,4
tup_holmes,2026-03-07,09:00,2026-02-28,7,37,Saturday,True,9,Sunny,65.9,4
tup_holmes,2026-03-07,09:00,2026-03-02,5,38,Saturday,True,9,Sunny,65.9,4
tup_holmes,2026-03-07,09:00,2026-03-04,3,39,Saturday,True,9,Sunny,65.9,4
tup_holmes,2026-03-07,09:00,2026-03-05,2,39,Saturday,True,9,Sunny,65.9,4
tup_holmes,2026-03-07,09:00,2026-03-06,1,41,Saturday,True,9,Sunny,65.9,4
tup_holmes,2026-03-07,09:00,2026-03-07,0,42,Saturday,True,9,Sunny,65.9,4
tup_holmes,2026-03-07,10:00,2026-02-21,14,30,Saturday,True,10,Sunny,65.9,4
tup_holmes,2026-03-07,10:00,2026-02-25,10,33,Saturday,True,10,Sunny,65.9,4
tup_holmes,2026-03-07,10:00,2026-02-28,7,32,Saturday,True,10,Sunny,65.9,4
tup_holmes,2026-03-07,10:00,2026-03-02,5,33,Saturday,True,10,Sunny,65.9,4
tup_holmes,2026-03-07,10:00,2026-03-04,3,32,Saturday,True,10,Sunny,65.9,4
tup_holmes,2026-03-07,10:00,2026-03-05,2,37,Saturday,True,10,Sunny,65.9,4
tup_holmes,2026-03-07,10:00,2026-03-06,1,35,Saturday,True,10,Sunny,65.9,4
tup_holmes,2026-03-07,10:00,2026-03-07,0,37,Saturday,True,10,Sunny,65.9,4
tup_holmes,2026-03-07,12:00,2026-02-21,14,27,Saturday,True,12,Sunny,65.9,4
tup_holmes,2026-03-07,12:00,2026-02-25,10,28,Saturday,True,12,Sunny,65.9,4
tup_holmes,2026-03-07,12:00,2026-02-28,7,28,Saturday,True,12,Sunny,65.9,4
tup_holmes,2026-03-07,12:00,2026-03-02,5,28,Saturday,True,12,Sunny,65.9,4
tup_holmes,2026-03-07,12:00,2026-03-04,3,30,Saturday,True,12,Sunny,65.9,4
tup_holmes,2026-03-07,12:00,2026-03-05,2,32,Saturday,True,12,Sunny,65.9,4
tup_holmes,2026-03-07,12:00,2026-03-06,1,32,Saturday,True,12,Sunny,65.9,4
tup_holmes,2026-03-07,12:00,2026-03-07,0,34,Saturday,True,12,Sunny,65.9,4
tup_holmes,2026-03-07,14:00,2026-02-21,14,26,Saturday,True,14,Sunny,65.9,4
tup_holmes,2026-03-07,14:00,2026-02-25,10,27,Saturday,True,14,Sunny,65.9,4
tup_holmes,2026-03-07,14:00,2026-02-28,7,29,Saturday,True,14,Sunny,65.9,4
tup_holmes,2026-03-07,14:00,2026-03-02,5,29,Saturday,True,14,Sunny,65.9,4
tup_holmes,2026-03-07,14:00,2026-03-04,3,30,Saturday,True,14,Sunny,65.9,4
tup_holmes,2026-03-07,14:00,2026-03-05,2,31,Saturday,True,14,Sunny,65.9,4
tup_holmes,2026-03-07,14:00,2026-03-06,1,29,Saturday,True,14,Sunny,65.9,4
tup_holmes,2026-03-07,14:00,2026-03-07,0,32,Saturday,True,14,Sunny,65.9,4
tup_holmes,2026-03-07,16:00,2026-02-21,14,22,Saturday,True,16,Sunny,65.9,4
tup_holmes,2026-03-07,16:00,2026-02-25,10,23,Saturday,True,16,Sunny,65.9,4
tup_holmes,2026-03-07,16:00,2026-02-28,7,24,Saturday,True,16,Sunny,65.9,4
tup_holmes,2026-03-07,16:00,2026-03-02,5,25,Saturday,True,16,Sunny,65.9,4
tup_holmes,2026-03-07,16:00,2026-03-04,3,25,Saturday,True,16,Sunny,65.9,4
tup_holmes,2026-03-07,16:00,2026-03-05,2,27,Saturday,True,16,Sunny,65.9,4
tup_holmes,2026-03-07,16:00,2026-03-06,1,26,Saturday,True,16,Sunny,65.9,4
tup_holmes,2026-03-07,16:00,2026-03-07,0,27,Saturday,True,16,Sunny,65.9,4
tup_holmes,2026-03-08,07:00,2026-02-22,14,30,Sunday,True,7,Sunny,66.5,11
tup_holmes,2026-03-08,07:00,2026-02-26,10,33,Sunday,True,7,Sunny,66.5,11
tup_holmes,2026-03-08,07:00,2026-03-01,7,34,Sunday,True,7,Sunny,66.5,11
tup_holmes,2026-03-08,07:00,2026-03-03,5,36,Sunday,True,7,Sunny,66.5,11
tup_holmes,2026-03-08,07:00,2026-03-05,3,35,Sunday,True,7,Sunny,66.5,11
tup_holmes,2026-03-08,07:00,2026-03-06,2,39,Sunday,True,7,Sunny,66.5,11
tup_holmes,2026-03-08,07:00,2026-03-07,1,37,Sunday,True,7,Sunny,66.5,11
tup_holmes,2026-03-08,07:00,2026-03-08,0,40,Sunday,True,7,Sunny,66.5,11
tup_holmes,2026-03-08,08:00,2026-02-22,14,31,Sunday,True,8,Sunny,66.5,11
tup_holmes,2026-03-08,08:00,2026-02-26,10,33,Sunday,True,8,Sunny,66.5,11
tup_holmes,2026-03-08,08:00,2026-03-01,7,34,Sunday,True,8,Sunny,66.5,11
tup_holmes,2026-03-08,08:00,2026-03-03,5,35,Sunday,True,8,Sunny,66.5,11
tup_holmes,2026-03-08,08:00,2026-03-05,3,37,Sunday,True,8,Sunny,66.5,11
tup_holmes,2026-03-08,08:00,2026-03-06,2,38,Sunday,True,8,Sunny,66.5,11
tup_holmes,2026-03-08,08:00,2026-03-07,1,38,Sunday,True,8,Sunny,66.5,11
tup_holmes,2026-03-08,08:00,2026-03-08,0,39,Sunday,True,8,Sunny,66.5,11
tup_holmes,2026-03-08,09:00,2026-02-22,14,32,Sunday,True,9,Sunny,66.5,11
tup_holmes,2026-03-08,09:00,2026-02-26,10,34,Sunday,True,9,Sunny,66.5,11
tup_holmes,2026-03-08,09:00,2026-03-01,7,34,Sunday,True,9,Sunny,66.5,11
tup_holmes,2026-03-08,09:00,2026-03-03,5,35,Sunday,True,9,Sunny,66.5,11
tup_holmes,2026-03-08,09:00,2026-03-05,3,37,Sunday,True,9,Sunny,66.5,11
tup_holmes,2026-03-08,09:00,2026-03-06,2,38,Sunday,True,9,Sunny,66.5,11
tup_holmes,2026-03-08,09:00,2026-03-07,1,37,Sunday,True,9,Sunny,66.5,11
tup_holmes,2026-03-08,09:00,2026-03-08,0,39,Sunday,True,9,Sunny,66.5,11
tup_holmes,2026-03-08,10:00,2026-02-22,14,29,Sunday,True,10,Sunny,66.5,11
tup_holmes,2026-03-08,10:00,2026-02-26,10,31,Sunday,True,10,Sunny,66.5,11
tup_holmes,2026-03-08,10:00,2026-03-01,7,32,Sunday,True,10,Sunny,66.5,11
tup_holmes,2026-03-08,10:00,2026-03-03,5,33,Sunday,True,10,Sunny,66.5,11
tup_holmes,2026-03-08,10:00,2026-03-05,3,33,Sunday,True,10,Sunny,66.5,11
tup_holmes,2026-03-08,10:00,2026-03-06,2,35,Sunday,True,10,Sunny,66.5,11
tup_holmes,2026-03-08,10:00,2026-03-07,1,34,Sunday,True,10,Sunny,66.5,11
tup_holmes,2026-03-08,10:00,2026-03-08,0,36,Sunday,True,10,Sunny,66.5,11
tup_holmes,2026-03-08,12:00,2026-02-22,14,24,Sunday,True,12,Sunny,66.5,11
tup_holmes,2026-03-08,12:00,2026-02-26,10,26,Sunday,True,12,Sunny,66.5,11
tup_holmes,2026-03-08,12:00,2026-03-01,7,27,Sunday,True,12,Sunny,66.5,11
tup_holmes,2026-03-08,12:00,2026-03-03,5,28,Sunday,True,12,Sunny,66.5,11
tup_holmes,2026-03-08,12:00,2026-03-05,3,29,Sunday,True,12,Sunny,66.5,11
tup_holmes,2026-03-08,12:00,2026-03-06,2,30,Sunday,True,12,Sunny,66.5,11
tup_holmes,2026-03-08,12:00,2026-03-07,1,29,Sunday,True,12,Sunny,66.5,11
tup_holmes,2026-03-08,12:00,2026-03-08,0,30,Sunday,True,12,Sunny,66.5,11
tup_holmes,2026-03-08,14:00,2026-02-22,14,25,Sunday,True,14,Sunny,66.5,11
tup_holmes,2026-03-08,14:00,2026-02-26,10,26,Sunday,True,14,Sunny,66.5,11
tup_holmes,2026-03-08,14:00,2026-03-01,7,27,Sunday,True,14,Sunny,66.5,11
tup_holmes,2026-03-08,14:00,2026-03-03,5,29,Sunday,True,14,Sunny,66.5,11
tup_holmes,2026-03-08,14:00,2026-03-05,3,29,Sunday,True,14,Sunny,66.5,11
tup_holmes,2026-03-08,14:00,2026-03-06,2,30,Sunday,True,14,Sunny,66.5,11
tup_holmes,2026-03-08,14:00,2026-03-07,1,28,Sunday,True,14,Sunny,66.5,11
tup_holmes,2026-03-08,14:00,2026-03-08,0,31,Sunday,True,14,Sunny,66.5,11
tup_holmes,2026-03-08,16:00,2026-02-22,14,22,Sunday,True,16,Sunny,66.5,11
tup_holmes,2026-03-08,16:00,2026-02-26,10,23,Sunday,True,16,Sunny,66.5,11
tup_holmes,2026-03-08,16:00,2026-03-01,7,22,Sunday,True,16,Sunny,66.5,11
tup_holmes,2026-03-08,16:00,2026-03-03,5,25,Sunday,True,16,Sunny,66.5,11
tup_holmes,2026-03-08,16:00,2026-03-05,3,24,Sunday,True,16,Sunny,66.5,11
tup_holmes,2026-03-08,16:00,2026-03-06,2,25,Sunday,True,16,Sunny,66.5,11
tup_holmes,2026-03-08,16:00,2026-03-07,1,25,Sunday,True,16,Sunny,66.5,11
tup_holmes,2026-03-08,16:00,2026-03-08,0,25,Sunday,True,16,Sunny,66.5,11
tup_holmes,2026-03-09,07:00,2026-02-23,14,19,Monday,False,7,Partly Cloudy,61.4,27
tup_holmes,2026-03-09,07:00,2026-02-27,10,22,Monday,False,7,Partly Cloudy,61.4,27
tup_holmes,2026-03-09,07:00,2026-03-02,7,22,Monday,False,7,Partly Cloudy,61.4,27
tup_holmes,2026-03-09,07:00,2026-03-04,5,23,Monday,False,7,Partly Cloudy,61.4,27
tup_holmes,2026-03-09,07:00,2026-03-06,3,23,Monday,False,7,Partly Cloudy,61.4,27
tup_holmes,2026-03-09,07:00,2026-03-07,2,24,Monday,False,7,Partly Cloudy,61.4,27
tup_holmes,2026-03-09,07:00,2026-03-08,1,25,Monday,False,7,Partly Cloudy,61.4,27
tup_holmes,2026-03-09,07:00,2026-03-09,0,26,Monday,False,7,Partly Cloudy,61.4,27
tup_holmes,2026-03-09,08:00,2026-02-23,14,21,Monday,False,8,Partly Cloudy,61.4,27
tup_holmes,2026-03-09,08:00,2026-02-27,10,21,Monday,False,8,Partly Cloudy,61.4,27
tup_holmes,2026-03-09,08:00,2026-03-02,7,22,Monday,False,8,Partly Cloudy,61.4,27
tup_holmes,2026-03-09,08:00,2026-03-04,5,23,Monday,False,8,Partly Cloudy,61.4,27
tup_holmes,2026-03-09,08:00,2026-03-06,3,23,Monday,False,8,Partly Cloudy,61.4,27
tup_holmes,2026-03-09,08:00,2026-03-07,2,25,Monday,False,8,Partly Cloudy,61.4,27
tup_holmes,2026-03-09,08:00,2026-03-08,1,25,Monday,False,8,Partly Cloudy,61.4,27
tup_holmes,2026-03-09,08:00,2026-03-09,0,25,Monday,False,8,Partly Cloudy,61.4,27
tup_holmes,2026-03-09,09:00,2026-02-23,14,20,Monday,False,9,Partly Cloudy,61.4,27
tup_holmes,2026-03-09,09:00,2026-02-27,10,21,Monday,False,9,Partly Cloudy,61.4,27
tup_holmes,2026-03-09,09:00,2026-03-02,7,22,Monday,False,9,Partly Cloudy,61.4,27
tup_holmes,2026-03-09,09:00,2026-03-04,5,22,Monday,False,9,Partly Cloudy,61.4,27
tup_holmes,2026-03-09,09:00,2026-03-06,3,23,Monday,False,9,Partly Cloudy,61.4,27
tup_holmes,2026-03-09,09:00,2026-03-07,2,23,Monday,False,9,Partly Cloudy,61.4,27
tup_holmes,2026-03-09,09:00,2026-03-08,1,24,Monday,False,9,Partly Cloudy,61.4,27
tup_holmes,2026-03-09,09:00,2026-03-09,0,26,Monday,False,9,Partly Cloudy,61.4,27
tup_holmes,2026-03-09,10:00,2026-02-23,14,20,Monday,False,10,Partly Cloudy,61.4,27
tup_holmes,2026-03-09,10:00,2026-02-27,10,21,Monday,False,10,Partly Cloudy,61.4,27
tup_holmes,2026-03-09,10:00,2026-03-02,7,21,Monday,False,10,Partly Cloudy,61.4,27
tup_holmes,2026-03-09,10:00,2026-03-04,5,22,Monday,False,10,Partly Cloudy,61.4,27
tup_holmes,2026-03-09,10:00,2026-03-06,3,22,Monday,False,10,Partly Cloudy,61.4,27
tup_holmes,2026-03-09,10:00,2026-03-07,2,24,Monday,False,10,Partly Cloudy,61.4,27
tup_holmes,2026-03-09,10:00,2026-03-08,1,24,Monday,False,10,Partly Cloudy,61.4,27
tup_holmes,2026-03-09,10:00,2026-03-09,0,24,Monday,False,10,Partly Cloudy,61.4,27
tup_holmes,2026-03-09,12:00,2026-02-23,14,17,Monday,False,12,Partly Cloudy,61.4,27
tup_holmes,2026-03-09,12:00,2026-02-27,10,16,Monday,False,12,Partly Cloudy,61.4,27
tup_holmes,2026-03-09,12:00,2026-03-02,7,18,Monday,False,12,Partly Cloudy,61.4,27
tup_holmes,2026-03-09,12:00,2026-03-04,5,18,Monday,False,12,Partly Cloudy,61.4,27
tup_holmes,2026-03-09,12:00,2026-03-06,3,19,Monday,False,12,Partly Cloudy,61.4,27
tup_holmes,2026-03-09,12:00,2026-03-07,2,21,Monday,False,12,Partly Cloudy,61.4,27
tup_holmes,2026-03-09,12:00,2026-03-08,1,20,Monday,False,12,Partly Cloudy,61.4,27
tup_holmes,2026-03-09,12:00,2026-03-09,0,20,Monday,False,12,Partly Cloudy,61.4,27
tup_holmes,2026-03-09,14:00,2026-02-23,14,17,Monday,False,14,Partly Cloudy,61.4,27
tup_holmes,2026-03-09,14:00,2026-02-27,10,19,Monday,False,14,Partly Cloudy,61.4,27
tup_holmes,2026-03-09,14:00,2026-03-02,7,18,Monday,False,14,Partly Cloudy,61.4,27
tup_holmes,2026-03-09,14:00,2026-03-04,5,20,Monday,False,14,Partly Cloudy,61.4,27
tup_holmes,2026-03-09,14:00,2026-03-06,3,20,Monday,False,14,Partly Cloudy,61.4,27
tup_holmes,2026-03-09,14:00,2026-03-07,2,19,Monday,False,14,Partly Cloudy,61.4,27
tup_holmes,2026-03-09,14:00,2026-03-08,1,21,Monday,False,14,Partly Cloudy,61.4,27
tup_holmes,2026-03-09,14:00,2026-03-09,0,21,Monday,False,14,Partly Cloudy,61.4,27
tup_holmes,2026-03-09,16:00,2026-02-23,14,15,Monday,False,16,Partly Cloudy,61.4,27
tup_holmes,2026-03-09,16:00,2026-02-27,10,15,Monday,False,16,Partly Cloudy,61.4,27
tup_holmes,2026-03-09,16:00,2026-03-02,7,15,Monday,False,16,Partly Cloudy,61.4,27
tup_holmes,2026-03-09,16:00,2026-03-04,5,16,Monday,False,16,Partly Cloudy,61.4,27
tup_holmes,2026-03-09,16:00,2026-03-06,3,16,Monday,False,16,Partly Cloudy,61.4,27
tup_holmes,2026-03-09,16:00,2026-03-07,2,17,Monday,False,16,Partly Cloudy,61.4,27
tup_holmes,2026-03-09,16:00,2026-03-08,1,17,Monday,False,16,Partly Cloudy,61.4,27
tup_holmes,2026-03-09,16:00,2026-03-09,0,17,Monday,False,16,Partly Cloudy,61.4,27
tup_holmes,2026-03-10,07:00,2026-02-24,14,19,Tuesday,False,7,Overcast,70.8,37
tup_holmes,2026-03-10,07:00,2026-02-28,10,20,Tuesday,False,7,Overcast,70.8,37
tup_holmes,2026-03-10,07:00,2026-03-03,7,20,Tuesday,False,7,Overcast,70.8,37
tup_holmes,2026-03-10,07:00,2026-03-05,5,22,Tuesday,False,7,Overcast,70.8,37
tup_holmes,2026-03-10,07:00,2026-03-07,3,21,Tuesday,False,7,Overcast,70.8,37
tup_holmes,2026-03-10,07:00,2026-03-08,2,24,Tuesday,False,7,Overcast,70.8,37
tup_holmes,2026-03-10,07:00,2026-03-09,1,24,Tuesday,False,7,Overcast,70.8,37
tup_holmes,2026-03-10,07:00,2026-03-10,0,23,Tuesday,False,7,Overcast,70.8,37
tup_holmes,2026-03-10,08:00,2026-02-24,14,19,Tuesday,False,8,Overcast,70.8,37
tup_holmes,2026-03-10,08:00,2026-02-28,10,20,Tuesday,False,8,Overcast,70.8,37
tup_holmes,2026-03-10,08:00,2026-03-03,7,21,Tuesday,False,8,Overcast,70.8,37
tup_holmes,2026-03-10,08:00,2026-03-05,5,22,Tuesday,False,8,Overcast,70.8,37
tup_holmes,2026-03-10,08:00,2026-03-07,3,23,Tuesday,False,8,Overcast,70.8,37
tup_holmes,2026-03-10,08:00,2026-03-08,2,23,Tuesday,False,8,Overcast,70.8,37
tup_holmes,2026-03-10,08:00,2026-03-09,1,24,Tuesday,False,8,Overcast,70.8,37
tup_holmes,2026-03-10,08:00,2026-03-10,0,25,Tuesday,False,8,Overcast,70.8,37
tup_holmes,2026-03-10,09:00,2026-02-24,14,19,Tuesday,False,9,Overcast,70.8,37
tup_holmes,2026-03-10,09:00,2026-02-28,10,20,Tuesday,False,9,Overcast,70.8,37
tup_holmes,2026-03-10,09:00,2026-03-03,7,22,Tuesday,False,9,Overcast,70.8,37
tup_holmes,2026-03-10,09:00,2026-03-05,5,22,Tuesday,False,9,Overcast,70.8,37
tup_holmes,2026-03-10,09:00,2026-03-07,3,23,Tuesday,False,9,Overcast,70.8,37
tup_holmes,2026-03-10,09:00,2026-03-08,2,25,Tuesday,False,9,Overcast,70.8,37
tup_holmes,2026-03-10,09:00,2026-03-09,1,24,Tuesday,False,9,Overcast,70.8,37
tup_holmes,2026-03-10,09:00,2026-03-10,0,24,Tuesday,False,9,Overcast,70.8,37
tup_holmes,2026-03-10,10:00,2026-02-24,14,19,Tuesday,False,10,Overcast,70.8,37
tup_holmes,2026-03-10,10:00,2026-02-28,10,20,Tuesday,False,10,Overcast,70.8,37
tup_holmes,2026-03-10,10:00,2026-03-03,7,20,Tuesday,False,10,Overcast,70.8,37
tup_holmes,2026-03-10,10:00,2026-03-05,5,21,Tuesday,False,10,Overcast,70.8,37
tup_holmes,2026-03-10,10:00,2026-03-07,3,21,Tuesday,False,10,Overcast,70.8,37
tup_holmes,2026-03-10,10:00,2026-03-08,2,22,Tuesday,False,10,Overcast,70.8,37
tup_holmes,2026-03-10,10:00,2026-03-09,1,23,Tuesday,False,10,Overcast,70.8,37
tup_holmes,2026-03-10,10:00,2026-03-10,0,22,Tuesday,False,10,Overcast,70.8,37
tup_holmes,2026-03-10,12:00,2026-02-24,14,17,Tuesday,False,12,Overcast,70.8,37
tup_holmes,2026-03-10,12:00,2026-02-28,10,17,Tuesday,False,12,Overcast,70.8,37
tup_holmes,2026-03-10,12:00,2026-03-03,7,17,Tuesday,False,12,Overcast,70.8,37
tup_holmes,2026-03-10,12:00,2026-03-05,5,19,Tuesday,False,12,Overcast,70.8,37
tup_holmes,2026-03-10,12:00,2026-03-07,3,18,Tuesday,False,12,Overcast,70.8,37
tup_holmes,2026-03-10,12:00,2026-03-08,2,19,Tuesday,False,12,Overcast,70.8,37
tup_holmes,2026-03-10,12:00,2026-03-09,1,20,Tuesday,False,12,Overcast,70.8,37
tup_holmes,2026-03-10,12:00,2026-03-10,0,20,Tuesday,False,12,Overcast,70.8,37
tup_holmes,2026-03-10,14:00,2026-02-24,14,17,Tuesday,False,14,Overcast,70.8,37
tup_holmes,2026-03-10,14:00,2026-02-28,10,17,Tuesday,False,14,Overcast,70.8,37
tup_holmes,2026-03-10,14:00,2026-03-03,7,17,Tuesday,False,14,Overcast,70.8,37
tup_holmes,2026-03-10,14:00,2026-03-05,5,19,Tuesday,False,14,Overcast,70.8,37
tup_holmes,2026-03-10,14:00,2026-03-07,3,19,Tuesday,False,14,Overcast,70.8,37
tup_holmes,2026-03-10,14:00,2026-03-08,2,20,Tuesday,False,14,Overcast,70.8,37
tup_holmes,2026-03-10,14:00,2026-03-09,1,20,Tuesday,False,14,Overcast,70.8,37
tup_holmes,2026-03-10,14:00,2026-03-10,0,20,Tuesday,False,14,Overcast,70.8,37
tup_holmes,2026-03-10,16:00,2026-02-24,14,15,Tuesday,False,16,Overcast,70.8,37
tup_holmes,2026-03-10,16:00,2026-02-28,10,15,Tuesday,False,16,Overcast,70.8,37
tup_holmes,2026-03-10,16:00,2026-03-03,7,15,Tuesday,False,16,Overcast,70.8,37
tup_holmes,2026-03-10,16:00,2026-03-05,5,15,Tuesday,False,16,Overcast,70.8,37
tup_holmes,2026-03-10,16:00,2026-03-07,3,15,Tuesday,False,16,Overcast,70.8,37
tup_holmes,2026-03-10,16:00,2026-03-08,2,16,Tuesday,False,16,Overcast,70.8,37
tup_holmes,2026-03-10,16:00,2026-03-09,1,15,Tuesday,False,16,Overcast,70.8,37
tup_holmes,2026-03-10,16:00,2026-03-10,0,17,Tuesday,False,16,Overcast,70.8,37
